deviceId,timestamp,accel_x,accel_y,accel_z,vibration_magnitude,status,time_diff
zRYzhAEAHAABAAAKCRtcAAsAtwB1gBAQ,2020-08-17 10:38:20,0.1,-9.400001,4.0,10.216164583639058,NORMAL,
zRYzhAEAHAABAAAKCRtcAAsAtwB1gBAQ,2020-08-17 10:38:25,0.3,-8.8,3.75,9.570397065952907,NORMAL,5.0
zRYzhAEAHAABAAAKCRtcAAsAtwB1gBAQ,2020-08-17 10:38:42,0.6,-7.4000006,5.0,8.95097809627531,NORMAL,17.0
zRYzhAEAHAABAAAKCRtcAAsAtwB1gBAQ,2020-08-17 10:38:52,-0.5,-8.8,3.25,9.394280174659473,NORMAL,10.0
zRYzhAEAHAABAAAKCRtcAAsAtwB1gBAQ,2020-08-17 10:38:57,-1.3000001,-10.400001,6.25,12.202971812636502,NORMAL,5.0
zRYzhAEAHAABAAAKCRtcAAsAtwB1gBAQ,2020-08-17 10:39:02,0.70000005,-9.2,3.5,9.868130525585887,NORMAL,5.0
zRYzhAEAHAABAAAKCRtcAAsAtwB1gBAQ,2020-08-17 10:39:08,3.1000001,-8.599999,3.0,9.621329607699812,NORMAL,6.0
zRYzhAEAHAABAAAKCRtcAAsAtwB1gBAQ,2020-08-17 10:39:37,1.3,-7.2000003,4.75,8.72310176026854,NORMAL,29.0
zRYzhAEAHAABAAAKCRtcAAsAtwB1gBAQ,2020-08-17 10:39:45,-2.7,-13.2,8.75,16.065257545399014,ABNORMAL,8.0
zRYzhAEAHAABAAAKCRtcAAsAtwB1gBAQ,2020-08-17 10:39:50,-4.6,-7.8,7.75,11.918997441060217,NORMAL,5.0
zRYzhAEAHAABAAAKCRtcAAsAtwB1gBAQ,2020-08-17 10:39:55,2.8,-4.3999996,0.75,5.269012856313805,NORMAL,5.0
zRYzhAEAHAABAAAKCRtcAAsAtwB1gBAQ,2020-08-17 10:40:00,-1.2999998,-12.6,2.75,12.961963565756541,NORMAL,5.0
zRYzhAEAHAABAAAKCRtcAAsAtwB1gBAQ,2020-08-17 10:40:05,-0.10000009,-8.799999,5.5,10.377860204203996,NORMAL,5.0
zRYzhAEAHAABAAAKCRtcAAsAtwB1gBAQ,2020-08-17 10:40:25,0.20000018,-8.8,3.5,9.472592046108607,NORMAL,20.0
zRYzhAEAHAABAAAKCRtcAAsAtwB1gBAQ,2020-08-17 10:40:32,1.6999999,-8.8,3.75,9.715580253386825,NORMAL,7.0
zRYzhAEAHAABAAAKCRtcAAsAtwB1gBAQ,2020-08-17 10:40:37,0.8000002,-7.7999997,3.25,8.487785084461088,NORMAL,5.0
zRYzhAEAHAABAAAKCRtcAAsAtwB1gBAQ,2020-08-17 11:00:08,0.7,-8.6,3.25,9.220222340052326,NORMAL,1171.0
zRYzhAEAHAABAAAKCRtcAAsAtwB1gBAQ,2020-08-17 11:00:13,0.7,-8.6,3.5,9.311283477587823,NORMAL,5.0
zRYzhAEAHAABAAAKCRtcAAsAtwB1gBAQ,2020-08-17 11:00:28,0.7,-9.0,3.75,9.77509590745789,NORMAL,15.0
zRYzhAEAHAABAAAKCRtcAAsAtwB1gBAQ,2020-08-17 11:00:35,0.49999997,-8.8,3.75,9.57875252681684,NORMAL,7.0
zRYzhAEAHAABAAAKCRtcAAsAtwB1gBAQ,2020-08-17 11:01:04,1.1,-8.600001,3.25,9.259185558136364,NORMAL,29.0
zRYzhAEAHAABAAAKCRtcAAsAtwB1gBAQ,2020-08-17 11:01:08,1.1,-8.600001,3.25,9.259185558136364,NORMAL,4.0
zRYzhAEAHAABAAAKCRtcAAsAtwB1gBAQ,2020-08-17 11:01:10,1.1,-8.6,3.25,9.25918462932887,NORMAL,2.0
zRYzhAEAHAABAAAKCRtcAAsAtwB1gBAQ,2020-08-17 11:01:47,0.8,-8.600001,3.5,9.3193356630181,NORMAL,37.0
zRYzhAEAHAABAAAKCRtcAAsAtwB1gBAQ,2020-08-17 11:02:08,0.39999995,-8.400001,3.75,9.20774221837259,NORMAL,21.0
zRYzhAEAHAABAAAKCRtcAAsAtwB1gBAQ,2020-08-17 11:02:53,0.99999994,-8.8,3.5,9.523129731343579,NORMAL,45.0
zRYzhAEAHAABAAAKCRtcAAsAtwB1gBAQ,2020-08-17 11:02:58,1.0,-8.800001,3.25,9.434114563646183,NORMAL,5.0
zRYzhAEAHAABAAAKCRtcAAsAtwB1gBAQ,2020-08-17 11:03:08,0.8999999,-8.800001,3.25,9.424039336717616,NORMAL,10.0
zRYzhAEAHAABAAAKCRtcAAsAtwB1gBAQ,2020-08-17 11:03:41,1.0999999,-8.8,3.25,9.445236883212619,NORMAL,33.0
zRYzhAEAHAABAAAKCRtcAAsAtwB1gBAQ,2020-08-17 11:03:51,0.59999996,-8.600001,3.75,9.401197644555772,NORMAL,10.0
zRYzhAEAHAABAAAKCRtcAAsAtwB1gBAQ,2020-08-17 11:04:08,0.6999999,-8.6,3.75,9.408108197719667,NORMAL,17.0
zRYzhAEAHAABAAAKCRtcAAsAtwB1gBAQ,2020-08-17 11:04:16,0.9,-9.000001,3.5,9.698454412946477,NORMAL,8.0
zRYzhAEAHAABAAAKCRtcAAsAtwB1gBAQ,2020-08-17 11:05:01,1.0,-8.8,3.25,9.434113630861143,NORMAL,45.0
zRYzhAEAHAABAAAKCRtcAAsAtwB1gBAQ,2020-08-17 11:05:08,1.0999999,-8.8,3.25,9.445236883212619,NORMAL,7.0
zRYzhAEAHAABAAAKCRtcAAsAtwB1gBAQ,2020-08-17 11:05:26,0.9,-8.400002,3.75,9.242972119399907,NORMAL,18.0
zRYzhAEAHAABAAAKCRtcAAsAtwB1gBAQ,2020-08-17 11:05:31,0.89999986,-7.8,4.25,8.928185691841318,NORMAL,5.0
zRYzhAEAHAABAAAKCRtcAAsAtwB1gBAQ,2020-08-17 11:05:42,1.4,-6.6000004,3.75,7.718970480575772,NORMAL,11.0
zRYzhAEAHAABAAAKCRtcAAsAtwB1gBAQ,2020-08-17 11:05:47,0.29999983,-9.000002,3.0,9.491577102779287,NORMAL,5.0
zRYzhAEAHAABAAAKCRtcAAsAtwB1gBAQ,2020-08-17 11:05:52,1.0,-8.6,4.0,9.53729521405309,NORMAL,5.0
zRYzhAEAHAABAAAKCRtcAAsAtwB1gBAQ,2020-08-17 11:05:57,0.19999984,-9.600002,3.5,10.220080153110544,NORMAL,5.0
zRYzhAEAHAABAAAKCRtcAAsAtwB1gBAQ,2020-08-17 11:06:08,0.89999986,-8.800002,3.5,9.513150632046358,NORMAL,11.0
zRYzhAEAHAABAAAKCRtcAAsAtwB1gBAQ,2020-08-17 11:06:12,1.3,-8.8,3.75,9.653626261669757,NORMAL,4.0
zRYzhAEAHAABAAAKCRtcAAsAtwB1gBAQ,2020-08-17 11:06:17,0.49999985,-9.000002,2.75,9.424040314536224,NORMAL,5.0
zRYzhAEAHAABAAAKCRtcAAsAtwB1gBAQ,2020-08-17 11:06:27,1.2999998,-8.0,3.25,8.732267716922108,NORMAL,10.0
zRYzhAEAHAABAAAKCRtcAAsAtwB1gBAQ,2020-08-17 11:06:32,-0.40000013,-7.600002,4.5,8.841381707855623,NORMAL,5.0
zRYzhAEAHAABAAAKCRtcAAsAtwB1gBAQ,2020-08-17 11:06:37,0.59999985,-9.2,3.5,9.861541452531648,NORMAL,5.0
zRYzhAEAHAABAAAKCRtcAAsAtwB1gBAQ,2020-08-17 11:06:47,1.5999999,-8.0,3.25,8.781941680516901,NORMAL,10.0
zRYzhAEAHAABAAAKCRtcAAsAtwB1gBAQ,2020-08-17 11:06:52,0.69999987,-9.600001,4.0,10.423531983833552,NORMAL,5.0
zRYzhAEAHAABAAAKCRtcAAsAtwB1gBAQ,2020-08-17 11:06:57,0.3999999,-9.6,3.5,10.225947384961454,NORMAL,5.0
zRYzhAEAHAABAAAKCRtcAAsAtwB1gBAQ,2020-08-17 11:07:02,1.2999998,-8.800001,0.25,8.899017759281135,NORMAL,5.0
zRYzhAEAHAABAAAKCRtcAAsAtwB1gBAQ,2020-08-17 11:07:08,0.7999999,-9.0,0.25,9.038943513486519,NORMAL,6.0
zRYzhAEAHAABAAAKCRtcAAsAtwB1gBAQ,2020-08-17 11:07:12,-0.2000002,-9.000001,5.0,10.297573407361611,NORMAL,4.0
zRYzhAEAHAABAAAKCRtcAAsAtwB1gBAQ,2020-08-17 11:07:22,1.5999998,-8.2,3.25,8.96451333648403,NORMAL,10.0
zRYzhAEAHAABAAAKCRtcAAsAtwB1gBAQ,2020-08-17 11:07:27,-1.1000001,-8.400001,3.75,9.264584017644884,NORMAL,5.0
zRYzhAEAHAABAAAKCRtcAAsAtwB1gBAQ,2020-08-17 11:07:32,0.19999976,-8.4,3.75,9.20122273961456,NORMAL,5.0
zRYzhAEAHAABAAAKCRtcAAsAtwB1gBAQ,2020-08-17 11:07:37,0.2999999,-9.000001,3.25,9.573532155897373,NORMAL,5.0
zRYzhAEAHAABAAAKCRtcAAsAtwB1gBAQ,2020-08-17 11:07:47,0.7999999,-9.0,3.5,9.689685229149605,NORMAL,10.0
zRYzhAEAHAABAAAKCRtcAAsAtwB1gBAQ,2020-08-17 11:08:08,0.5999998,-8.800001,3.75,9.58449358912619,NORMAL,21.0
zRYzhAEAHAABAAAKCRtcAAsAtwB1gBAQ,2020-08-17 11:08:18,0.7999998,-8.8,3.5,9.504209576813848,NORMAL,10.0
zRYzhAEAHAABAAAKCRtcAAsAtwB1gBAQ,2020-08-17 11:08:23,0.5999999,-8.600001,3.5,9.304300999000462,NORMAL,5.0
zRYzhAEAHAABAAAKCRtcAAsAtwB1gBAQ,2020-08-17 11:09:09,0.7999999,-8.800001,3.25,9.415015530523624,NORMAL,46.0
zRYzhAEAHAABAAAKCRtcAAsAtwB1gBAQ,2020-08-17 11:09:18,1.0999999,-8.600001,3.0,9.17442188805382,NORMAL,9.0
zRYzhAEAHAABAAAKCRtcAAsAtwB1gBAQ,2020-08-17 11:09:43,0.5999998,-8.800001,3.5,9.489468760684185,NORMAL,25.0
zRYzhAEAHAABAAAKCRtcAAsAtwB1gBAQ,2020-08-17 11:09:58,0.99999976,-8.600001,3.5,9.338630344970351,NORMAL,15.0
zRYzhAEAHAABAAAKCRtcAAsAtwB1gBAQ,2020-08-17 11:10:09,1.0999998,-8.599999,3.25,9.2591836767612,NORMAL,11.0
zRYzhAEAHAABAAAKCRtcAAsAtwB1gBAQ,2020-08-17 11:10:39,-0.50000024,-10.600001,5.25,11.839447683063643,NORMAL,30.0
zRYzhAEAHAABAAAKCRtcAAsAtwB1gBAQ,2020-08-17 11:10:44,3.3,-8.599999,-0.25,9.214796948386926,NORMAL,5.0
zRYzhAEAHAABAAAKCRtcAAsAtwB1gBAQ,2020-08-17 11:10:49,0.29999977,-8.400002,4.0,9.308599973250761,NORMAL,5.0
zRYzhAEAHAABAAAKCRtcAAsAtwB1gBAQ,2020-08-17 11:10:54,0.2999999,-8.4,3.0,8.924684865024648,NORMAL,5.0
zRYzhAEAHAABAAAKCRtcAAsAtwB1gBAQ,2020-08-17 11:11:09,0.5999999,-8.799999,3.5,9.489466912319205,NORMAL,15.0
zRYzhAEAHAABAAAKCRtcAAsAtwB1gBAQ,2020-08-17 11:11:39,0.5999998,-8.4,3.25,9.026765741947669,NORMAL,30.0
zRYzhAEAHAABAAAKCRtcAAsAtwB1gBAQ,2020-08-17 11:11:49,0.5999999,-7.6000023,9.0,11.794915635137256,NORMAL,10.0
zRYzhAEAHAABAAAKCRtcAAsAtwB1gBAQ,2020-08-17 11:11:54,0.3999998,-8.599999,5.25,10.083773234261123,NORMAL,5.0
zRYzhAEAHAABAAAKCRtcAAsAtwB1gBAQ,2020-08-17 11:11:59,0.4999999,-8.800002,3.25,9.394282042817535,NORMAL,5.0
zRYzhAEAHAABAAAKCRtcAAsAtwB1gBAQ,2020-08-17 11:12:04,0.8999998,-7.9999995,3.75,8.881018615001338,NORMAL,5.0
zRYzhAEAHAABAAAKCRtcAAsAtwB1gBAQ,2020-08-17 11:12:10,1.6999999,-7.9999995,3.75,8.997360260654247,NORMAL,6.0
zRYzhAEAHAABAAAKCRtcAAsAtwB1gBAQ,2020-08-17 11:12:19,1.0999998,-8.2,5.25,9.79859681587114,NORMAL,9.0
zRYzhAEAHAABAAAKCRtcAAsAtwB1gBAQ,2020-08-17 11:12:24,0.39999992,-8.600001,4.75,9.8327268413193,NORMAL,5.0
zRYzhAEAHAABAAAKCRtcAAsAtwB1gBAQ,2020-08-17 11:12:29,0.49999976,-9.0,4.5,10.074720827893945,NORMAL,5.0
zRYzhAEAHAABAAAKCRtcAAsAtwB1gBAQ,2020-08-17 11:12:34,0.5999999,-7.2000012,2.75,7.730622042242231,NORMAL,5.0
zRYzhAEAHAABAAAKCRtcAAsAtwB1gBAQ,2020-08-17 11:12:44,0.4999999,-8.6,4.25,9.605857582746061,NORMAL,10.0
zRYzhAEAHAABAAAKCRtcAAsAtwB1gBAQ,2020-08-17 11:12:50,1.3999997,-9.800001,2.5,10.210289847012234,NORMAL,6.0
zRYzhAEAHAABAAAKCRtcAAsAtwB1gBAQ,2020-08-17 11:12:55,0.2999999,-7.8,2.75,8.276019571025676,NORMAL,5.0
zRYzhAEAHAABAAAKCRtcAAsAtwB1gBAQ,2020-08-17 11:13:10,0.7999997,-8.600001,3.75,9.41607756552595,NORMAL,15.0
zRYzhAEAHAABAAAKCRtcAAsAtwB1gBAQ,2020-08-17 11:13:12,0.49999988,-8.400001,3.25,9.020671631314434,NORMAL,2.0
zRYzhAEAHAABAAAKCRtcAAsAtwB1gBAQ,2020-08-17 11:13:33,0.89999974,-8.800001,3.5,9.513149695658166,NORMAL,21.0
zRYzhAEAHAABAAAKCRtcAAsAtwB1gBAQ,2020-08-17 11:13:38,0.099999905,-8.6,4.0,9.485251708889965,NORMAL,5.0
zRYzhAEAHAABAAAKCRtcAAsAtwB1gBAQ,2020-08-17 11:14:10,0.7999997,-8.800001,3.5,9.504210494302043,NORMAL,32.0
zRYzhAEAHAABAAAKCRtcAAsAtwB1gBAQ,2020-08-17 11:15:10,0.6999997,-8.6,4.0,9.51052046840761,NORMAL,60.0
zRYzhAEAHAABAAAKCRtcAAsAtwB1gBAQ,2020-08-17 11:16:10,0.69999963,-8.600001,3.25,9.220223244694303,NORMAL,60.0
zRYzhAEAHAABAAAKCRtcAAsAtwB1gBAQ,2020-08-17 11:17:10,0.7,-8.800001,3.75,9.591272991631559,NORMAL,60.0
zRYzhAEAHAABAAAKCRtcAAsAtwB1gBAQ,2020-08-17 11:17:14,0.8999996,-8.8,3.5,9.513148757377873,NORMAL,4.0
zRYzhAEAHAABAAAKCRtcAAsAtwB1gBAQ,2020-08-17 11:18:10,0.5999996,-8.800001,3.75,9.584493576605974,NORMAL,56.0
zRYzhAEAHAABAAAKCRtcAAsAtwB1gBAQ,2020-08-17 11:19:04,0.8999996,-8.8,3.75,9.607939387818814,NORMAL,54.0
zRYzhAEAHAABAAAKCRtcAAsAtwB1gBAQ,2020-08-17 11:19:10,1.0,-8.8,3.75,9.617821998768745,NORMAL,6.0
zRYzhAEAHAABAAAKCRtcAAsAtwB1gBAQ,2020-08-17 11:19:44,-0.30000043,-8.0,4.75,9.308732473221056,NORMAL,34.0
zRYzhAEAHAABAAAKCRtcAAsAtwB1gBAQ,2020-08-17 11:19:49,4.3,6.6,-6.25,10.055471147589257,NORMAL,5.0
zRYzhAEAHAABAAAKCRtcAAsAtwB1gBAQ,2020-08-17 11:19:59,2.0000002,-6.8,3.0,7.696752613927515,NORMAL,10.0
zRYzhAEAHAABAAAKCRtcAAsAtwB1gBAQ,2020-08-17 11:20:04,2.9999998,-7.2000003,0.25,7.8040055817509595,NORMAL,5.0
zRYzhAEAHAABAAAKCRtcAAsAtwB1gBAQ,2020-08-17 11:20:10,0.8000002,-8.6,0.25,8.640746514046112,NORMAL,6.0
zRYzhAEAHAABAAAKCRtcAAsAtwB1gBAQ,2020-08-17 11:20:14,0.5999997,-9.0,3.25,9.587622209912116,NORMAL,4.0
zRYzhAEAHAABAAAKCRtcAAsAtwB1gBAQ,2020-08-17 11:20:20,0.6000002,-9.6,2.75,10.00412416156457,NORMAL,6.0
zRYzhAEAHAABAAAKCRtcAAsAtwB1gBAQ,2020-08-17 11:21:10,0.49999973,-9.200001,3.25,9.769980456991767,NORMAL,50.0
zRYzhAEAHAABAAAKCRtcAAsAtwB1gBAQ,2020-08-17 11:21:45,0.60000026,-9.000001,3.25,9.587623183667633,NORMAL,35.0
zRYzhAEAHAABAAAKCRtcAAsAtwB1gBAQ,2020-08-17 11:22:10,0.7000003,-9.000001,3.25,9.594400367923004,NORMAL,25.0
zRYzhAEAHAABAAAKCRtcAAsAtwB1gBAQ,2020-08-17 11:23:10,0.6000003,-8.800001,3.25,9.400133933088458,NORMAL,60.0
zRYzhAEAHAABAAAKCRtcAAsAtwB1gBAQ,2020-08-17 11:24:05,0.9000004,-8.6,3.5,9.328451142606696,NORMAL,55.0
zRYzhAEAHAABAAAKCRtcAAsAtwB1gBAQ,2020-08-17 11:24:10,1.6999997,-7.800001,0.25,7.987021633875865,NORMAL,5.0
zRYzhAEAHAABAAAKCRtcAAsAtwB1gBAQ,2020-08-17 11:24:11,1.6999997,-7.800001,0.25,7.987021633875865,NORMAL,1.0
zRYzhAEAHAABAAAKCRtcAAsAtwB1gBAQ,2020-08-17 11:24:15,-2.0999997,-7.8,6.0,10.062305836139155,NORMAL,4.0
zRYzhAEAHAABAAAKCRtcAAsAtwB1gBAQ,2020-08-17 11:24:20,0.9999997,-4.2000012,3.25,5.403934629508533,NORMAL,5.0
zRYzhAEAHAABAAAKCRtcAAsAtwB1gBAQ,2020-08-17 11:24:26,0.30000037,-8.6,5.25,10.080302585835414,NORMAL,6.0
zRYzhAEAHAABAAAKCRtcAAsAtwB1gBAQ,2020-08-17 11:24:31,0.8999997,-8.000001,3.0,8.59127554324741,NORMAL,5.0
zRYzhAEAHAABAAAKCRtcAAsAtwB1gBAQ,2020-08-17 11:24:41,-0.29999965,-11.400001,5.0,12.451908391487672,NORMAL,10.0
zRYzhAEAHAABAAAKCRtcAAsAtwB1gBAQ,2020-08-17 11:24:51,-0.39999965,-9.400001,3.0,9.875222454203303,NORMAL,10.0
zRYzhAEAHAABAAAKCRtcAAsAtwB1gBAQ,2020-08-17 11:25:01,0.50000036,-8.8,3.75,9.578752547174405,NORMAL,10.0
zRYzhAEAHAABAAAKCRtcAAsAtwB1gBAQ,2020-08-17 11:25:11,1.0000004,-8.8,3.75,9.617822040358211,NORMAL,10.0
zRYzhAEAHAABAAAKCRtcAAsAtwB1gBAQ,2020-08-17 11:28:15,1.0,-8.6,3.0,9.162968951164245,NORMAL,184.0
zRYzhAEAHAABAAAKCRtcAAsAtwB1gBAQ,2020-08-17 11:28:20,0.4,-8.8,4.0,9.67470929795826,NORMAL,5.0
zRYzhAEAHAABAAAKCRtcAAsAtwB1gBAQ,2020-08-17 11:28:27,2.0,-8.8,2.0,9.243376006633074,NORMAL,7.0
zRYzhAEAHAABAAAKCRtcAAsAtwB1gBAQ,2020-08-17 11:28:32,5.0,-12.2,-4.0,13.778243719719867,NORMAL,5.0
zRYzhAEAHAABAAAKCRtcAAsAtwB1gBAQ,2020-08-17 11:28:37,1.7,-7.0,3.75,8.121114455541186,NORMAL,5.0
zRYzhAEAHAABAAAKCRtcAAsAtwB1gBAQ,2020-08-17 11:28:42,1.5,-7.3999996,3.25,8.220249027857985,NORMAL,5.0
zRYzhAEAHAABAAAKCRtcAAsAtwB1gBAQ,2020-08-17 11:28:51,1.3,-8.4,2.5,8.860022573334675,NORMAL,9.0
zRYzhAEAHAABAAAKCRtcAAsAtwB1gBAQ,2020-08-17 11:29:21,1.0,-7.6000004,4.75,9.017899205469096,NORMAL,30.0
zRYzhAEAHAABAAAKCRtcAAsAtwB1gBAQ,2020-08-17 11:29:31,0.59999996,-13.200001,3.75,13.735447803111517,NORMAL,10.0
zRYzhAEAHAABAAAKCRtcAAsAtwB1gBAQ,2020-08-17 11:29:36,0.8,-10.6,3.5,11.191514642799696,NORMAL,5.0
zRYzhAEAHAABAAAKCRtcAAsAtwB1gBAQ,2020-08-17 11:29:41,-0.50000006,-9.800001,5.0,11.013174822003009,NORMAL,5.0
zRYzhAEAHAABAAAKCRtcAAsAtwB1gBAQ,2020-08-17 11:29:48,-0.7,-8.0,5.75,9.876866912133623,NORMAL,7.0
zRYzhAEAHAABAAAKCRtcAAsAtwB1gBAQ,2020-08-17 11:29:53,2.5,-8.400002,2.75,9.185452280644867,NORMAL,5.0
zRYzhAEAHAABAAAKCRtcAAsAtwB1gBAQ,2020-08-17 11:29:58,0.100000024,-9.4,5.5,10.891280916623169,NORMAL,5.0
zRYzhAEAHAABAAAKCRtcAAsAtwB1gBAQ,2020-08-17 11:30:03,0.79999995,-8.800001,3.0,9.331667456569646,NORMAL,5.0
zRYzhAEAHAABAAAKCRtcAAsAtwB1gBAQ,2020-08-17 11:30:13,0.6,-8.599999,3.5,9.304299156841475,NORMAL,10.0
zRYzhAEAHAABAAAKCRtcAAsAtwB1gBAQ,2020-08-17 11:30:16,0.6,-8.599999,3.5,9.304299156841475,NORMAL,3.0
zRYzhAEAHAABAAAKCRtcAAsANAB0gBAQ,2020-08-17 11:31:11,0.0,7.0,7.0,9.899494936611665,NORMAL,55.0
zRYzhAEAHAABAAAKCRtcAAsANAB0gBAQ,2020-08-17 11:44:55,0.0,6.5,7.0,9.5524865872714,NORMAL,824.0
zRYzhAEAHAABAAAKCRtcAAsANAB0gBAQ,2020-08-17 11:45:55,0.0,7.0,7.0,9.899494936611665,NORMAL,60.0
zRYzhAEAHAABAAAKCRtcAAsANAB0gBAQ,2020-08-17 11:46:57,0.0,6.5,7.0,9.5524865872714,NORMAL,62.0
zRYzhAEAHAABAAAKCRtcAAsANAB0gBAQ,2020-08-17 11:47:57,0.0,6.5,7.0,9.5524865872714,NORMAL,60.0
zRYzhAEAHAABAAAKCRtcAAsANAB0gBAQ,2020-08-17 11:48:59,0.0,6.5,7.0,9.5524865872714,NORMAL,62.0
zRYzhAEAHAABAAAKCRtcAAsANAB0gBAQ,2020-08-17 11:50:00,0.0,6.5,7.0,9.5524865872714,NORMAL,61.0
zRYzhAEAHAABAAAKCRtcAAsANAB0gBAQ,2020-08-17 11:51:00,0.0,7.0,7.0,9.899494936611665,NORMAL,60.0
zRYzhAEAHAABAAAKCRtcAAsANAB0gBAQ,2020-08-17 11:52:01,0.0,7.0,7.0,9.899494936611665,NORMAL,61.0
zRYzhAEAHAABAAAKCRtcAAsANAB0gBAQ,2020-08-17 11:53:01,0.0,7.0,7.0,9.899494936611665,NORMAL,60.0
zRYzhAEAHAABAAAKCRtcAAsANAB0gBAQ,2020-08-17 11:54:01,0.0,7.0,7.0,9.899494936611665,NORMAL,60.0
zRYzhAEAHAABAAAKCRtcAAsANAB0gBAQ,2020-08-17 12:02:37,0.5,-1.0,9.5,9.565563234854496,NORMAL,516.0
zRYzhAEAHAABAAAKCRtcAAsANAB0gBAQ,2020-08-17 12:03:32,0.5,-1.0,9.5,9.565563234854496,NORMAL,55.0
zRYzhAEAHAABAAAKCRtcAAsANAB0gBAQ,2020-08-17 12:04:21,1.0,-0.5,8.5,8.573214099741124,NORMAL,49.0
zRYzhAEAHAABAAAKCRtcAAsANAB0gBAQ,2020-08-17 12:04:32,1.0,-0.5,8.5,8.573214099741124,NORMAL,11.0
zRYzhAEAHAABAAAKCRtcAAsANAB0gBAQ,2020-08-17 12:04:52,0.5,-2.0,11.0,11.191514642799696,NORMAL,20.0
zRYzhAEAHAABAAAKCRtcAAsANAB0gBAQ,2020-08-17 12:05:32,0.5,-2.5,10.0,10.319883720275147,NORMAL,40.0
zRYzhAEAHAABAAAKCRtcAAsANAB0gBAQ,2020-08-17 12:06:32,1.0,-2.0,9.0,9.273618495495704,NORMAL,60.0
zRYzhAEAHAABAAAKCRtcAAsANAB0gBAQ,2020-08-17 12:07:32,1.0,-0.5,11.0,11.05667219374799,NORMAL,60.0
zRYzhAEAHAABAAAKCRtcAAsANAB0gBAQ,2020-08-17 12:08:32,0.5,0.0,11.0,11.01135777277262,NORMAL,60.0
zRYzhAEAHAABAAAKCRtcAAsANAB0gBAQ,2020-08-17 12:08:49,1.0,-1.5,9.0,9.17877987534291,NORMAL,17.0
zRYzhAEAHAABAAAKCRtcAAsANAB0gBAQ,2020-08-17 12:09:33,1.0,-0.5,9.5,9.565563234854496,NORMAL,44.0
zRYzhAEAHAABAAAKCRtcAAsANAB0gBAQ,2020-08-17 12:10:33,1.0,-1.5,10.5,10.653637876331258,NORMAL,60.0
zRYzhAEAHAABAAAKCRtcAAsANAB0gBAQ,2020-08-17 12:10:34,1.0,-1.5,9.0,9.17877987534291,NORMAL,1.0
zRYzhAEAHAABAAAKCRtcAAsANAB0gBAQ,2020-08-17 12:11:32,0.5,-2.0,11.0,11.191514642799696,NORMAL,58.0
zRYzhAEAHAABAAAKCRtcAAsANAB0gBAQ,2020-08-17 12:11:34,0.5,-2.0,11.0,11.191514642799696,NORMAL,2.0
zRYzhAEAHAABAAAKCRtcAAsANAB0gBAQ,2020-08-17 12:12:02,0.5,-2.0,11.0,11.191514642799696,NORMAL,28.0
zRYzhAEAHAABAAAKCRtcAAsANAB0gBAQ,2020-08-17 12:12:34,0.5,0.0,9.0,9.013878188659973,NORMAL,32.0
zRYzhAEAHAABAAAKCRtcAAsANAB0gBAQ,2020-08-17 12:13:34,1.0,-0.5,9.5,9.565563234854496,NORMAL,60.0
zRYzhAEAHAABAAAKCRtcAAsANAB0gBAQ,2020-08-17 12:13:57,1.0,-1.5,9.0,9.17877987534291,NORMAL,23.0
zRYzhAEAHAABAAAKCRtcAAsANAB0gBAQ,2020-08-17 12:14:34,0.5,-1.0,10.0,10.062305898749054,NORMAL,37.0
zRYzhAEAHAABAAAKCRtcAAsANAB0gBAQ,2020-08-17 12:15:11,0.5,-1.0,10.0,10.062305898749054,NORMAL,37.0
zRYzhAEAHAABAAAKCRtcAAsANAB0gBAQ,2020-08-17 12:15:34,1.0,-1.0,9.0,9.1104335791443,NORMAL,23.0
zRYzhAEAHAABAAAKCRtcAAsANAB0gBAQ,2020-08-17 12:23:34,1.5,-9.0,0.5,9.137833441248533,NORMAL,480.0
zRYzhAEAHAABAAAKCRtcAAsANAB0gBAQ,2020-08-17 12:24:29,1.5,-9.5,0.5,9.630680142129112,NORMAL,55.0
zRYzhAEAHAABAAAKCRtcAAsANAB0gBAQ,2020-08-17 12:24:59,4.0,-9.0,1.5,9.962429422585638,NORMAL,30.0
zRYzhAEAHAABAAAKCRtcAAsANAB0gBAQ,2020-08-17 12:25:29,4.0,-9.0,1.0,9.899494936611665,NORMAL,30.0
zRYzhAEAHAABAAAKCRtcAAsANAB0gBAQ,2020-08-17 12:26:29,4.0,-8.5,1.0,9.447221813845593,NORMAL,60.0
zRYzhAEAHAABAAAKCRtcAAsANAB0gBAQ,2020-08-17 12:27:29,4.0,-8.5,1.5,9.513148795220223,NORMAL,60.0
zRYzhAEAHAABAAAKCRtcAAsANAB0gBAQ,2020-08-17 12:28:29,4.0,-8.5,1.5,9.513148795220223,NORMAL,60.0
zRYzhAEAHAABAAAKCRtcAAsANAB0gBAQ,2020-08-17 12:29:29,4.5,-8.0,1.5,9.300537618869138,NORMAL,60.0
zRYzhAEAHAABAAAKCRtcAAsANAB0gBAQ,2020-08-17 12:30:29,5.5,-8.0,1.5,9.82344135219425,NORMAL,60.0
zRYzhAEAHAABAAAKCRtcAAsANAB0gBAQ,2020-08-17 12:31:29,5.5,-8.0,1.5,9.82344135219425,NORMAL,60.0
zRYzhAEAHAABAAAKCRtcAAsANAB0gBAQ,2020-08-17 12:32:29,5.5,-8.0,1.5,9.82344135219425,NORMAL,60.0
zRYzhAEAHAABAAAKCRtcAAsANAB0gBAQ,2020-08-17 12:33:00,7.0,-7.0,0.5,9.912113800799505,NORMAL,31.0
zRYzhAEAHAABAAAKCRtcAAsANAB0gBAQ,2020-08-17 12:33:30,7.0,-7.0,0.5,9.912113800799505,NORMAL,30.0
zRYzhAEAHAABAAAKCRtcAAsAtwB1gBAQ,2020-08-17 14:05:56,0.8,-8.2,3.0,8.76812408671319,NORMAL,5546.0
zRYzhAEAHAABAAAKCRtcAAsAtwB1gBAQ,2020-08-17 14:06:01,0.5,-8.8,3.75,9.578752528382807,NORMAL,5.0
zRYzhAEAHAABAAAKCRtcAAsAtwB1gBAQ,2020-08-17 14:06:11,0.6,-8.599999,3.5,9.304299156841475,NORMAL,10.0
zRYzhAEAHAABAAAKCRtcAAsAtwB1gBAQ,2020-08-17 14:06:18,0.29999998,-9.400001,4.5,10.425930116205508,NORMAL,7.0
zRYzhAEAHAABAAAKCRtcAAsAtwB1gBAQ,2020-08-17 14:06:24,1.0,-8.799999,3.0,9.35093484096649,NORMAL,6.0
zRYzhAEAHAABAAAKCRtcAAsAtwB1gBAQ,2020-08-17 14:06:57,1.0,-8.799999,3.0,9.35093484096649,NORMAL,33.0
zRYzhAEAHAABAAAKCRtcAAsAtwB1gBAQ,2020-08-17 14:07:06,0.6,-7.5999994,5.5,9.400531414765888,NORMAL,9.0
zRYzhAEAHAABAAAKCRtcAAsAtwB1gBAQ,2020-08-17 14:07:11,3.6000001,-6.000001,5.25,8.747714714141116,NORMAL,5.0
zRYzhAEAHAABAAAKCRtcAAsAtwB1gBAQ,2020-08-17 14:07:17,2.9,-8.4,0.75,8.918099573339603,NORMAL,6.0
zRYzhAEAHAABAAAKCRtcAAsAtwB1gBAQ,2020-08-17 14:07:22,1.3000001,-9.000001,1.25,9.178917052681161,NORMAL,5.0
zRYzhAEAHAABAAAKCRtcAAsAtwB1gBAQ,2020-08-17 14:07:27,2.6000001,-8.599999,6.25,10.944518414256564,NORMAL,5.0
zRYzhAEAHAABAAAKCRtcAAsAtwB1gBAQ,2020-08-17 14:07:32,3.0,-12.000001,2.5,12.619430415038588,NORMAL,5.0
zRYzhAEAHAABAAAKCRtcAAsAtwB1gBAQ,2020-08-17 14:07:37,-1.1999999,-9.2,5.75,10.915241626276535,NORMAL,5.0
zRYzhAEAHAABAAAKCRtcAAsAtwB1gBAQ,2020-08-17 14:07:42,-1.2,-4.600001,2.75,5.492040531532975,NORMAL,5.0
zRYzhAEAHAABAAAKCRtcAAsAtwB1gBAQ,2020-08-17 14:07:47,-0.6999999,-8.0,4.5,9.205433170687842,NORMAL,5.0
zRYzhAEAHAABAAAKCRtcAAsAtwB1gBAQ,2020-08-17 14:07:57,0.5000001,-8.600001,3.25,9.207199210400578,NORMAL,10.0
zRYzhAEAHAABAAAKCRtcAAsAtwB1gBAQ,2020-08-17 14:08:12,0.80000013,-8.200002,5.25,9.769469433290839,NORMAL,15.0
zRYzhAEAHAABAAAKCRtcAAsAtwB1gBAQ,2020-08-17 14:08:21,0.30000013,-8.800002,4.0,9.671092765453343,NORMAL,9.0
zRYzhAEAHAABAAAKCRtcAAsAtwB1gBAQ,2020-08-17 14:08:50,1.5999999,-8.2,3.25,8.96451335433218,NORMAL,29.0
zRYzhAEAHAABAAAKCRtcAAsAtwB1gBAQ,2020-08-17 14:08:58,0.70000017,-8.2,3.5,8.943153819430819,NORMAL,8.0
zRYzhAEAHAABAAAKCRtcAAsAtwB1gBAQ,2020-08-17 14:13:43,0.8,-8.8,3.25,9.415014604343426,NORMAL,285.0
zRYzhAEAHAABAAAKCRtcAAsAtwB1gBAQ,2020-08-17 14:13:48,0.6,-8.8,3.25,9.400132977782816,NORMAL,5.0
zRYzhAEAHAABAAAKCRtcAAsAtwB1gBAQ,2020-08-17 14:14:45,0.70000005,-8.8,3.25,9.40704523588571,NORMAL,57.0
zRYzhAEAHAABAAAKCRtcAAsAtwB1gBAQ,2020-08-17 14:15:45,0.7,-9.0,3.25,9.594399407987975,NORMAL,60.0
zRYzhAEAHAABAAAKCRtcAAsAtwB1gBAQ,2020-08-17 14:16:05,1.1,-8.6,4.5,9.768316129200569,NORMAL,20.0
zRYzhAEAHAABAAAKCRtcAAsAtwB1gBAQ,2020-08-17 14:16:10,0.7000001,-11.0,1.0,11.067520053742845,NORMAL,5.0
zRYzhAEAHAABAAAKCRtcAAsAtwB1gBAQ,2020-08-17 14:16:20,-2.7,-11.2,7.5,13.746999672655848,NORMAL,10.0
zRYzhAEAHAABAAAKCRtcAAsAtwB1gBAQ,2020-08-17 14:16:25,0.39999998,-9.2,5.25,10.600117923117647,NORMAL,5.0
zRYzhAEAHAABAAAKCRtcAAsAtwB1gBAQ,2020-08-17 14:16:30,0.3,-9.8,4.5,10.78795624759389,NORMAL,5.0
zRYzhAEAHAABAAAKCRtcAAsAtwB1gBAQ,2020-08-17 14:16:35,0.7,-9.4,3.5,10.054849576199537,NORMAL,5.0
zRYzhAEAHAABAAAKCRtcAAsAtwB1gBAQ,2020-08-17 14:16:40,0.20000002,-7.4,3.5,8.188406438862204,NORMAL,5.0
zRYzhAEAHAABAAAKCRtcAAsAtwB1gBAQ,2020-08-17 14:16:45,0.20000002,-7.4,3.5,8.188406438862204,NORMAL,5.0
zRYzhAEAHAABAAAKCRtcAAsAtwB1gBAQ,2020-08-17 14:16:47,0.8,-8.2,2.75,8.685764215082056,NORMAL,2.0
zRYzhAEAHAABAAAKCRtcAAsAtwB1gBAQ,2020-08-17 14:16:53,1.8000001,-7.8,2.25,8.315196952568233,NORMAL,6.0
zRYzhAEAHAABAAAKCRtcAAsAtwB1gBAQ,2020-08-17 14:16:58,1.9,-6.3999996,3.0,7.319152606688848,NORMAL,5.0
zRYzhAEAHAABAAAKCRtcAAsAtwB1gBAQ,2020-08-17 14:17:03,1.4000001,-9.0,3.75,9.850000014213197,NORMAL,5.0
zRYzhAEAHAABAAAKCRtcAAsAtwB1gBAQ,2020-08-17 14:17:08,0.39999995,-9.799999,3.25,10.332593109186146,NORMAL,5.0
zRYzhAEAHAABAAAKCRtcAAsAtwB1gBAQ,2020-08-17 14:17:13,1.2,-8.6,2.75,9.108375266753121,NORMAL,5.0
zRYzhAEAHAABAAAKCRtcAAsAtwB1gBAQ,2020-08-17 14:17:23,-1.1,-6.4000006,3.5,7.376991777140623,NORMAL,10.0
zRYzhAEAHAABAAAKCRtcAAsAtwB1gBAQ,2020-08-17 14:17:33,1.1,-9.000001,3.0,9.550393604454268,NORMAL,10.0
zRYzhAEAHAABAAAKCRtcAAsAtwB1gBAQ,2020-08-17 14:17:43,0.90000004,-9.600001,3.75,10.345652191718075,NORMAL,10.0
zRYzhAEAHAABAAAKCRtcAAsAtwB1gBAQ,2020-08-17 14:17:46,0.90000004,-9.600001,3.75,10.345652191718075,NORMAL,3.0
zRYzhAEAHAABAAAKCRtcAAsAtwB1gBAQ,2020-08-17 14:17:48,0.3,-8.799999,3.5,9.47522993916248,NORMAL,2.0
zRYzhAEAHAABAAAKCRtcAAsAtwB1gBAQ,2020-08-17 14:18:28,0.90000004,-8.800001,3.25,9.424039350087678,NORMAL,40.0
zRYzhAEAHAABAAAKCRtcAAsAtwB1gBAQ,2020-08-17 14:18:38,1.3000001,-8.2,2.75,8.745999100160027,NORMAL,10.0
zRYzhAEAHAABAAAKCRtcAAsAtwB1gBAQ,2020-08-17 14:18:46,1.5,-8.2,1.75,8.517775531205315,NORMAL,8.0
zRYzhAEAHAABAAAKCRtcAAsAtwB1gBAQ,2020-08-17 14:18:48,0.9000001,-9.000001,4.5,10.102475844069165,NORMAL,2.0
zRYzhAEAHAABAAAKCRtcAAsAtwB1gBAQ,2020-08-17 14:18:53,-1.1,-9.4,6.0,11.205802068571442,NORMAL,5.0
zRYzhAEAHAABAAAKCRtcAAsAtwB1gBAQ,2020-08-17 14:18:58,-0.5999999,-8.600001,5.25,10.093686991382336,NORMAL,5.0
zRYzhAEAHAABAAAKCRtcAAsAtwB1gBAQ,2020-08-17 14:19:03,0.4,-8.599999,1.0,8.6671784797592,NORMAL,5.0
zRYzhAEAHAABAAAKCRtcAAsAtwB1gBAQ,2020-08-17 14:19:08,0.4000001,-8.200002,4.0,9.132361845656577,NORMAL,5.0
zRYzhAEAHAABAAAKCRtcAAsAtwB1gBAQ,2020-08-17 14:19:13,0.5,-8.799999,3.5,9.483669247712143,NORMAL,5.0
zRYzhAEAHAABAAAKCRtcAAsAtwB1gBAQ,2020-08-17 14:19:18,1.1000001,-8.400002,4.5,9.592707324838177,NORMAL,5.0
zRYzhAEAHAABAAAKCRtcAAsAtwB1gBAQ,2020-08-17 14:19:23,0.19999999,-8.4,4.0,9.305912099090557,NORMAL,5.0
zRYzhAEAHAABAAAKCRtcAAsAtwB1gBAQ,2020-08-17 14:19:28,0.70000017,-9.400002,4.0,10.23963074715119,NORMAL,5.0
zRYzhAEAHAABAAAKCRtcAAsAtwB1gBAQ,2020-08-17 14:19:33,0.9,-7.5999994,3.5,8.415461418127967,NORMAL,5.0
zRYzhAEAHAABAAAKCRtcAAsAtwB1gBAQ,2020-08-17 14:19:38,1.4000002,-8.400002,1.75,8.69382160847599,NORMAL,5.0
zRYzhAEAHAABAAAKCRtcAAsAtwB1gBAQ,2020-08-17 14:19:44,1.5,-10.599999,4.0,11.428472286355731,NORMAL,6.0
zRYzhAEAHAABAAAKCRtcAAsAtwB1gBAQ,2020-08-17 14:19:46,1.5,-10.599999,4.0,11.428472286355731,NORMAL,2.0
zRYzhAEAHAABAAAKCRtcAAsAtwB1gBAQ,2020-08-17 14:19:49,0.6000002,-9.200002,3.25,9.775609292520034,NORMAL,3.0
zRYzhAEAHAABAAAKCRtcAAsAtwB1gBAQ,2020-08-17 14:19:59,1.937151e-07,-9.600001,5.0,10.824048189101944,NORMAL,10.0
zRYzhAEAHAABAAAKCRtcAAsAtwB1gBAQ,2020-08-17 14:20:04,1.0,-7.5999994,3.5,8.426742601978559,NORMAL,5.0
zRYzhAEAHAABAAAKCRtcAAsAtwB1gBAQ,2020-08-17 14:20:09,0.8000002,-7.0000014,3.0,7.6576771882864065,NORMAL,5.0
zRYzhAEAHAABAAAKCRtcAAsAtwB1gBAQ,2020-08-17 14:20:14,0.7,-7.3999996,-3.25,8.112490004924515,NORMAL,5.0
zRYzhAEAHAABAAAKCRtcAAsAtwB1gBAQ,2020-08-17 14:20:19,2.0000002,-7.4000015,-1.75,7.862729996636174,NORMAL,5.0
zRYzhAEAHAABAAAKCRtcAAsAtwB1gBAQ,2020-08-17 14:20:24,-0.70000005,-9.599999,3.75,10.330173322360134,NORMAL,5.0
zRYzhAEAHAABAAAKCRtcAAsAtwB1gBAQ,2020-08-17 14:20:29,1.7000003,-9.400002,5.5,11.022705594363122,NORMAL,5.0
zRYzhAEAHAABAAAKCRtcAAsAtwB1gBAQ,2020-08-17 14:20:34,0.7,-9.4,3.0,9.891915891272024,NORMAL,5.0
zRYzhAEAHAABAAAKCRtcAAsAtwB1gBAQ,2020-08-17 14:20:44,0.19999999,-8.600001,3.5,9.287088736304883,NORMAL,10.0
zRYzhAEAHAABAAAKCRtcAAsAtwB1gBAQ,2020-08-17 14:20:47,0.19999999,-8.600001,3.5,9.287088736304883,NORMAL,3.0
zRYzhAEAHAABAAAKCRtcAAsAtwB1gBAQ,2020-08-17 14:21:04,1.1,-8.8,3.0,9.362157870918436,NORMAL,17.0
zRYzhAEAHAABAAAKCRtcAAsAtwB1gBAQ,2020-08-17 14:21:47,1.1000003,-8.600001,3.25,9.259185593776651,NORMAL,43.0
zRYzhAEAHAABAAAKCRtcAAsAtwB1gBAQ,2020-08-17 14:21:49,0.9,-9.0,3.25,9.611061335773485,NORMAL,2.0
zRYzhAEAHAABAAAKCRtcAAsAtwB1gBAQ,2020-08-17 14:21:54,0.50000024,-8.800001,3.5,9.483671116187079,NORMAL,5.0
zRYzhAEAHAABAAAKCRtcAAsAtwB1gBAQ,2020-08-17 14:22:20,1.0,-8.800001,3.0,9.350936723131058,NORMAL,26.0
zRYzhAEAHAABAAAKCRtcAAsAtwB1gBAQ,2020-08-17 14:22:47,1.0000002,-8.6,3.25,9.24783760670569,NORMAL,27.0
zRYzhAEAHAABAAAKCRtcAAsAtwB1gBAQ,2020-08-17 14:23:48,0.9,-8.6,3.5,9.328451104015071,NORMAL,61.0
zRYzhAEAHAABAAAKCRtcAAsAtwB1gBAQ,2020-08-17 14:29:35,0.90000004,-8.8,3.0,9.340770849988775,NORMAL,347.0
zRYzhAEAHAABAAAKCRtcAAsAtwB1gBAQ,2020-08-17 14:29:40,1.0,-8.6,3.0,9.162968951164245,NORMAL,5.0
zRYzhAEAHAABAAAKCRtcAAsAtwB1gBAQ,2020-08-17 14:30:01,-0.40000004,-10.2,1.75,10.356761078252216,NORMAL,21.0
zRYzhAEAHAABAAAKCRtcAAsAtwB1gBAQ,2020-08-17 14:31:41,-0.6,-8.8,2.5,9.167878707749137,NORMAL,100.0
zRYzhAEAHAABAAAKCRtcAAsAtwB1gBAQ,2020-08-17 14:31:46,-1.6,-7.0,9.5,11.908400396358866,NORMAL,5.0
zRYzhAEAHAABAAAKCRtcAAsAtwB1gBAQ,2020-08-17 14:31:58,1.6,-8.6,3.75,9.517483911202582,NORMAL,12.0
zRYzhAEAHAABAAAKCRtcAAsAtwB1gBAQ,2020-08-17 14:32:29,-0.10000001,-9.4,4.0,10.216163663626382,NORMAL,31.0
zRYzhAEAHAABAAAKCRtcAAsAtwB1gBAQ,2020-08-17 14:32:34,1.2,-9.8,4.0,10.65269918846862,NORMAL,5.0
zRYzhAEAHAABAAAKCRtcAAsAtwB1gBAQ,2020-08-17 14:32:36,1.2,-9.8,4.0,10.65269918846862,NORMAL,2.0
zRYzhAEAHAABAAAKCRtcAAsAtwB1gBAQ,2020-08-17 14:32:46,0.50000006,-8.6,3.75,9.39534459506409,NORMAL,10.0
zRYzhAEAHAABAAAKCRtcAAsAtwB1gBAQ,2020-08-17 14:33:11,0.70000005,-9.400001,3.25,9.970582674548213,NORMAL,25.0
zRYzhAEAHAABAAAKCRtcAAsAtwB1gBAQ,2020-08-17 14:33:16,0.70000005,-8.799999,3.5,9.496314151817062,NORMAL,5.0
zRYzhAEAHAABAAAKCRtcAAsAtwB1gBAQ,2020-08-17 14:33:36,0.70000005,-8.599999,3.75,9.40810729477513,NORMAL,20.0
zRYzhAEAHAABAAAKCRtcAAsAtwB1gBAQ,2020-08-17 14:42:11,0.8,-8.6,3.25,9.228353049163214,NORMAL,515.0
zRYzhAEAHAABAAAKCRtcAAsAtwB1gBAQ,2020-08-17 14:42:34,1.6,-9.0,5.25,10.54146574248572,NORMAL,23.0
zRYzhAEAHAABAAAKCRtcAAsAtwB1gBAQ,2020-08-17 14:43:09,0.4,-8.6,6.0,10.493807697875923,NORMAL,35.0
zRYzhAEAHAABAAAKCRtcAAsAtwB1gBAQ,2020-08-17 14:43:11,0.4,-8.6,6.0,10.493807697875923,NORMAL,2.0
zRYzhAEAHAABAAAKCRtcAAsAtwB1gBAQ,2020-08-17 14:43:43,1.5,-7.6000004,4.5,8.958794901101383,NORMAL,32.0
zRYzhAEAHAABAAAKCRtcAAsAtwB1gBAQ,2020-08-17 14:44:17,0.49999997,-8.6,3.75,9.395344590274483,NORMAL,34.0
zRYzhAEAHAABAAAKCRtcAAsAtwB1gBAQ,2020-08-17 14:44:25,0.09999998,-9.0,3.25,9.569352119971342,NORMAL,8.0
zRYzhAEAHAABAAAKCRtcAAsAtwB1gBAQ,2020-08-17 14:44:35,1.0,-8.8,3.5,9.523129737644028,NORMAL,10.0
zRYzhAEAHAABAAAKCRtcAAsAtwB1gBAQ,2020-08-17 14:44:40,0.39999995,-9.2,3.25,9.765372494687542,NORMAL,5.0
zRYzhAEAHAABAAAKCRtcAAsAtwB1gBAQ,2020-08-17 14:44:45,0.9,-7.6000004,3.25,8.314595966130895,NORMAL,5.0
zRYzhAEAHAABAAAKCRtcAAsAtwB1gBAQ,2020-08-17 14:45:00,0.5999999,-10.0,3.25,10.531975117707029,NORMAL,15.0
zRYzhAEAHAABAAAKCRtcAAsAtwB1gBAQ,2020-08-17 14:45:05,1.8,-11.400001,4.5,12.387494613520564,NORMAL,5.0
zRYzhAEAHAABAAAKCRtcAAsAtwB1gBAQ,2020-08-17 14:45:10,-1.4000001,-8.0,6.75,10.560421406364426,NORMAL,5.0
zRYzhAEAHAABAAAKCRtcAAsAtwB1gBAQ,2020-08-17 14:45:12,-1.4000001,-8.0,6.75,10.560421406364426,NORMAL,2.0
zRYzhAEAHAABAAAKCRtcAAsAtwB1gBAQ,2020-08-17 14:45:17,-0.100000076,-6.6000004,5.75,8.753999388576638,NORMAL,5.0
zRYzhAEAHAABAAAKCRtcAAsAtwB1gBAQ,2020-08-17 14:45:22,2.5,-8.4,1.75,8.937141601205612,NORMAL,5.0
zRYzhAEAHAABAAAKCRtcAAsAtwB1gBAQ,2020-08-17 14:45:27,0.99999994,-9.6,3.5,10.266937220028181,NORMAL,5.0
zRYzhAEAHAABAAAKCRtcAAsAtwB1gBAQ,2020-08-17 14:45:32,0.39999998,-8.799999,3.25,9.389487865906265,NORMAL,5.0
zRYzhAEAHAABAAAKCRtcAAsAtwB1gBAQ,2020-08-17 14:46:07,1.1,-9.0,3.0,9.550392662084633,NORMAL,35.0
zRYzhAEAHAABAAAKCRtcAAsAtwB1gBAQ,2020-08-17 14:46:12,1.1,-9.0,3.0,9.550392662084633,NORMAL,5.0
zRYzhAEAHAABAAAKCRtcAAsAtwB1gBAQ,2020-08-17 14:46:15,1.1999999,-7.599999,4.25,8.789908108734755,NORMAL,3.0
zRYzhAEAHAABAAAKCRtcAAsAtwB1gBAQ,2020-08-17 14:46:20,-1.5,-9.2,5.25,10.698247520038036,NORMAL,5.0
zRYzhAEAHAABAAAKCRtcAAsAtwB1gBAQ,2020-08-17 14:46:35,3.2,-2.999999,1.25,4.560975115038559,NORMAL,15.0
zRYzhAEAHAABAAAKCRtcAAsAtwB1gBAQ,2020-08-17 14:46:40,0.6999999,-8.4,4.25,9.43994172969304,NORMAL,5.0
zRYzhAEAHAABAAAKCRtcAAsAtwB1gBAQ,2020-08-17 14:46:45,0.4,-7.399999,4.25,8.542978707687443,NORMAL,5.0
zRYzhAEAHAABAAAKCRtcAAsAtwB1gBAQ,2020-08-17 14:46:50,1.6999999,-8.799999,3.25,9.533754877276897,NORMAL,5.0
zRYzhAEAHAABAAAKCRtcAAsAtwB1gBAQ,2020-08-17 14:46:55,0.5,-8.799999,3.75,9.57875160968281,NORMAL,5.0
zRYzhAEAHAABAAAKCRtcAAsAtwB1gBAQ,2020-08-17 14:47:12,0.79999983,-7.799999,3.75,8.691517941533633,NORMAL,17.0
zRYzhAEAHAABAAAKCRtcAAsAtwB1gBAQ,2020-08-17 14:47:15,2.6000001,-8.4,2.25,9.07648062411858,NORMAL,3.0
zRYzhAEAHAABAAAKCRtcAAsAtwB1gBAQ,2020-08-17 14:47:30,0.2000001,-9.599999,4.75,10.712725182697492,NORMAL,15.0
zRYzhAEAHAABAAAKCRtcAAsAtwB1gBAQ,2020-08-17 14:47:35,-0.20000018,-10.2,4.25,11.051809809800385,NORMAL,5.0
zRYzhAEAHAABAAAKCRtcAAsAtwB1gBAQ,2020-08-17 14:47:40,0.60000014,-8.799999,3.25,9.400132050561897,NORMAL,5.0
zRYzhAEAHAABAAAKCRtcAAsAtwB1gBAQ,2020-08-17 14:47:45,0.09999982,-8.8,4.0,9.66695401685557,NORMAL,5.0
zRYzhAEAHAABAAAKCRtcAAsAtwB1gBAQ,2020-08-17 14:48:05,0.29999983,-6.9999995,3.5,7.831985246283364,NORMAL,20.0
zRYzhAEAHAABAAAKCRtcAAsAtwB1gBAQ,2020-08-17 14:48:10,2.6000001,-7.7999997,1.25,8.31639921119712,NORMAL,5.0
zRYzhAEAHAABAAAKCRtcAAsAtwB1gBAQ,2020-08-17 14:48:12,2.6000001,-7.7999997,1.25,8.31639921119712,NORMAL,2.0
zRYzhAEAHAABAAAKCRtcAAsAtwB1gBAQ,2020-08-17 14:48:16,1.9999999,-8.2,1.75,8.619889767276609,NORMAL,4.0
zRYzhAEAHAABAAAKCRtcAAsAtwB1gBAQ,2020-08-17 14:48:21,0.3000001,-9.599999,5.25,10.945888765194036,NORMAL,5.0
zRYzhAEAHAABAAAKCRtcAAsAtwB1gBAQ,2020-08-17 14:48:31,0.1000001,-8.599999,3.25,9.194154818144026,NORMAL,10.0
zRYzhAEAHAABAAAKCRtcAAsAtwB1gBAQ,2020-08-17 14:48:51,0.2999999,-9.599999,3.75,10.310794379678077,NORMAL,20.0
zRYzhAEAHAABAAAKCRtcAAsAtwB1gBAQ,2020-08-17 14:49:01,0.1999999,-8.999999,4.0,9.850887369166344,NORMAL,10.0
zRYzhAEAHAABAAAKCRtcAAsAtwB1gBAQ,2020-08-17 14:49:06,3.1000001,-3.5999994,-1.5,4.981967111493248,NORMAL,5.0
zRYzhAEAHAABAAAKCRtcAAsAtwB1gBAQ,2020-08-17 14:49:11,3.0,-6.799999,-0.75,7.470106183984335,NORMAL,5.0
zRYzhAEAHAABAAAKCRtcAAsAtwB1gBAQ,2020-08-17 14:49:12,3.0,-6.799999,-0.75,7.470106183984335,NORMAL,1.0
zRYzhAEAHAABAAAKCRtcAAsAtwB1gBAQ,2020-08-17 14:49:16,2.1000001,-8.2,3.0,8.980534528634696,NORMAL,4.0
zRYzhAEAHAABAAAKCRtcAAsAtwB1gBAQ,2020-08-17 14:49:21,0.19999996,-8.599999,3.0,9.110432634293556,NORMAL,5.0
zRYzhAEAHAABAAAKCRtcAAsAtwB1gBAQ,2020-08-17 14:49:26,1.7000002,-8.599999,2.5,9.115919233955566,NORMAL,5.0
zRYzhAEAHAABAAAKCRtcAAsAtwB1gBAQ,2020-08-17 14:49:31,1.0,-8.999999,2.75,9.463745664376289,NORMAL,5.0
zRYzhAEAHAABAAAKCRtcAAsAtwB1gBAQ,2020-08-17 14:50:12,0.90000015,-8.799999,3.5,9.513147884375655,NORMAL,41.0
zRYzhAEAHAABAAAKCRtcAAsAtwB1gBAQ,2020-08-17 14:50:25,0.8,-7.999999,3.25,8.671936577258911,NORMAL,13.0
zRYzhAEAHAABAAAKCRtcAAsAtwB1gBAQ,2020-08-17 14:50:30,-4.3,-9.999999,11.25,15.654152164841156,ABNORMAL,5.0
zRYzhAEAHAABAAAKCRtcAAsAtwB1gBAQ,2020-08-17 14:50:35,1.2,-8.999999,3.5,9.730877761024491,NORMAL,5.0
zRYzhAEAHAABAAAKCRtcAAsAtwB1gBAQ,2020-08-17 14:50:45,2.3,-8.999999,3.25,9.841365860489132,NORMAL,10.0
zRYzhAEAHAABAAAKCRtcAAsAtwB1gBAQ,2020-08-17 14:50:57,-0.40000013,-9.999999,3.75,10.687491759248333,NORMAL,12.0
zRYzhAEAHAABAAAKCRtcAAsAtwB1gBAQ,2020-08-17 14:51:02,0.49999994,-7.9999986,2.75,8.474224303144327,NORMAL,5.0
zRYzhAEAHAABAAAKCRtcAAsAtwB1gBAQ,2020-08-17 14:51:07,1.8999999,-9.199999,2.25,9.659838571114996,NORMAL,5.0
zRYzhAEAHAABAAAKCRtcAAsAtwB1gBAQ,2020-08-17 14:51:12,0.29999995,-10.799998,5.0,11.90503913349318,NORMAL,5.0
zRYzhAEAHAABAAAKCRtcAAsAtwB1gBAQ,2020-08-17 14:51:13,0.29999995,-10.799998,5.0,11.90503913349318,NORMAL,1.0
zRYzhAEAHAABAAAKCRtcAAsAtwB1gBAQ,2020-08-17 14:51:17,1.9999999,-8.799999,2.0,9.243375032962852,NORMAL,4.0
zRYzhAEAHAABAAAKCRtcAAsAtwB1gBAQ,2020-08-17 14:51:22,-0.10000005,-10.399999,3.0,10.824508266429518,NORMAL,5.0
zRYzhAEAHAABAAAKCRtcAAsAtwB1gBAQ,2020-08-17 14:51:32,0.59999996,-8.799998,3.75,9.584490844693004,NORMAL,10.0
zRYzhAEAHAABAAAKCRtcAAsAtwB1gBAQ,2020-08-17 14:51:37,0.79999983,-8.599999,3.5,9.31933380279948,NORMAL,5.0
zRYzhAEAHAABAAAKCRtcAAsAtwB1gBAQ,2020-08-17 14:54:11,0.7,-8.8,2.75,9.24621544200653,NORMAL,154.0
zRYzhAEAHAABAAAKCRtcAAsAtwB1gBAQ,2020-08-17 14:54:17,0.8,-8.6,3.5,9.31933474020544,NORMAL,6.0
zRYzhAEAHAABAAAKCRtcAAsAtwB1gBAQ,2020-08-17 15:21:41,0.7,-8.6,3.5,9.311283477587823,NORMAL,1644.0
zRYzhAEAHAABAAAKCRtcAAsAtwB1gBAQ,2020-08-17 15:21:46,0.90000004,-8.400001,3.5,9.14439811425558,NORMAL,5.0
zRYzhAEAHAABAAAKCRtcAAsAtwB1gBAQ,2020-08-17 15:22:27,0.29999998,-9.0,4.5,10.06677704074149,NORMAL,41.0
zRYzhAEAHAABAAAKCRtcAAsAtwB1gBAQ,2020-08-17 15:22:57,1.0,-9.000001,3.5,9.708244846520971,NORMAL,30.0
zRYzhAEAHAABAAAKCRtcAAsAtwB1gBAQ,2020-08-17 15:23:19,-1.0,-10.0,5.0,11.224972160321824,NORMAL,22.0
zRYzhAEAHAABAAAKCRtcAAsAtwB1gBAQ,2020-08-17 15:23:24,0.79999995,-9.400001,3.25,9.978101959791802,NORMAL,5.0
zRYzhAEAHAABAAAKCRtcAAsAtwB1gBAQ,2020-08-17 15:23:29,0.6,-8.6,3.0,9.12797896579522,NORMAL,5.0
zRYzhAEAHAABAAAKCRtcAAsAtwB1gBAQ,2020-08-17 15:23:34,-0.30000007,-9.200001,4.25,10.1386645295128,NORMAL,5.0
zRYzhAEAHAABAAAKCRtcAAsAtwB1gBAQ,2020-08-17 15:23:39,-0.6,-9.8,4.0,10.601886624558858,NORMAL,5.0
zRYzhAEAHAABAAAKCRtcAAsAtwB1gBAQ,2020-08-17 15:23:44,-0.10000007,-8.800001,5.25,10.24756154477742,NORMAL,5.0
zRYzhAEAHAABAAAKCRtcAAsAtwB1gBAQ,2020-08-17 15:23:49,1.0,-7.8,2.75,8.330816286535192,NORMAL,5.0
zRYzhAEAHAABAAAKCRtcAAsAtwB1gBAQ,2020-08-17 15:23:52,1.0,-7.8,2.75,8.330816286535192,NORMAL,3.0
zRYzhAEAHAABAAAKCRtcAAsAtwB1gBAQ,2020-08-17 15:23:56,0.79999995,-8.600001,3.0,9.143304496734263,NORMAL,4.0
zRYzhAEAHAABAAAKCRtcAAsAtwB1gBAQ,2020-08-17 15:24:22,1.4,-6.8000016,2.5,7.379025800199004,NORMAL,26.0
zRYzhAEAHAABAAAKCRtcAAsAtwB1gBAQ,2020-08-17 15:24:27,0.39999995,-9.000001,5.25,10.427009061087508,NORMAL,5.0
zRYzhAEAHAABAAAKCRtcAAsAtwB1gBAQ,2020-08-17 15:24:37,0.19999996,-8.000001,4.25,9.061043868341052,NORMAL,10.0
zRYzhAEAHAABAAAKCRtcAAsAtwB1gBAQ,2020-08-17 15:24:42,1.0999999,-8.200002,3.25,8.888899402063451,NORMAL,5.0
zRYzhAEAHAABAAAKCRtcAAsAtwB1gBAQ,2020-08-17 15:24:47,0.29999995,-10.200001,4.5,11.152579090506421,NORMAL,5.0
zRYzhAEAHAABAAAKCRtcAAsAtwB1gBAQ,2020-08-17 15:24:52,3.0,-7.000002,4.5,8.845904589130724,NORMAL,5.0
zRYzhAEAHAABAAAKCRtcAAsAtwB1gBAQ,2020-08-17 15:24:57,-0.50000006,-12.000001,9.75,15.469729282052771,ABNORMAL,5.0
zRYzhAEAHAABAAAKCRtcAAsAtwB1gBAQ,2020-08-17 15:25:02,0.19999996,-1.8000019,4.75,5.083552579053708,NORMAL,5.0
zRYzhAEAHAABAAAKCRtcAAsAtwB1gBAQ,2020-08-17 15:25:07,0.49999994,-8.000001,3.5,8.746428753497108,NORMAL,5.0
zRYzhAEAHAABAAAKCRtcAAsAtwB1gBAQ,2020-08-17 15:25:12,2.2,-8.000002,3.25,8.91080983973982,NORMAL,5.0
zRYzhAEAHAABAAAKCRtcAAsAtwB1gBAQ,2020-08-17 15:25:17,0.59999996,-8.600001,2.75,9.048895907899539,NORMAL,5.0
zRYzhAEAHAABAAAKCRtcAAsAtwB1gBAQ,2020-08-17 15:25:22,1.0,-8.800002,3.0,9.350937664213358,NORMAL,5.0
zRYzhAEAHAABAAAKCRtcAAsAtwB1gBAQ,2020-08-17 15:25:32,0.5,-8.800001,3.5,9.483671103533746,NORMAL,10.0
zRYzhAEAHAABAAAKCRtcAAsAtwB1gBAQ,2020-08-17 15:25:52,0.9,-8.800001,3.25,9.42403934626766,NORMAL,20.0
zRYzhAEAHAABAAAKCRtcAAsAtwB1gBAQ,2020-08-17 15:25:59,-3.0,-9.4000025,4.75,10.950915349869446,NORMAL,7.0
zRYzhAEAHAABAAAKCRtcAAsAtwB1gBAQ,2020-08-17 15:26:04,-0.90000004,-7.2000012,5.25,8.956144111837496,NORMAL,5.0
zRYzhAEAHAABAAAKCRtcAAsAtwB1gBAQ,2020-08-17 15:26:09,2.4,-8.4000025,4.25,9.715067781544617,NORMAL,5.0
zRYzhAEAHAABAAAKCRtcAAsAtwB1gBAQ,2020-08-17 15:26:14,1.5,-5.2000012,2.75,6.070627025275185,NORMAL,5.0
zRYzhAEAHAABAAAKCRtcAAsAtwB1gBAQ,2020-08-17 15:26:29,0.4000001,-7.4000025,4.0,8.421403510104849,NORMAL,15.0
zRYzhAEAHAABAAAKCRtcAAsAtwB1gBAQ,2020-08-17 15:26:52,1.8000001,-7.8000026,2.5,8.38630078878684,NORMAL,23.0
zRYzhAEAHAABAAAKCRtcAAsAtwB1gBAQ,2020-08-17 15:26:55,2.4,-8.400001,1.25,8.82510718348514,NORMAL,3.0
zRYzhAEAHAABAAAKCRtcAAsAtwB1gBAQ,2020-08-17 15:27:00,-0.39999998,-9.000003,3.25,9.577189252803192,NORMAL,5.0
zRYzhAEAHAABAAAKCRtcAAsAtwB1gBAQ,2020-08-17 15:27:05,0.8000001,-9.000001,2.0,9.254189222184783,NORMAL,5.0
zRYzhAEAHAABAAAKCRtcAAsAtwB1gBAQ,2020-08-17 15:27:10,0.70000005,-8.600003,5.25,10.100126319507543,NORMAL,5.0
zRYzhAEAHAABAAAKCRtcAAsAtwB1gBAQ,2020-08-17 15:27:15,0.20000006,-9.400001,4.0,10.217632740708632,NORMAL,5.0
zRYzhAEAHAABAAAKCRtcAAsAtwB1gBAQ,2020-08-17 15:27:20,-0.099999964,-8.800003,6.25,10.794098053696242,NORMAL,5.0
zRYzhAEAHAABAAAKCRtcAAsAtwB1gBAQ,2020-08-17 15:27:25,0.8000001,-8.400001,3.75,9.233770462817505,NORMAL,5.0
zRYzhAEAHAABAAAKCRtcAAsAtwB1gBAQ,2020-08-17 15:27:35,1.9000001,-8.200003,1.75,8.597240812028533,NORMAL,10.0
zRYzhAEAHAABAAAKCRtcAAsAtwB1gBAQ,2020-08-17 15:27:40,0.6,-8.200001,3.5,8.935883638454621,NORMAL,5.0
zRYzhAEAHAABAAAKCRtcAAsAtwB1gBAQ,2020-08-17 15:27:52,0.9000001,-6.8000026,4.5,8.20365988690455,NORMAL,12.0
zRYzhAEAHAABAAAKCRtcAAsAtwB1gBAQ,2020-08-17 15:28:00,1.0000001,-8.6,3.5,9.338629460472239,NORMAL,8.0
zRYzhAEAHAABAAAKCRtcAAsAtwB1gBAQ,2020-08-17 15:28:05,0.90000004,-8.800003,2.5,9.19239103128283,NORMAL,5.0
zRYzhAEAHAABAAAKCRtcAAsAtwB1gBAQ,2020-08-17 15:28:10,0.9000001,-10.400001,5.75,11.917739759702801,NORMAL,5.0
zRYzhAEAHAABAAAKCRtcAAsAtwB1gBAQ,2020-08-17 15:28:15,0.8,-8.400003,3.25,9.042264672083482,NORMAL,5.0
zRYzhAEAHAABAAAKCRtcAAsAtwB1gBAQ,2020-08-17 15:28:20,0.6000001,-9.200001,3.25,9.775608345264299,NORMAL,5.0
zRYzhAEAHAABAAAKCRtcAAsAtwB1gBAQ,2020-08-17 15:28:40,1.0000001,-8.800003,2.75,9.273756143009638,NORMAL,20.0
zRYzhAEAHAABAAAKCRtcAAsAtwB1gBAQ,2020-08-17 15:28:45,1.6,-9.200001,3.5,9.97246300569729,NORMAL,5.0
zRYzhAEAHAABAAAKCRtcAAsAtwB1gBAQ,2020-08-17 15:28:50,0.3000001,-9.200003,3.25,9.76179057652893,NORMAL,5.0
zRYzhAEAHAABAAAKCRtcAAsAtwB1gBAQ,2020-08-17 15:28:52,0.3000001,-9.200003,3.25,9.76179057652893,NORMAL,2.0
zRYzhAEAHAABAAAKCRtcAAsAtwB1gBAQ,2020-08-17 15:28:58,1.0,-9.800001,3.25,10.373163432627532,NORMAL,6.0
zRYzhAEAHAABAAAKCRtcAAsAtwB1gBAQ,2020-08-17 15:29:21,-0.5999999,-10.600002,4.75,11.631102367359855,NORMAL,23.0
zRYzhAEAHAABAAAKCRtcAAsAtwB1gBAQ,2020-08-17 15:29:27,1.0000001,-9.000002,3.0,9.539393911565034,NORMAL,6.0
zRYzhAEAHAABAAAKCRtcAAsAtwB1gBAQ,2020-08-17 15:29:59,0.89999986,-8.8,3.25,9.42403839911532,NORMAL,32.0
zRYzhAEAHAABAAAKCRtcAAsAtwB1gBAQ,2020-08-17 15:30:54,0.5999998,-9.0,3.25,9.587622216170182,NORMAL,55.0
zRYzhAEAHAABAAAKCRtcAAsAtwB1gBAQ,2020-08-17 15:31:54,0.7999998,-9.0,3.25,9.602213269866487,NORMAL,60.0
zRYzhAEAHAABAAAKCRtcAAsAtwB1gBAQ,2020-08-17 15:32:08,0.8999998,-8.8,3.0,9.340770826864347,NORMAL,14.0
zRYzhAEAHAABAAAKCRtcAAsAtwB1gBAQ,2020-08-17 15:32:54,0.9999998,-9.0,3.0,9.539391993203761,NORMAL,46.0
zRYzhAEAHAABAAAKCRtcAAsAtwB1gBAQ,2020-08-17 15:33:54,0.90000015,-8.6,3.25,9.23755921604836,NORMAL,60.0
zRYzhAEAHAABAAAKCRtcAAsAtwB1gBAQ,2020-08-17 15:36:03,0.7,-8.400001,3.75,9.225644519490277,NORMAL,129.0
zRYzhAEAHAABAAAKCRtcAAsAtwB1gBAQ,2020-08-17 15:36:09,-0.5,-11.6,4.25,12.364161920647918,NORMAL,6.0
zRYzhAEAHAABAAAKCRtcAAsAtwB1gBAQ,2020-08-17 15:36:16,0.59999996,-8.200001,3.5,8.935883635768821,NORMAL,7.0
zRYzhAEAHAABAAAKCRtcAAsAtwB1gBAQ,2020-08-17 15:36:21,0.4,-8.6,3.25,9.202309492730615,NORMAL,5.0
zRYzhAEAHAABAAAKCRtcAAsAtwB1gBAQ,2020-08-17 15:36:26,0.49999997,-8.000001,3.25,8.649422869186186,NORMAL,5.0
zRYzhAEAHAABAAAKCRtcAAsAtwB1gBAQ,2020-08-17 15:36:31,2.2,-5.6000004,3.0,6.723094858768554,NORMAL,5.0
zRYzhAEAHAABAAAKCRtcAAsAtwB1gBAQ,2020-08-17 15:36:37,1.9,-7.6000004,2.0,8.085171988275832,NORMAL,6.0
zRYzhAEAHAABAAAKCRtcAAsAtwB1gBAQ,2020-08-17 15:37:03,1.9,-7.6000004,2.0,8.085171988275832,NORMAL,26.0
zRYzhAEAHAABAAAKCRtcAAsAtwB1gBAQ,2020-08-17 15:37:05,2.3,-8.6,3.25,9.476945710512434,NORMAL,2.0
zRYzhAEAHAABAAAKCRtcAAsAtwB1gBAQ,2020-08-17 15:37:17,-0.20000005,-10.400001,0.75,10.428927117398079,NORMAL,12.0
zRYzhAEAHAABAAAKCRtcAAsAtwB1gBAQ,2020-08-17 15:37:22,1.0999999,-8.8,2.25,9.149453523571777,NORMAL,5.0
zRYzhAEAHAABAAAKCRtcAAsAtwB1gBAQ,2020-08-17 15:37:27,0.79999995,-8.8,3.5,9.50420958943983,NORMAL,5.0
zRYzhAEAHAABAAAKCRtcAAsAtwB1gBAQ,2020-08-17 15:42:58,0.6,-8.6,3.75,9.401196732331474,NORMAL,331.0
zRYzhAEAHAABAAAKCRtcAAsAtwB1gBAQ,2020-08-17 15:43:34,1.0,-8.8,3.5,9.523129737644028,NORMAL,36.0
zRYzhAEAHAABAAAKCRtcAAsAtwB1gBAQ,2020-08-17 15:44:59,0.8000001,-8.400001,3.5,9.135098081575315,NORMAL,85.0
zRYzhAEAHAABAAAKCRtcAAsAtwB1gBAQ,2020-08-17 15:45:59,0.7000001,-8.6,3.5,9.311283485105584,NORMAL,60.0
zRYzhAEAHAABAAAKCRtcAAsAtwB1gBAQ,2020-08-17 15:46:39,0.90000004,-8.6,3.75,9.425099472790725,NORMAL,40.0
zRYzhAEAHAABAAAKCRtcAAsAtwB1gBAQ,2020-08-17 15:46:49,0.3,-8.6,5.75,10.34951689693775,NORMAL,10.0
zRYzhAEAHAABAAAKCRtcAAsAtwB1gBAQ,2020-08-17 15:46:54,0.2000001,-8.0,4.75,9.3060464236968,NORMAL,5.0
zRYzhAEAHAABAAAKCRtcAAsAtwB1gBAQ,2020-08-17 15:46:59,3.5,-7.0000005,2.5,8.215838788583929,NORMAL,5.0
zRYzhAEAHAABAAAKCRtcAAsAtwB1gBAQ,2020-08-17 15:47:15,2.2,-9.0,0.75,9.295294508513434,NORMAL,16.0
zRYzhAEAHAABAAAKCRtcAAsAtwB1gBAQ,2020-08-17 15:47:20,0.29999992,-8.8,3.0,9.302150286466029,NORMAL,5.0
zRYzhAEAHAABAAAKCRtcAAsAtwB1gBAQ,2020-08-17 15:47:30,-8.195639e-08,-10.4,4.5,11.331813623599711,NORMAL,10.0
zRYzhAEAHAABAAAKCRtcAAsAtwB1gBAQ,2020-08-17 15:47:35,1.9000001,-8.400001,3.5,9.296236721383606,NORMAL,5.0
zRYzhAEAHAABAAAKCRtcAAsAtwB1gBAQ,2020-08-17 15:47:40,1.6999999,-8.4,4.75,9.798596820973911,NORMAL,5.0
zRYzhAEAHAABAAAKCRtcAAsAtwB1gBAQ,2020-08-17 15:47:45,0.20000008,-9.000001,6.5,11.103603830829025,NORMAL,5.0
zRYzhAEAHAABAAAKCRtcAAsAtwB1gBAQ,2020-08-17 15:47:50,-9.685755e-08,-8.799999,5.25,10.247071893960783,NORMAL,5.0
zRYzhAEAHAABAAAKCRtcAAsAtwB1gBAQ,2020-08-17 15:47:55,1.5000001,-8.800001,3.0,9.417537783306262,NORMAL,5.0
zRYzhAEAHAABAAAKCRtcAAsAtwB1gBAQ,2020-08-17 15:47:59,1.5000001,-8.800001,3.0,9.417537783306262,NORMAL,4.0
zRYzhAEAHAABAAAKCRtcAAsAtwB1gBAQ,2020-08-17 15:48:22,0.9999999,-8.600001,4.25,9.644818142401702,NORMAL,23.0
zRYzhAEAHAABAAAKCRtcAAsAtwB1gBAQ,2020-08-17 15:48:27,0.2000001,-9.799999,4.5,10.78563769278391,NORMAL,5.0
zRYzhAEAHAABAAAKCRtcAAsAtwB1gBAQ,2020-08-17 15:48:36,0.60000014,-9.4,3.75,10.138170454672776,NORMAL,9.0
zRYzhAEAHAABAAAKCRtcAAsAtwB1gBAQ,2020-08-17 15:49:07,0.2999999,-8.600001,3.0,9.113178212895928,NORMAL,31.0
zRYzhAEAHAABAAAKCRtcAAsAtwB1gBAQ,2020-08-17 15:49:22,0.5000002,-8.800001,3.5,9.48367111407819,NORMAL,15.0
zRYzhAEAHAABAAAKCRtcAAsAtwB1gBAQ,2020-08-17 15:49:46,0.70000017,-9.0,3.0,9.512623204878874,NORMAL,24.0
zRYzhAEAHAABAAAKCRtcAAsAtwB1gBAQ,2020-08-17 15:51:29,0.7999999,-9.000001,3.25,9.602214215481814,NORMAL,103.0
zRYzhAEAHAABAAAKCRtcAAsAtwB1gBAQ,2020-08-17 15:52:11,0.7999999,-9.0,3.25,9.602213278197897,NORMAL,42.0
zRYzhAEAHAABAAAKCRtcAAsAtwB1gBAQ,2020-08-17 15:52:19,1.3000002,-9.200001,3.25,9.843399764309131,NORMAL,8.0
zRYzhAEAHAABAAAKCRtcAAsAtwB1gBAQ,2020-08-17 15:52:33,0.6000002,-9.000001,3.25,9.58762317991279,NORMAL,14.0
zRYzhAEAHAABAAAKCRtcAAsAtwB1gBAQ,2020-08-17 15:52:48,0.7000002,-9.0,3.0,9.512623207086468,NORMAL,15.0
zRYzhAEAHAABAAAKCRtcAAsAtwB1gBAQ,2020-08-17 15:52:58,-1.4999998,-10.800001,5.75,12.326902327835693,NORMAL,10.0
zRYzhAEAHAABAAAKCRtcAAsAtwB1gBAQ,2020-08-17 15:53:03,0.59999996,-9.8,4.5,10.800462950818359,NORMAL,5.0
zRYzhAEAHAABAAAKCRtcAAsAtwB1gBAQ,2020-08-17 15:53:08,1.3000003,-8.800001,3.25,9.470613410967692,NORMAL,5.0
zRYzhAEAHAABAAAKCRtcAAsAtwB1gBAQ,2020-08-17 15:53:13,1.6999999,-8.0,4.0,9.10439452462381,NORMAL,5.0
zRYzhAEAHAABAAAKCRtcAAsAtwB1gBAQ,2020-08-17 15:53:19,1.6999999,-8.0,2.25,8.482481928067989,NORMAL,6.0
zRYzhAEAHAABAAAKCRtcAAsAtwB1gBAQ,2020-08-17 15:53:44,0.5000003,-8.4,3.5,9.113725928510254,NORMAL,25.0
zRYzhAEAHAABAAAKCRtcAAsAtwB1gBAQ,2020-08-17 15:53:49,1.3999999,-8.200001,3.5,9.024966266973026,NORMAL,5.0
zRYzhAEAHAABAAAKCRtcAAsAtwB1gBAQ,2020-08-17 15:53:54,-1.7999997,-7.7999997,5.0,9.43821986605526,NORMAL,5.0
zRYzhAEAHAABAAAKCRtcAAsAtwB1gBAQ,2020-08-17 15:53:59,-0.60000014,-8.800001,3.75,9.584493610410568,NORMAL,5.0
zRYzhAEAHAABAAAKCRtcAAsAtwB1gBAQ,2020-08-17 15:54:04,0.6000003,-8.4,4.75,9.668634875720569,NORMAL,5.0
zRYzhAEAHAABAAAKCRtcAAsAtwB1gBAQ,2020-08-17 15:54:19,0.90000033,-8.4,3.75,9.242970333934872,NORMAL,15.0
zRYzhAEAHAABAAAKCRtcAAsAtwB1gBAQ,2020-08-17 15:55:19,0.7999999,-8.600001,3.75,9.41607758251816,NORMAL,60.0
zRYzhAEAHAABAAAKCRtcAAsAtwB1gBAQ,2020-08-17 15:56:19,0.7999999,-8.400002,3.75,9.23377135519415,NORMAL,60.0
zRYzhAEAHAABAAAKCRtcAAsAtwB1gBAQ,2020-08-17 15:57:19,0.8999999,-8.599999,3.5,9.328450172456355,NORMAL,60.0
zRYzhAEAHAABAAAKCRtcAAsAtwB1gBAQ,2020-08-17 15:57:38,0.8000005,-8.800001,3.75,9.599089456818353,NORMAL,19.0
zRYzhAEAHAABAAAKCRtcAAsAtwB1gBAQ,2020-08-17 15:58:19,0.5999999,-8.600001,3.75,9.401197640726473,NORMAL,41.0
zRYzhAEAHAABAAAKCRtcAAsAtwB1gBAQ,2020-08-17 15:58:53,0.8999999,-8.599999,3.5,9.328450172456355,NORMAL,34.0
zRYzhAEAHAABAAAKCRtcAAsAtwB1gBAQ,2020-08-17 15:59:19,0.8999999,-8.400002,3.5,9.14439901907195,NORMAL,26.0
zRYzhAEAHAABAAAKCRtcAAsAtwB1gBAQ,2020-08-17 15:59:38,1.3000004,-8.4,3.5,9.192388211993668,NORMAL,19.0
zRYzhAEAHAABAAAKCRtcAAsAtwB1gBAQ,2020-08-17 15:59:43,0.49999988,-8.800001,4.25,9.78532153176384,NORMAL,5.0
zRYzhAEAHAABAAAKCRtcAAsAtwB1gBAQ,2020-08-17 16:04:53,1.0,-8.6,3.25,9.247837585079012,NORMAL,310.0
zRYzhAEAHAABAAAKCRtcAAsAtwB1gBAQ,2020-08-17 16:04:58,0.6,-8.6,3.75,9.401196732331474,NORMAL,5.0
zRYzhAEAHAABAAAKCRtcAAsAtwB1gBAQ,2020-08-17 16:05:30,-2.0,-10.0,5.75,11.707369473968095,NORMAL,32.0
zRYzhAEAHAABAAAKCRtcAAsAtwB1gBAQ,2020-08-17 16:06:00,0.80000013,-8.6,4.75,9.857104047741407,NORMAL,30.0
zRYzhAEAHAABAAAKCRtcAAsAtwB1gBAQ,2020-08-17 16:06:12,1.0000001,-9.0,2.5,9.394147124672894,NORMAL,12.0
zRYzhAEAHAABAAAKCRtcAAsAtwB1gBAQ,2020-08-17 16:06:17,0.6,-7.6000004,1.5,7.769813773830114,NORMAL,5.0
zRYzhAEAHAABAAAKCRtcAAsAtwB1gBAQ,2020-08-17 16:06:22,2.0000002,-8.4,3.25,9.226185604029437,NORMAL,5.0
zRYzhAEAHAABAAAKCRtcAAsAtwB1gBAQ,2020-08-17 16:06:27,0.70000005,-8.0,3.5,8.760136989225682,NORMAL,5.0
zRYzhAEAHAABAAAKCRtcAAsAtwB1gBAQ,2020-08-17 16:06:32,1.3000002,-8.599999,2.5,9.049860955837998,NORMAL,5.0
zRYzhAEAHAABAAAKCRtcAAsAtwB1gBAQ,2020-08-17 16:06:37,0.8000001,-9.6,3.25,10.166734980316937,NORMAL,5.0
zRYzhAEAHAABAAAKCRtcAAsAtwB1gBAQ,2020-08-17 16:06:42,2.7000003,-8.999999,0.5,9.409568726567711,NORMAL,5.0
zRYzhAEAHAABAAAKCRtcAAsAtwB1gBAQ,2020-08-17 16:06:47,1.6000001,-8.8,3.5,9.604686372807809,NORMAL,5.0
zRYzhAEAHAABAAAKCRtcAAsAtwB1gBAQ,2020-08-17 16:06:55,0.30000025,-8.8,3.75,9.570397073789575,NORMAL,8.0
zRYzhAEAHAABAAAKCRtcAAsAtwB1gBAQ,2020-08-17 16:07:04,2.5000002,-8.599999,2.0,9.176599795131148,NORMAL,9.0
zRYzhAEAHAABAAAKCRtcAAsAtwB1gBAQ,2020-08-17 16:07:09,2.0000002,-8.0,0.25,8.25000004848485,NORMAL,5.0
zRYzhAEAHAABAAAKCRtcAAsAtwB1gBAQ,2020-08-17 16:07:14,0.3000002,-8.999999,3.25,9.57353028511432,NORMAL,5.0
zRYzhAEAHAABAAAKCRtcAAsAtwB1gBAQ,2020-08-17 16:07:20,2.4000003,-8.6,1.0,8.984431058225116,NORMAL,6.0
zRYzhAEAHAABAAAKCRtcAAsAtwB1gBAQ,2020-08-17 16:07:25,1.7000002,-8.399999,3.75,9.354810734590039,NORMAL,5.0
zRYzhAEAHAABAAAKCRtcAAsAtwB1gBAQ,2020-08-17 16:07:30,1.6000004,-9.400001,2.75,9.923835955919523,NORMAL,5.0
zRYzhAEAHAABAAAKCRtcAAsAtwB1gBAQ,2020-08-17 16:07:35,0.70000017,-8.599998,4.0,9.510518694477396,NORMAL,5.0
zRYzhAEAHAABAAAKCRtcAAsAtwB1gBAQ,2020-08-17 16:07:40,0.6000004,-10.400001,4.5,11.347687926621932,NORMAL,5.0
zRYzhAEAHAABAAAKCRtcAAsAtwB1gBAQ,2020-08-17 16:07:50,0.90000015,-9.000001,3.5,9.698454426866222,NORMAL,10.0
zRYzhAEAHAABAAAKCRtcAAsAtwB1gBAQ,2020-08-17 16:07:55,0.90000015,-8.999998,3.5,9.698451642917234,NORMAL,5.0
zRYzhAEAHAABAAAKCRtcAAsAtwB1gBAQ,2020-08-17 16:08:15,-0.19999963,-8.400002,6.5,10.62308963776566,NORMAL,20.0
zRYzhAEAHAABAAAKCRtcAAsAtwB1gBAQ,2020-08-17 16:08:25,1.2000004,-8.399998,3.5,9.178778097328868,NORMAL,10.0
zRYzhAEAHAABAAAKCRtcAAsAtwB1gBAQ,2020-08-17 16:08:35,-0.69999963,-8.799997,5.25,10.270951595738786,NORMAL,10.0
zRYzhAEAHAABAAAKCRtcAAsAtwB1gBAQ,2020-08-17 16:08:40,-0.39999986,-8.200002,5.0,9.612493572845914,NORMAL,5.0
zRYzhAEAHAABAAAKCRtcAAsAtwB1gBAQ,2020-08-17 16:08:45,1.4000005,-8.5999975,2.5,9.06476466324452,NORMAL,5.0
zRYzhAEAHAABAAAKCRtcAAsAtwB1gBAQ,2020-08-17 16:08:55,0.40000015,-8.5999975,3.5,9.293543840753443,NORMAL,10.0
zRYzhAEAHAABAAAKCRtcAAsAtwB1gBAQ,2020-08-17 16:08:57,0.5000004,-9.200002,2.75,9.615224240755083,NORMAL,2.0
zRYzhAEAHAABAAAKCRtcAAsAtwB1gBAQ,2020-08-17 16:09:02,-3.6999998,-11.5999975,8.25,14.707564057994318,ABNORMAL,5.0
zRYzhAEAHAABAAAKCRtcAAsAtwB1gBAQ,2020-08-17 16:09:07,0.8000004,-16.000002,1.5,16.090061051469135,ABNORMAL,5.0
zRYzhAEAHAABAAAKCRtcAAsAtwB1gBAQ,2020-08-17 16:09:12,1.5000002,-5.9999976,4.5,7.648527426897664,NORMAL,5.0
zRYzhAEAHAABAAAKCRtcAAsAtwB1gBAQ,2020-08-17 16:09:17,-0.2999996,-8.800002,5.0,10.125711577958565,NORMAL,5.0
zRYzhAEAHAABAAAKCRtcAAsAtwB1gBAQ,2020-08-17 16:09:22,2.9000003,-8.399998,3.25,9.462159803131845,NORMAL,5.0
zRYzhAEAHAABAAAKCRtcAAsAtwB1gBAQ,2020-08-17 16:09:27,1.6000004,-8.600002,3.75,9.517485785647603,NORMAL,5.0
zRYzhAEAHAABAAAKCRtcAAsAtwB1gBAQ,2020-08-17 16:09:32,0.6000003,-12.999998,4.5,13.769892823112462,NORMAL,5.0
zRYzhAEAHAABAAAKCRtcAAsAtwB1gBAQ,2020-08-17 16:09:42,4.2000003,-5.599998,0.25,7.0044614439658455,NORMAL,10.0
zRYzhAEAHAABAAAKCRtcAAsAtwB1gBAQ,2020-08-17 16:09:47,2.5000005,-6.800002,2.0,7.515984945434913,NORMAL,5.0
zRYzhAEAHAABAAAKCRtcAAsAtwB1gBAQ,2020-08-17 16:09:53,0.9000002,-8.999998,5.25,10.458129104194692,NORMAL,6.0
zRYzhAEAHAABAAAKCRtcAAsAtwB1gBAQ,2020-08-17 16:09:55,0.9000002,-8.999998,5.25,10.458129104194692,NORMAL,2.0
zRYzhAEAHAABAAAKCRtcAAsAtwB1gBAQ,2020-08-17 16:09:58,1.0000005,-8.800002,5.0,10.170547487721802,NORMAL,3.0
zRYzhAEAHAABAAAKCRtcAAsAtwB1gBAQ,2020-08-17 16:10:03,1.0000002,-9.199998,3.5,9.893935698194326,NORMAL,5.0
zRYzhAEAHAABAAAKCRtcAAsAtwB1gBAQ,2020-08-17 16:10:08,2.0000005,-7.400002,2.25,7.98890052510383,NORMAL,5.0
zRYzhAEAHAABAAAKCRtcAAsAtwB1gBAQ,2020-08-17 16:10:13,0.7000002,-7.999998,3.0,8.572629017985324,NORMAL,5.0
zRYzhAEAHAABAAAKCRtcAAsAtwB1gBAQ,2020-08-17 16:10:18,1.6000005,-8.200002,2.5,8.720667084575826,NORMAL,5.0
zRYzhAEAHAABAAAKCRtcAAsAtwB1gBAQ,2020-08-17 16:10:28,1.3000005,-10.600001,3.5,11.238328278707703,NORMAL,10.0
zRYzhAEAHAABAAAKCRtcAAsAtwB1gBAQ,2020-08-17 16:10:33,1.9000002,-10.799998,0.75,10.991472037903023,NORMAL,5.0
zRYzhAEAHAABAAAKCRtcAAsAtwB1gBAQ,2020-08-17 16:10:48,0.7000005,-8.600001,3.75,9.408109156467162,NORMAL,15.0
zRYzhAEAHAABAAAKCRtcAAsAtwB1gBAQ,2020-08-17 16:10:55,0.7000005,-8.599998,3.5,9.311281667955503,NORMAL,7.0
zRYzhAEAHAABAAAKCRtcAAsAtwB1gBAQ,2020-08-17 16:15:27,0.6,-8.400001,3.5,9.119759689816448,NORMAL,272.0
zRYzhAEAHAABAAAKCRtcAAsAtwB1gBAQ,2020-08-17 16:15:33,0.90000004,-8.6,3.25,9.237559205331245,NORMAL,6.0
zRYzhAEAHAABAAAKCRtcAAsAtwB1gBAQ,2020-08-17 16:15:40,1.4000001,-6.6000004,4.25,7.973863904030477,NORMAL,7.0
zRYzhAEAHAABAAAKCRtcAAsAtwB1gBAQ,2020-08-17 16:15:45,2.3,-8.0,2.0,8.560957890329796,NORMAL,5.0
zRYzhAEAHAABAAAKCRtcAAsAtwB1gBAQ,2020-08-17 16:16:27,1.1999999,-9.2,1.5,9.39840410708116,NORMAL,42.0
zRYzhAEAHAABAAAKCRtcAAsAtwB1gBAQ,2020-08-17 16:16:28,1.1999999,-9.2,1.5,9.39840410708116,NORMAL,1.0
zRYzhAEAHAABAAAKCRtcAAsAtwB1gBAQ,2020-08-17 16:16:35,2.1000001,-8.8,2.5,9.386160046579219,NORMAL,7.0
zRYzhAEAHAABAAAKCRtcAAsAtwB1gBAQ,2020-08-17 16:16:40,2.8999999,-8.0,4.0,9.402659167490865,NORMAL,5.0
zRYzhAEAHAABAAAKCRtcAAsAtwB1gBAQ,2020-08-17 16:16:45,1.7000002,-8.2,3.5,9.076342913310407,NORMAL,5.0
zRYzhAEAHAABAAAKCRtcAAsAtwB1gBAQ,2020-08-17 16:16:50,0.19999981,-10.8,2.25,11.033698379238036,NORMAL,5.0
zRYzhAEAHAABAAAKCRtcAAsAtwB1gBAQ,2020-08-17 16:16:55,1.0000001,-8.599999,3.0,9.162968023517326,NORMAL,5.0
zRYzhAEAHAABAAAKCRtcAAsAtwB1gBAQ,2020-08-17 16:17:00,0.79999983,-9.2,3.75,9.96707076968956,NORMAL,5.0
zRYzhAEAHAABAAAKCRtcAAsAtwB1gBAQ,2020-08-17 16:17:05,0.4000001,-9.999999,3.25,10.52247499783207,NORMAL,5.0
zRYzhAEAHAABAAAKCRtcAAsAtwB1gBAQ,2020-08-17 16:17:10,0.39999983,-8.8,3.5,9.478923982393784,NORMAL,5.0
zRYzhAEAHAABAAAKCRtcAAsAtwB1gBAQ,2020-08-17 16:17:20,1.6999998,-8.400001,2.75,9.000695313141149,NORMAL,10.0
zRYzhAEAHAABAAAKCRtcAAsAtwB1gBAQ,2020-08-17 16:17:25,0.70000005,-9.599999,3.75,10.330173322360134,NORMAL,5.0
zRYzhAEAHAABAAAKCRtcAAsAtwB1gBAQ,2020-08-17 16:17:28,0.70000005,-9.599999,3.75,10.330173322360134,NORMAL,3.0
zRYzhAEAHAABAAAKCRtcAAsAtwB1gBAQ,2020-08-17 16:17:30,1.7999998,-9.6,3.0,10.217631784322629,NORMAL,2.0
zRYzhAEAHAABAAAKCRtcAAsAtwB1gBAQ,2020-08-17 16:17:35,1.9000001,-6.5999994,2.0,7.153320380075281,NORMAL,5.0
zRYzhAEAHAABAAAKCRtcAAsAtwB1gBAQ,2020-08-17 16:17:40,1.5999998,-8.400001,3.5,9.239589609934038,NORMAL,5.0
zRYzhAEAHAABAAAKCRtcAAsAtwB1gBAQ,2020-08-17 16:17:45,0.20000008,-8.4,3.75,9.201222746570155,NORMAL,5.0
zRYzhAEAHAABAAAKCRtcAAsAtwB1gBAQ,2020-08-17 16:17:50,2.1999998,-8.000001,3.25,8.910808892575412,NORMAL,5.0
zRYzhAEAHAABAAAKCRtcAAsAtwB1gBAQ,2020-08-17 16:17:55,1.9000001,-9.599999,3.25,10.311764212781489,NORMAL,5.0
zRYzhAEAHAABAAAKCRtcAAsAtwB1gBAQ,2020-08-17 16:18:00,3.3999999,-7.600001,0.75,8.359576216531615,NORMAL,5.0
zRYzhAEAHAABAAAKCRtcAAsAtwB1gBAQ,2020-08-17 16:18:05,1.0000001,-9.2,3.5,9.893937547811792,NORMAL,5.0
zRYzhAEAHAABAAAKCRtcAAsAtwB1gBAQ,2020-08-17 16:18:10,1.3999999,-8.600001,4.0,9.587492733765227,NORMAL,5.0
zRYzhAEAHAABAAAKCRtcAAsAtwB1gBAQ,2020-08-17 16:18:15,1.1000001,-9.0,3.0,9.550392673602484,NORMAL,5.0
zRYzhAEAHAABAAAKCRtcAAsAtwB1gBAQ,2020-08-17 16:18:20,0.59999985,-8.200002,4.5,9.37283482304068,NORMAL,5.0
zRYzhAEAHAABAAAKCRtcAAsAtwB1gBAQ,2020-08-17 16:18:25,0.70000017,-10.4,4.25,11.25666470309923,NORMAL,5.0
zRYzhAEAHAABAAAKCRtcAAsAtwB1gBAQ,2020-08-17 16:18:28,0.70000017,-10.4,4.25,11.25666470309923,NORMAL,3.0
zRYzhAEAHAABAAAKCRtcAAsAtwB1gBAQ,2020-08-17 16:18:30,-0.70000017,-9.800002,5.75,11.383871900105166,NORMAL,2.0
zRYzhAEAHAABAAAKCRtcAAsAtwB1gBAQ,2020-08-17 16:18:36,1.8000002,-8.4,4.0,9.476286230375274,NORMAL,6.0
zRYzhAEAHAABAAAKCRtcAAsAtwB1gBAQ,2020-08-17 16:18:41,1.2999998,-8.4000025,4.5,9.617694187278273,NORMAL,5.0
zRYzhAEAHAABAAAKCRtcAAsAtwB1gBAQ,2020-08-17 16:18:46,1.1000001,-8.799999,2.75,9.285067722962554,NORMAL,5.0
zRYzhAEAHAABAAAKCRtcAAsAtwB1gBAQ,2020-08-17 16:18:51,0.59999985,-8.600002,4.0,9.503685296767987,NORMAL,5.0
zRYzhAEAHAABAAAKCRtcAAsAtwB1gBAQ,2020-08-17 16:18:56,0.70000017,-8.199999,3.5,8.943152902528338,NORMAL,5.0
zRYzhAEAHAABAAAKCRtcAAsAtwB1gBAQ,2020-08-17 16:19:01,0.49999985,-8.200003,5.0,9.617174691665376,NORMAL,5.0
zRYzhAEAHAABAAAKCRtcAAsAtwB1gBAQ,2020-08-17 16:19:06,0.90000015,-8.799999,2.5,9.192387212797392,NORMAL,5.0
zRYzhAEAHAABAAAKCRtcAAsAtwB1gBAQ,2020-08-17 16:19:11,-0.5000002,-10.4000025,2.25,10.652349609358787,NORMAL,5.0
zRYzhAEAHAABAAAKCRtcAAsAtwB1gBAQ,2020-08-17 16:19:21,0.09999983,-8.599999,4.0,9.485250801428554,NORMAL,10.0
zRYzhAEAHAABAAAKCRtcAAsAtwB1gBAQ,2020-08-17 16:19:26,0.2000002,-8.600002,4.25,9.594922327981818,NORMAL,5.0
zRYzhAEAHAABAAAKCRtcAAsAtwB1gBAQ,2020-08-17 16:19:28,0.2000002,-8.600002,4.25,9.594922327981818,NORMAL,2.0
zRYzhAEAHAABAAAKCRtcAAsAtwB1gBAQ,2020-08-17 16:19:46,0.10000018,-8.2,4.25,9.23647660290438,NORMAL,18.0
zRYzhAEAHAABAAAKCRtcAAsAtwB1gBAQ,2020-08-17 16:20:06,0.6999998,-8.8,3.25,9.407045217282633,NORMAL,20.0
zRYzhAEAHAABAAAKCRtcAAsAtwB1gBAQ,2020-08-17 16:20:11,0.8000002,-8.800002,3.25,9.415016490692091,NORMAL,5.0
zRYzhAEAHAABAAAKCRtcAAsAtwB1gBAQ,2020-08-17 16:23:13,0.3,-8.6,3.5,9.289779329994873,NORMAL,182.0
zRYzhAEAHAABAAAKCRtcAAsAtwB1gBAQ,2020-08-17 16:23:27,-0.5,-9.6,4.25,10.510589897812586,NORMAL,14.0
zRYzhAEAHAABAAAKCRtcAAsAtwB1gBAQ,2020-08-17 16:23:32,0.39999992,-8.0,4.25,9.067662319252962,NORMAL,5.0
zRYzhAEAHAABAAAKCRtcAAsAtwB1gBAQ,2020-08-17 16:23:37,0.3,-8.400001,4.5,9.53415003028592,NORMAL,5.0
zRYzhAEAHAABAAAKCRtcAAsAtwB1gBAQ,2020-08-17 16:23:59,0.3,-8.2,4.5,9.358418669839473,NORMAL,22.0
zRYzhAEAHAABAAAKCRtcAAsAtwB1gBAQ,2020-08-17 16:24:48,0.3,-8.2,4.25,9.240806241881712,NORMAL,49.0
zRYzhAEAHAABAAAKCRtcAAsAtwB1gBAQ,2020-08-17 16:24:53,0.5,-8.400001,3.75,9.212628115798498,NORMAL,5.0
zRYzhAEAHAABAAAKCRtcAAsAtwB1gBAQ,2020-08-17 16:25:00,2.3,-7.6,2.25,8.253029746705145,NORMAL,7.0
zRYzhAEAHAABAAAKCRtcAAsAtwB1gBAQ,2020-08-17 16:25:05,-0.3,-6.200001,5.75,8.46123586717691,NORMAL,5.0
zRYzhAEAHAABAAAKCRtcAAsAtwB1gBAQ,2020-08-17 16:25:14,1.1,-8.6,3.0,9.174420962654809,NORMAL,9.0
zRYzhAEAHAABAAAKCRtcAAsAtwB1gBAQ,2020-08-17 16:25:45,-0.100000076,-9.4,4.0,10.216163664272417,NORMAL,31.0
zRYzhAEAHAABAAAKCRtcAAsAtwB1gBAQ,2020-08-17 16:25:48,-0.100000076,-9.4,4.0,10.216163664272417,NORMAL,3.0
zRYzhAEAHAABAAAKCRtcAAsAtwB1gBAQ,2020-08-17 16:25:50,-0.3,-12.400001,6.0,13.778607505840386,NORMAL,2.0
zRYzhAEAHAABAAAKCRtcAAsAtwB1gBAQ,2020-08-17 16:26:13,1.3,-9.8,2.75,10.261213378543495,NORMAL,23.0
zRYzhAEAHAABAAAKCRtcAAsAtwB1gBAQ,2020-08-17 16:26:48,1.3,-9.8,2.75,10.261213378543495,NORMAL,35.0
zRYzhAEAHAABAAAKCRtcAAsAtwB1gBAQ,2020-08-17 16:26:50,0.49999997,-9.400001,3.5,10.042908879901331,NORMAL,2.0
zRYzhAEAHAABAAAKCRtcAAsAtwB1gBAQ,2020-08-17 16:26:56,-0.70000005,-9.0,3.75,9.775095911038418,NORMAL,6.0
zRYzhAEAHAABAAAKCRtcAAsAtwB1gBAQ,2020-08-17 16:27:01,3.5,-9.8,1.75,10.552369402176936,NORMAL,5.0
zRYzhAEAHAABAAAKCRtcAAsAtwB1gBAQ,2020-08-17 16:27:06,1.1,-8.2,0.75,8.307376240426334,NORMAL,5.0
zRYzhAEAHAABAAAKCRtcAAsAtwB1gBAQ,2020-08-17 16:27:16,0.90000004,-8.8,3.25,9.424038416305402,NORMAL,10.0
zRYzhAEAHAABAAAKCRtcAAsAtwB1gBAQ,2020-08-17 16:27:26,1.2,-6.4,3.5,7.392563831310488,NORMAL,10.0
zRYzhAEAHAABAAAKCRtcAAsAtwB1gBAQ,2020-08-17 16:27:31,1.6999999,-7.2,3.5,8.184130965472145,NORMAL,5.0
zRYzhAEAHAABAAAKCRtcAAsAtwB1gBAQ,2020-08-17 16:27:36,1.9000001,-6.2000003,0.25,6.489414773305842,NORMAL,5.0
zRYzhAEAHAABAAAKCRtcAAsAtwB1gBAQ,2020-08-17 16:27:41,2.7,-9.4,-1.0,9.831073186585481,NORMAL,5.0
zRYzhAEAHAABAAAKCRtcAAsAtwB1gBAQ,2020-08-17 16:27:46,0.8000001,-7.8,2.5,8.229823823144697,NORMAL,5.0
zRYzhAEAHAABAAAKCRtcAAsAtwB1gBAQ,2020-08-17 16:27:48,0.8000001,-7.8,2.5,8.229823823144697,NORMAL,2.0
zRYzhAEAHAABAAAKCRtcAAsAtwB1gBAQ,2020-08-17 16:27:51,-0.3,-17.0,3.25,17.310473708134044,ABNORMAL,3.0
zRYzhAEAHAABAAAKCRtcAAsAtwB1gBAQ,2020-08-17 16:27:56,4.3,-5.6000004,-1.5,7.218033283381295,NORMAL,5.0
zRYzhAEAHAABAAAKCRtcAAsAtwB1gBAQ,2020-08-17 16:28:01,1.4,-7.2,-1.75,7.540722777028738,NORMAL,5.0
zRYzhAEAHAABAAAKCRtcAAsAtwB1gBAQ,2020-08-17 16:28:06,2.3000002,-8.200001,2.0,8.748143649940886,NORMAL,5.0
zRYzhAEAHAABAAAKCRtcAAsAtwB1gBAQ,2020-08-17 16:28:11,2.3,-8.599999,1.25,8.98957634151916,NORMAL,5.0
zRYzhAEAHAABAAAKCRtcAAsAtwB1gBAQ,2020-08-17 16:28:21,0.6999999,-8.2,4.5,9.379765448026939,NORMAL,10.0
zRYzhAEAHAABAAAKCRtcAAsAtwB1gBAQ,2020-08-17 16:28:31,-1.9999999,-10.2,8.25,13.270361698160302,NORMAL,10.0
zRYzhAEAHAABAAAKCRtcAAsAtwB1gBAQ,2020-08-17 16:28:36,-1.1000001,-9.6,2.75,10.046516820271592,NORMAL,5.0
zRYzhAEAHAABAAAKCRtcAAsAtwB1gBAQ,2020-08-17 16:28:47,2.6999998,-9.0,1.0,9.449338544046352,NORMAL,11.0
zRYzhAEAHAABAAAKCRtcAAsAtwB1gBAQ,2020-08-17 16:28:48,2.6999998,-9.0,1.0,9.449338544046352,NORMAL,1.0
zRYzhAEAHAABAAAKCRtcAAsAtwB1gBAQ,2020-08-17 16:28:52,-0.1999999,-7.3999996,3.75,8.298342849027158,NORMAL,4.0
zRYzhAEAHAABAAAKCRtcAAsAtwB1gBAQ,2020-08-17 16:28:57,2.6,-4.4,-1.75,5.402082931610733,NORMAL,5.0
zRYzhAEAHAABAAAKCRtcAAsAtwB1gBAQ,2020-08-17 16:29:07,4.6,-7.5999994,0.75,8.91529533330222,NORMAL,10.0
zRYzhAEAHAABAAAKCRtcAAsAtwB1gBAQ,2020-08-17 16:29:12,0.7000001,-8.0,3.75,8.862984832436531,NORMAL,5.0
zRYzhAEAHAABAAAKCRtcAAsAtwB1gBAQ,2020-08-17 16:29:17,-0.20000017,-8.999999,3.5,9.658673929065058,NORMAL,5.0
zRYzhAEAHAABAAAKCRtcAAsAtwB1gBAQ,2020-08-17 16:29:22,-0.1999999,-8.2,7.0,10.783320451512141,NORMAL,5.0
zRYzhAEAHAABAAAKCRtcAAsAtwB1gBAQ,2020-08-17 16:29:27,1.2999998,-4.7999988,2.75,5.682647970796843,NORMAL,5.0
zRYzhAEAHAABAAAKCRtcAAsAtwB1gBAQ,2020-08-17 16:29:32,-2.8999999,-6.6,7.75,10.584540586156775,NORMAL,5.0
zRYzhAEAHAABAAAKCRtcAAsAtwB1gBAQ,2020-08-17 16:29:37,-3.9000003,-7.599999,4.25,9.541094651034602,NORMAL,5.0
zRYzhAEAHAABAAAKCRtcAAsAtwB1gBAQ,2020-08-17 16:29:42,3.3000002,-5.4,0.0,6.3285070372087,NORMAL,5.0
zRYzhAEAHAABAAAKCRtcAAsAtwB1gBAQ,2020-08-17 16:29:47,0.2999997,-7.7999988,2.5,8.196339493944937,NORMAL,5.0
zRYzhAEAHAABAAAKCRtcAAsAtwB1gBAQ,2020-08-17 16:29:48,0.2999997,-7.7999988,2.5,8.196339493944937,NORMAL,1.0
zRYzhAEAHAABAAAKCRtcAAsAtwB1gBAQ,2020-08-17 16:29:52,-3.8,-10.2,6.75,12.807907713596315,NORMAL,4.0
zRYzhAEAHAABAAAKCRtcAAsAtwB1gBAQ,2020-08-17 16:29:57,1.9999998,-6.3999987,2.25,7.072657390260165,NORMAL,5.0
zRYzhAEAHAABAAAKCRtcAAsAtwB1gBAQ,2020-08-17 16:30:02,-4.5,-10.4,10.5,15.448624534242523,ABNORMAL,5.0
zRYzhAEAHAABAAAKCRtcAAsAtwB1gBAQ,2020-08-17 16:30:07,5.5,-6.199999,-1.75,8.470684010161222,NORMAL,5.0
zRYzhAEAHAABAAAKCRtcAAsAtwB1gBAQ,2020-08-17 16:30:12,-1.5999999,-9.4,9.0,13.111826710264287,NORMAL,5.0
zRYzhAEAHAABAAAKCRtcAAsAtwB1gBAQ,2020-08-17 16:30:17,-0.9000001,-11.799999,4.75,12.751959715275177,NORMAL,5.0
zRYzhAEAHAABAAAKCRtcAAsAtwB1gBAQ,2020-08-17 16:30:22,-0.69999987,-9.2,4.0,10.056341273942527,NORMAL,5.0
zRYzhAEAHAABAAAKCRtcAAsAtwB1gBAQ,2020-08-17 16:30:27,0.19999993,-8.199999,3.25,8.822838747931472,NORMAL,5.0
zRYzhAEAHAABAAAKCRtcAAsAtwB1gBAQ,2020-08-17 16:30:42,-0.89999986,-14.799999,5.5,15.814549318523149,ABNORMAL,15.0
zRYzhAEAHAABAAAKCRtcAAsAtwB1gBAQ,2020-08-17 16:30:47,-7.4505806e-08,-7.0,5.0,8.602325267042627,NORMAL,5.0
zRYzhAEAHAABAAAKCRtcAAsAtwB1gBAQ,2020-08-17 16:30:48,-7.4505806e-08,-7.0,5.0,8.602325267042627,NORMAL,1.0
zRYzhAEAHAABAAAKCRtcAAsAtwB1gBAQ,2020-08-17 16:30:53,0.60000014,-9.199999,3.0,9.695358774589057,NORMAL,5.0
zRYzhAEAHAABAAAKCRtcAAsAtwB1gBAQ,2020-08-17 16:30:58,0.49999994,-8.8,3.75,9.578752525250875,NORMAL,5.0
zRYzhAEAHAABAAAKCRtcAAsAtwB1gBAQ,2020-08-17 16:31:08,-1.2999998,-10.199999,4.25,11.126206859482751,NORMAL,10.0
zRYzhAEAHAABAAAKCRtcAAsAtwB1gBAQ,2020-08-17 16:31:13,-0.30000007,-9.6,8.75,12.992786461802565,NORMAL,5.0
zRYzhAEAHAABAAAKCRtcAAsAtwB1gBAQ,2020-08-17 16:31:18,-0.29999983,-7.7999988,4.0,8.770973787328376,NORMAL,5.0
zRYzhAEAHAABAAAKCRtcAAsAtwB1gBAQ,2020-08-17 16:31:28,-1.6000001,-8.400001,5.25,10.03406782516448,NORMAL,10.0
zRYzhAEAHAABAAAKCRtcAAsAtwB1gBAQ,2020-08-17 16:31:58,2.2000003,-5.3999987,1.5,6.020796233057699,NORMAL,30.0
zRYzhAEAHAABAAAKCRtcAAsAtwB1gBAQ,2020-08-17 16:32:10,0.30000025,-8.599998,4.25,9.597523938496014,NORMAL,12.0
zRYzhAEAHAABAAAKCRtcAAsAtwB1gBAQ,2020-08-17 16:32:15,1.3999999,-10.200001,1.75,10.443300250399824,NORMAL,5.0
zRYzhAEAHAABAAAKCRtcAAsAtwB1gBAQ,2020-08-17 16:32:20,1.3000003,-7.5999985,3.25,8.367345934046371,NORMAL,5.0
zRYzhAEAHAABAAAKCRtcAAsAtwB1gBAQ,2020-08-17 16:32:25,-1.6391277e-07,-9.800001,5.25,11.117667003467995,NORMAL,5.0
zRYzhAEAHAABAAAKCRtcAAsAtwB1gBAQ,2020-08-17 16:32:30,-1.3999997,-10.999998,5.25,12.268759316247266,NORMAL,5.0
zRYzhAEAHAABAAAKCRtcAAsAtwB1gBAQ,2020-08-17 16:32:35,-0.90000015,-6.000001,4.25,7.407598279469603,NORMAL,5.0
zRYzhAEAHAABAAAKCRtcAAsAtwB1gBAQ,2020-08-17 16:32:40,0.9000003,-9.399998,3.25,9.986614188002063,NORMAL,5.0
zRYzhAEAHAABAAAKCRtcAAsAtwB1gBAQ,2020-08-17 16:32:45,-0.30000013,-10.200001,5.25,11.47573616279152,NORMAL,5.0
zRYzhAEAHAABAAAKCRtcAAsAtwB1gBAQ,2020-08-17 16:32:50,2.3000002,-6.5999975,3.5,7.816646846315003,NORMAL,5.0
zRYzhAEAHAABAAAKCRtcAAsAtwB1gBAQ,2020-08-17 16:32:53,2.3000002,-6.5999975,3.5,7.816646846315003,NORMAL,3.0
zRYzhAEAHAABAAAKCRtcAAsAtwB1gBAQ,2020-08-17 16:32:57,0.9999999,-9.800001,3.75,10.540517985374391,NORMAL,4.0
zRYzhAEAHAABAAAKCRtcAAsAtwB1gBAQ,2020-08-17 16:33:07,-1.3000002,-8.600001,4.5,9.792855442617391,NORMAL,10.0
zRYzhAEAHAABAAAKCRtcAAsAtwB1gBAQ,2020-08-17 16:33:12,4.0,-7.5999975,-2.0,8.818160919375778,NORMAL,5.0
zRYzhAEAHAABAAAKCRtcAAsAtwB1gBAQ,2020-08-17 16:33:22,3.4,-9.999997,3.5,11.126991507141947,NORMAL,10.0
zRYzhAEAHAABAAAKCRtcAAsAtwB1gBAQ,2020-08-17 16:33:27,0.8999998,-10.000002,3.25,10.55331889217814,NORMAL,5.0
zRYzhAEAHAABAAAKCRtcAAsAtwB1gBAQ,2020-08-17 16:33:33,2.4,-6.7999973,1.25,7.31863807548968,NORMAL,6.0
zRYzhAEAHAABAAAKCRtcAAsAtwB1gBAQ,2020-08-17 16:33:38,3.1999998,-7.800002,5.5,10.06628183193795,NORMAL,5.0
zRYzhAEAHAABAAAKCRtcAAsAtwB1gBAQ,2020-08-17 16:33:43,1.4000001,-7.399997,3.25,8.20258836465716,NORMAL,5.0
zRYzhAEAHAABAAAKCRtcAAsAtwB1gBAQ,2020-08-17 16:33:48,-0.80000025,-10.200002,6.0,11.860861739351153,NORMAL,5.0
zRYzhAEAHAABAAAKCRtcAAsAtwB1gBAQ,2020-08-17 16:33:53,1.3000001,-7.999997,3.0,8.64233488474087,NORMAL,5.0
zRYzhAEAHAABAAAKCRtcAAsAtwB1gBAQ,2020-08-17 16:34:03,-0.10000024,-9.799997,4.5,10.784245047661381,NORMAL,10.0
zRYzhAEAHAABAAAKCRtcAAsAtwB1gBAQ,2020-08-17 16:34:08,1.0000001,-8.400002,3.25,9.062148409731769,NORMAL,5.0
zRYzhAEAHAABAAAKCRtcAAsAtwB1gBAQ,2020-08-17 16:34:13,0.7999998,-8.5999975,3.25,9.228350702048893,NORMAL,5.0
zRYzhAEAHAABAAAKCRtcAAsAtwB1gBAQ,2020-08-17 16:34:18,0.5000001,-6.8000016,6.25,9.249460625355544,NORMAL,5.0
zRYzhAEAHAABAAAKCRtcAAsAtwB1gBAQ,2020-08-17 16:34:23,0.39999977,-8.799997,4.5,9.89191321312561,NORMAL,5.0
zRYzhAEAHAABAAAKCRtcAAsAtwB1gBAQ,2020-08-17 16:34:28,0.10000011,-9.000002,5.75,10.680474522323623,NORMAL,5.0
zRYzhAEAHAABAAAKCRtcAAsAtwB1gBAQ,2020-08-17 16:34:33,-0.60000026,-9.799997,5.5,11.253885618399053,NORMAL,5.0
zRYzhAEAHAABAAAKCRtcAAsAtwB1gBAQ,2020-08-17 16:34:43,0.09999975,-8.400002,3.5,9.100551277258102,NORMAL,10.0
zRYzhAEAHAABAAAKCRtcAAsAtwB1gBAQ,2020-08-17 16:34:48,-0.9999999,-7.7999973,5.0,9.318795935098445,NORMAL,5.0
zRYzhAEAHAABAAAKCRtcAAsAtwB1gBAQ,2020-08-17 16:34:53,-0.9999999,-7.7999973,5.0,9.318795935098445,NORMAL,5.0
zRYzhAEAHAABAAAKCRtcAAsAtwB1gBAQ,2020-08-17 16:35:00,0.49999976,-8.799997,5.5,10.389415140420997,NORMAL,7.0
zRYzhAEAHAABAAAKCRtcAAsAtwB1gBAQ,2020-08-17 16:35:10,1.5999998,-8.200002,1.75,8.535955257614933,NORMAL,10.0
zRYzhAEAHAABAAAKCRtcAAsAtwB1gBAQ,2020-08-17 16:35:20,-0.9000003,-8.199997,5.5,9.914633192408537,NORMAL,10.0
zRYzhAEAHAABAAAKCRtcAAsAtwB1gBAQ,2020-08-17 16:35:25,-1.3999999,-8.600001,5.75,10.439469187655138,NORMAL,5.0
zRYzhAEAHAABAAAKCRtcAAsAtwB1gBAQ,2020-08-17 16:35:30,1.6999998,-7.999997,5.25,9.71866509969394,NORMAL,5.0
zRYzhAEAHAABAAAKCRtcAAsAtwB1gBAQ,2020-08-17 16:35:35,1.6000001,-6.800001,4.25,8.176950160053625,NORMAL,5.0
zRYzhAEAHAABAAAKCRtcAAsAtwB1gBAQ,2020-08-17 16:35:40,-0.10000022,-9.5999975,3.5,10.218608126550617,NORMAL,5.0
zRYzhAEAHAABAAAKCRtcAAsAtwB1gBAQ,2020-08-17 16:35:50,1.4999998,-7.1999974,1.75,7.55992473243,NORMAL,10.0
zRYzhAEAHAABAAAKCRtcAAsAtwB1gBAQ,2020-08-17 16:35:53,1.4999998,-7.1999974,1.75,7.55992473243,NORMAL,3.0
zRYzhAEAHAABAAAKCRtcAAsAtwB1gBAQ,2020-08-17 16:35:55,-0.5999999,-10.400001,3.75,11.071699087312705,NORMAL,2.0
zRYzhAEAHAABAAAKCRtcAAsAtwB1gBAQ,2020-08-17 16:36:00,0.19999975,-8.399998,2.25,8.698417459515499,NORMAL,5.0
zRYzhAEAHAABAAAKCRtcAAsAtwB1gBAQ,2020-08-17 16:36:05,2.9,-7.4000006,3.5,8.6844694069356,NORMAL,5.0
zRYzhAEAHAABAAAKCRtcAAsAtwB1gBAQ,2020-08-17 16:36:10,0.39999974,-8.799997,3.25,9.389485981245675,NORMAL,5.0
zRYzhAEAHAABAAAKCRtcAAsAtwB1gBAQ,2020-08-17 16:36:16,1.5000001,-8.000001,2.75,8.591421087340615,NORMAL,6.0
zRYzhAEAHAABAAAKCRtcAAsAtwB1gBAQ,2020-08-17 16:36:26,-0.99999994,-8.999997,5.5,10.59480749612795,NORMAL,10.0
zRYzhAEAHAABAAAKCRtcAAsAtwB1gBAQ,2020-08-17 16:36:31,2.6999998,-9.600001,1.75,10.124846572664746,NORMAL,5.0
zRYzhAEAHAABAAAKCRtcAAsAtwB1gBAQ,2020-08-17 16:36:36,1.0000001,-9.5999975,5.25,10.987376948116701,NORMAL,5.0
zRYzhAEAHAABAAAKCRtcAAsAtwB1gBAQ,2020-08-17 16:36:41,-0.60000026,-8.600001,4.75,9.842891725097918,NORMAL,5.0
zRYzhAEAHAABAAAKCRtcAAsAtwB1gBAQ,2020-08-17 16:36:46,-0.1999999,-7.1999974,4.25,8.36316103635502,NORMAL,5.0
zRYzhAEAHAABAAAKCRtcAAsAtwB1gBAQ,2020-08-17 16:36:51,0.5999998,-9.600001,3.0,10.075714315124316,NORMAL,5.0
zRYzhAEAHAABAAAKCRtcAAsAtwB1gBAQ,2020-08-17 16:36:53,0.5999998,-9.600001,3.0,10.075714315124316,NORMAL,2.0
zRYzhAEAHAABAAAKCRtcAAsAtwB1gBAQ,2020-08-17 16:37:13,0.3000001,-7.9999967,3.0,8.549265890122433,NORMAL,20.0
zRYzhAEAHAABAAAKCRtcAAsAtwB1gBAQ,2020-08-17 16:37:47,0.39999965,-8.200001,2.75,8.658089634555715,NORMAL,34.0
zRYzhAEAHAABAAAKCRtcAAsAtwB1gBAQ,2020-08-17 16:37:52,1.3000001,-8.599997,4.0,9.573397968329166,NORMAL,5.0
zRYzhAEAHAABAAAKCRtcAAsAtwB1gBAQ,2020-08-17 16:37:55,1.3000001,-8.599997,4.0,9.573397968329166,NORMAL,3.0
zRYzhAEAHAABAAAKCRtcAAsAtwB1gBAQ,2020-08-17 16:37:57,1.2999997,-8.400001,3.0,9.013879077289705,NORMAL,2.0
zRYzhAEAHAABAAAKCRtcAAsAtwB1gBAQ,2020-08-17 16:38:05,2.2,-7.3999968,3.5,8.476435137486174,NORMAL,8.0
zRYzhAEAHAABAAAKCRtcAAsAtwB1gBAQ,2020-08-17 16:38:10,2.0999997,-8.000001,0.75,8.304969279895085,NORMAL,5.0
zRYzhAEAHAABAAAKCRtcAAsAtwB1gBAQ,2020-08-17 16:38:15,1.2,-7.799997,2.25,8.206244768468036,NORMAL,5.0
zRYzhAEAHAABAAAKCRtcAAsAtwB1gBAQ,2020-08-17 16:38:20,0.59999967,-10.000001,2.25,10.267546912675934,NORMAL,5.0
zRYzhAEAHAABAAAKCRtcAAsAtwB1gBAQ,2020-08-17 16:38:25,0.50000006,-8.799997,2.75,9.233225181918232,NORMAL,5.0
zRYzhAEAHAABAAAKCRtcAAsAtwB1gBAQ,2020-08-17 16:38:30,1.0999997,-9.000001,3.0,9.550393569900724,NORMAL,5.0
zRYzhAEAHAABAAAKCRtcAAsAtwB1gBAQ,2020-08-17 16:38:40,0.59999967,-8.199997,3.5,8.935879945702556,NORMAL,10.0
zRYzhAEAHAABAAAKCRtcAAsAtwB1gBAQ,2020-08-17 16:38:45,0.6,-8.600001,4.0,9.503684401325678,NORMAL,5.0
zRYzhAEAHAABAAAKCRtcAAsAtwB1gBAQ,2020-08-17 16:38:55,0.8999997,-8.799997,4.0,9.708241172324113,NORMAL,10.0
zRYzhAEAHAABAAAKCRtcAAsAtwB1gBAQ,2020-08-17 16:45:22,0.90000004,-8.400001,3.5,9.14439811425558,NORMAL,387.0
zRYzhAEAHAABAAAKCRtcAAsAtwB1gBAQ,2020-08-17 16:45:27,0.90000004,-8.6,3.75,9.425099472790725,NORMAL,5.0
zRYzhAEAHAABAAAKCRtcAAsAtwB1gBAQ,2020-08-17 16:46:34,1.1,-7.6,3.5,8.439194274336858,NORMAL,67.0
zRYzhAEAHAABAAAKCRtcAAsAtwB1gBAQ,2020-08-17 16:46:44,1.2,-9.0,4.0,9.92169340384997,NORMAL,10.0
zRYzhAEAHAABAAAKCRtcAAsAtwB1gBAQ,2020-08-17 16:46:59,1.2,-8.4,2.25,8.77852493303972,NORMAL,15.0
zRYzhAEAHAABAAAKCRtcAAsAtwB1gBAQ,2020-08-17 16:49:18,-1.9000002,-10.0,4.0,10.936635714880515,NORMAL,139.0
zRYzhAEAHAABAAAKCRtcAAsAtwB1gBAQ,2020-08-17 16:49:23,-0.29999998,-8.2,5.5,9.878258955301789,NORMAL,5.0
zRYzhAEAHAABAAAKCRtcAAsAtwB1gBAQ,2020-08-17 16:49:28,0.29999983,-4.7999997,1.5,5.0378563911648095,NORMAL,5.0
zRYzhAEAHAABAAAKCRtcAAsAtwB1gBAQ,2020-08-17 16:49:33,1.0,-7.3999996,2.75,7.957543218858453,NORMAL,5.0
zRYzhAEAHAABAAAKCRtcAAsAtwB1gBAQ,2020-08-17 16:49:43,-0.8000002,-10.799999,5.0,11.928117148988814,NORMAL,10.0
zRYzhAEAHAABAAAKCRtcAAsAtwB1gBAQ,2020-08-17 16:49:49,-0.70000005,-10.4,3.75,11.077567425658037,NORMAL,6.0
zRYzhAEAHAABAAAKCRtcAAsAtwB1gBAQ,2020-08-17 16:49:56,0.59999985,-10.599999,4.0,11.34548274072113,NORMAL,7.0
zRYzhAEAHAABAAAKCRtcAAsAtwB1gBAQ,2020-08-17 16:50:01,1.7,-8.799999,3.5,9.621849219354926,NORMAL,5.0
zRYzhAEAHAABAAAKCRtcAAsAtwB1gBAQ,2020-08-17 16:50:06,-1.6000001,-10.4,8.25,13.370957344932338,NORMAL,5.0
zRYzhAEAHAABAAAKCRtcAAsAtwB1gBAQ,2020-08-17 16:50:13,1.4000001,-7.399999,8.25,11.170608106992251,NORMAL,7.0
zRYzhAEAHAABAAAKCRtcAAsAtwB1gBAQ,2020-08-17 16:50:23,5.7000003,-2.3999991,1.25,6.309714660743456,NORMAL,10.0
zRYzhAEAHAABAAAKCRtcAAsAtwB1gBAQ,2020-08-17 16:50:28,-7.2000003,-16.4,10.0,20.51341035322991,ABNORMAL,5.0
zRYzhAEAHAABAAAKCRtcAAsAtwB1gBAQ,2020-08-17 16:50:33,6.4,-8.799999,-2.5,11.164675651356873,NORMAL,5.0
zRYzhAEAHAABAAAKCRtcAAsAtwB1gBAQ,2020-08-17 16:50:38,1.8999999,-10.2,4.25,11.212158562025422,NORMAL,5.0
zRYzhAEAHAABAAAKCRtcAAsAtwB1gBAQ,2020-08-17 16:50:43,1.5,-8.199999,2.75,8.777954408630805,NORMAL,5.0
zRYzhAEAHAABAAAKCRtcAAsAtwB1gBAQ,2020-08-17 16:50:48,2.3,-9.8,5.0,11.23966191662365,NORMAL,5.0
zRYzhAEAHAABAAAKCRtcAAsAtwB1gBAQ,2020-08-17 16:50:58,-0.4000001,-7.6000004,4.5,8.841380331147404,NORMAL,10.0
zRYzhAEAHAABAAAKCRtcAAsAtwB1gBAQ,2020-08-17 16:51:03,0.29999998,-8.799999,3.25,9.385759553067668,NORMAL,5.0
zRYzhAEAHAABAAAKCRtcAAsAtwB1gBAQ,2020-08-17 16:51:08,-1.3000001,-8.0,5.0,9.523129751295002,NORMAL,5.0
zRYzhAEAHAABAAAKCRtcAAsAtwB1gBAQ,2020-08-17 16:51:14,1.3,-8.0,3.0,8.642337646724988,NORMAL,6.0
zRYzhAEAHAABAAAKCRtcAAsAtwB1gBAQ,2020-08-17 16:51:18,0.19999996,-8.599999,4.5,9.7082430328047,NORMAL,4.0
zRYzhAEAHAABAAAKCRtcAAsAtwB1gBAQ,2020-08-17 16:51:23,0.39999995,-8.2,4.25,9.244593012134175,NORMAL,5.0
zRYzhAEAHAABAAAKCRtcAAsAtwB1gBAQ,2020-08-17 16:52:14,0.39999998,-8.4,4.25,9.422446602873375,NORMAL,51.0
zRYzhAEAHAABAAAKCRtcAAsAtwB1gBAQ,2020-08-17 16:53:14,0.49999997,-8.4,4.5,9.542536348895927,NORMAL,60.0
zRYzhAEAHAABAAAKCRtcAAsAtwB1gBAQ,2020-08-17 16:54:14,0.29999995,-8.4,4.5,9.534149147669131,NORMAL,60.0
zRYzhAEAHAABAAAKCRtcAAsAtwB1gBAQ,2020-08-17 16:55:14,0.39999995,-8.4,4.5,9.53781945520044,NORMAL,60.0
zRYzhAEAHAABAAAKCRtcAAsAtwB1gBAQ,2020-08-17 16:56:14,0.39999995,-8.4,4.5,9.53781945520044,NORMAL,60.0
zRYzhAEAHAABAAAKCRtcAAsAtwB1gBAQ,2020-08-17 16:57:14,0.39999995,-8.4,4.5,9.53781945520044,NORMAL,60.0
zRYzhAEAHAABAAAKCRtcAAsAtwB1gBAQ,2020-08-17 16:58:14,0.39999995,-8.4,4.5,9.53781945520044,NORMAL,60.0
zRYzhAEAHAABAAAKCRtcAAsAtwB1gBAQ,2020-08-17 16:59:14,0.49999994,-8.4,4.5,9.542536347324019,NORMAL,60.0
zRYzhAEAHAABAAAKCRtcAAsAtwB1gBAQ,2020-08-17 16:59:49,0.09999996,-8.799999,4.75,10.000624100125002,NORMAL,35.0
zRYzhAEAHAABAAAKCRtcAAsAtwB1gBAQ,2020-08-17 17:00:04,0.99999994,-6.1999993,3.0,6.959884424327784,NORMAL,15.0
zRYzhAEAHAABAAAKCRtcAAsAtwB1gBAQ,2020-08-17 17:00:09,-0.20000005,-9.799999,4.75,10.89231290498033,NORMAL,5.0
zRYzhAEAHAABAAAKCRtcAAsAtwB1gBAQ,2020-08-17 17:00:15,-0.20000005,-9.799999,4.75,10.89231290498033,NORMAL,6.0
zRYzhAEAHAABAAAKCRtcAAsAtwB1gBAQ,2020-08-17 17:00:19,-0.4000001,-10.799999,3.0,11.216058954909295,NORMAL,4.0
zRYzhAEAHAABAAAKCRtcAAsAtwB1gBAQ,2020-08-17 17:00:29,0.39999992,-10.4,4.5,11.338871193200848,NORMAL,10.0
zRYzhAEAHAABAAAKCRtcAAsAtwB1gBAQ,2020-08-17 17:00:34,-1.8000001,-8.799999,9.25,12.893505448868472,NORMAL,5.0
zRYzhAEAHAABAAAKCRtcAAsAtwB1gBAQ,2020-08-17 17:00:39,1.4,-6.3999996,3.0,7.2055530585792065,NORMAL,5.0
zRYzhAEAHAABAAAKCRtcAAsAtwB1gBAQ,2020-08-17 17:00:44,0.9,-6.999999,2.5,7.487321684020328,NORMAL,5.0
zRYzhAEAHAABAAAKCRtcAAsAtwB1gBAQ,2020-08-17 17:00:49,2.0,-11.0,4.0,11.874342087037917,NORMAL,5.0
zRYzhAEAHAABAAAKCRtcAAsAtwB1gBAQ,2020-08-17 17:00:54,1.8,-6.599999,2.25,7.201561414026892,NORMAL,5.0
zRYzhAEAHAABAAAKCRtcAAsAtwB1gBAQ,2020-08-17 17:00:59,1.2,-7.4,2.25,7.827036476214992,NORMAL,5.0
zRYzhAEAHAABAAAKCRtcAAsAtwB1gBAQ,2020-08-17 17:01:04,1.5999999,-8.799999,1.75,9.113862083661404,NORMAL,5.0
zRYzhAEAHAABAAAKCRtcAAsAtwB1gBAQ,2020-08-17 17:01:10,0.70000005,-9.0,2.75,9.436763219981733,NORMAL,6.0
zRYzhAEAHAABAAAKCRtcAAsAtwB1gBAQ,2020-08-17 17:01:15,0.70000005,-9.0,2.75,9.436763219981733,NORMAL,5.0
zRYzhAEAHAABAAAKCRtcAAsAtwB1gBAQ,2020-08-17 17:01:17,1.3999999,-8.199999,4.25,9.341439039034672,NORMAL,2.0
zRYzhAEAHAABAAAKCRtcAAsAtwB1gBAQ,2020-08-17 17:01:22,1.0,-6.4,4.25,7.747418925035615,NORMAL,5.0
zRYzhAEAHAABAAAKCRtcAAsAtwB1gBAQ,2020-08-17 17:01:27,-0.100000165,-6.599999,5.25,8.434007756280582,NORMAL,5.0
zRYzhAEAHAABAAAKCRtcAAsAtwB1gBAQ,2020-08-17 17:01:32,-0.20000002,-9.6,3.5,10.220078277978109,NORMAL,5.0
zRYzhAEAHAABAAAKCRtcAAsAtwB1gBAQ,2020-08-17 17:01:38,0.79999983,-8.599999,3.75,9.416075749907762,NORMAL,6.0
zRYzhAEAHAABAAAKCRtcAAsAtwB1gBAQ,2020-08-17 17:02:15,1.3,-8.6,3.5,9.375499986667377,NORMAL,37.0
zRYzhAEAHAABAAAKCRtcAAsAtwB1gBAQ,2020-08-17 17:02:18,1.5999998,-8.2,3.0,8.876936372420387,NORMAL,3.0
zRYzhAEAHAABAAAKCRtcAAsAtwB1gBAQ,2020-08-17 17:02:38,0.8999999,-8.4,4.0,9.347192082117497,NORMAL,20.0
zRYzhAEAHAABAAAKCRtcAAsAtwB1gBAQ,2020-08-17 17:02:48,1.5999999,-8.6,3.25,9.33180045221714,NORMAL,10.0
zRYzhAEAHAABAAAKCRtcAAsAtwB1gBAQ,2020-08-17 17:03:15,0.9999998,-8.599999,3.75,9.43517262163237,NORMAL,27.0
zRYzhAEAHAABAAAKCRtcAAsAtwB1gBAQ,2020-08-17 17:03:28,1.7999998,-8.2,3.0,8.915155594828395,NORMAL,13.0
zRYzhAEAHAABAAAKCRtcAAsAtwB1gBAQ,2020-08-17 17:03:33,1.6999998,-9.000001,3.25,9.71866849522099,NORMAL,5.0
zRYzhAEAHAABAAAKCRtcAAsAtwB1gBAQ,2020-08-17 17:04:15,1.2999997,-8.4,2.75,8.93378414894831,NORMAL,42.0
zRYzhAEAHAABAAAKCRtcAAsAtwB1gBAQ,2020-08-17 17:05:15,1.1999998,-9.000001,3.5,9.730879586142304,NORMAL,60.0
zRYzhAEAHAABAAAKCRtcAAsAtwB1gBAQ,2020-08-17 17:05:24,1.0999998,-8.600001,3.5,9.349867205474153,NORMAL,9.0
zRYzhAEAHAABAAAKCRtcAAsAtwB1gBAQ,2020-08-17 17:06:15,1.2999997,-8.800001,3.5,9.55928955623801,NORMAL,51.0
zRYzhAEAHAABAAAKCRtcAAsAtwB1gBAQ,2020-08-17 17:06:35,1.1999997,-8.600001,3.5,9.362158751057423,NORMAL,20.0
zRYzhAEAHAABAAAKCRtcAAsAtwB1gBAQ,2020-08-17 17:06:40,1.2999998,-8.999999,3.75,9.836283926361675,NORMAL,5.0
zRYzhAEAHAABAAAKCRtcAAsAtwB1gBAQ,2020-08-17 17:07:15,1.4999998,-9.000001,3.75,9.86471071040611,NORMAL,35.0
zRYzhAEAHAABAAAKCRtcAAsAtwB1gBAQ,2020-08-17 17:08:05,1.7999998,-8.399999,3.25,9.18490514267845,NORMAL,50.0
zRYzhAEAHAABAAAKCRtcAAsAtwB1gBAQ,2020-08-17 17:08:11,1.6999998,-8.600001,3.25,9.349466108821458,NORMAL,6.0
zRYzhAEAHAABAAAKCRtcAAsAtwB1gBAQ,2020-08-17 17:08:15,1.6999998,-8.600001,3.25,9.349466108821458,NORMAL,4.0
zRYzhAEAHAABAAAKCRtcAAsAtwB1gBAQ,2020-08-17 17:09:07,1.8999999,-7.6000013,3.75,8.685189657111795,NORMAL,52.0
zRYzhAEAHAABAAAKCRtcAAsAtwB1gBAQ,2020-08-17 17:09:14,1.6999998,-8.399999,3.0,9.080197273187462,NORMAL,7.0
zRYzhAEAHAABAAAKCRtcAAsAtwB1gBAQ,2020-08-17 17:09:15,1.6999998,-8.399999,3.0,9.080197273187462,NORMAL,1.0
zRYzhAEAHAABAAAKCRtcAAsAtwB1gBAQ,2020-08-17 17:09:39,0.8999998,-7.3999987,4.5,8.70746693361518,NORMAL,24.0
zRYzhAEAHAABAAAKCRtcAAsAtwB1gBAQ,2020-08-17 17:09:44,1.5999999,-9.800001,3.25,10.44808687176753,NORMAL,5.0
zRYzhAEAHAABAAAKCRtcAAsAtwB1gBAQ,2020-08-17 17:09:54,0.69999987,-8.000001,4.0,8.971622808500198,NORMAL,10.0
zRYzhAEAHAABAAAKCRtcAAsAtwB1gBAQ,2020-08-17 17:09:59,2.6,-1.5999985,1.75,3.518876979947189,NORMAL,5.0
zRYzhAEAHAABAAAKCRtcAAsAtwB1gBAQ,2020-08-17 17:10:04,0.49999988,-7.400001,2.0,7.681797620349094,NORMAL,5.0
zRYzhAEAHAABAAAKCRtcAAsAtwB1gBAQ,2020-08-17 17:10:09,0.39999986,-8.199999,2.75,8.65808775007513,NORMAL,5.0
zRYzhAEAHAABAAAKCRtcAAsAtwB1gBAQ,2020-08-17 17:10:14,0.2999999,-8.600001,3.75,9.386826787578485,NORMAL,5.0
zRYzhAEAHAABAAAKCRtcAAsAtwB1gBAQ,2020-08-17 17:10:15,0.2999999,-8.600001,3.75,9.386826787578485,NORMAL,1.0
zRYzhAEAHAABAAAKCRtcAAsAtwB1gBAQ,2020-08-17 17:10:29,0.49999988,-8.400002,4.25,9.427222999378133,NORMAL,14.0
zRYzhAEAHAABAAAKCRtcAAsAtwB1gBAQ,2020-08-17 17:10:34,0.09999989,-10.599998,4.25,11.420703024683025,NORMAL,5.0
zRYzhAEAHAABAAAKCRtcAAsAtwB1gBAQ,2020-08-17 17:10:39,0.7999999,-10.200002,3.75,10.896905094567172,NORMAL,5.0
zRYzhAEAHAABAAAKCRtcAAsAtwB1gBAQ,2020-08-17 17:10:44,1.8,-8.799998,1.5,9.106589087029457,NORMAL,5.0
zRYzhAEAHAABAAAKCRtcAAsAtwB1gBAQ,2020-08-17 17:10:50,-0.20000012,-11.600001,4.0,12.271920112517073,NORMAL,6.0
zRYzhAEAHAABAAAKCRtcAAsAtwB1gBAQ,2020-08-17 17:11:00,2.2,-8.800001,1.0,9.125788601540197,NORMAL,10.0
zRYzhAEAHAABAAAKCRtcAAsAtwB1gBAQ,2020-08-17 17:11:05,-0.10000012,-9.799998,3.5,10.406726710354416,NORMAL,5.0
zRYzhAEAHAABAAAKCRtcAAsAtwB1gBAQ,2020-08-17 17:11:10,0.8,-10.400002,2.75,10.787147055640059,NORMAL,5.0
zRYzhAEAHAABAAAKCRtcAAsAtwB1gBAQ,2020-08-17 17:11:15,1.1999999,-9.599998,3.75,10.376052301333296,NORMAL,5.0
zRYzhAEAHAABAAAKCRtcAAsAtwB1gBAQ,2020-08-17 17:11:20,1.7,-8.800001,1.75,9.131950372182331,NORMAL,5.0
zRYzhAEAHAABAAAKCRtcAAsAtwB1gBAQ,2020-08-17 17:11:35,0.1999999,-8.400002,2.75,8.840957728662886,NORMAL,15.0
zRYzhAEAHAABAAAKCRtcAAsAtwB1gBAQ,2020-08-17 17:11:40,1.5,-7.9999986,2.75,8.591418835093652,NORMAL,5.0
zRYzhAEAHAABAAAKCRtcAAsAtwB1gBAQ,2020-08-17 17:11:45,0.5999999,-8.600001,3.25,9.213170848301957,NORMAL,5.0
zRYzhAEAHAABAAAKCRtcAAsAtwB1gBAQ,2020-08-17 17:11:50,0.59999996,-9.799998,4.25,10.698713041857138,NORMAL,5.0
zRYzhAEAHAABAAAKCRtcAAsAtwB1gBAQ,2020-08-17 17:12:00,0.39999992,-8.399999,3.25,9.015679848796816,NORMAL,10.0
zRYzhAEAHAABAAAKCRtcAAsAtwB1gBAQ,2020-08-17 17:12:05,0.19999996,-9.000001,3.5,9.658675788326317,NORMAL,5.0
zRYzhAEAHAABAAAKCRtcAAsAtwB1gBAQ,2020-08-17 17:12:15,1.1,-7.400001,1.5,7.630204112604131,NORMAL,10.0
zRYzhAEAHAABAAAKCRtcAAsAtwB1gBAQ,2020-08-17 17:12:16,1.1,-7.400001,1.5,7.630204112604131,NORMAL,1.0
zRYzhAEAHAABAAAKCRtcAAsAtwB1gBAQ,2020-08-17 17:12:20,0.19999993,-8.999998,2.0,9.221711553285756,NORMAL,4.0
zRYzhAEAHAABAAAKCRtcAAsAtwB1gBAQ,2020-08-17 17:12:40,0.6999999,-6.999998,5.5,8.9297240640461,NORMAL,20.0
zRYzhAEAHAABAAAKCRtcAAsAtwB1gBAQ,2020-08-17 17:13:06,0.49999982,-8.000001,4.5,9.192389015919693,NORMAL,26.0
zRYzhAEAHAABAAAKCRtcAAsAtwB1gBAQ,2020-08-17 17:13:11,1.0999999,-9.399998,3.0,9.928240638703517,NORMAL,5.0
zRYzhAEAHAABAAAKCRtcAAsAtwB1gBAQ,2020-08-17 17:13:16,1.0999999,-9.399998,3.0,9.928240638703517,NORMAL,5.0
zRYzhAEAHAABAAAKCRtcAAsAtwB1gBAQ,2020-08-17 17:13:18,-0.10000019,-7.600001,3.25,8.266348361761741,NORMAL,2.0
zRYzhAEAHAABAAAKCRtcAAsAtwB1gBAQ,2020-08-17 17:13:28,0.59999985,-8.999998,2.75,9.429870827323354,NORMAL,10.0
zRYzhAEAHAABAAAKCRtcAAsAtwB1gBAQ,2020-08-17 17:13:49,0.49999988,-6.800001,3.0,7.44916193138537,NORMAL,21.0
zRYzhAEAHAABAAAKCRtcAAsAtwB1gBAQ,2020-08-17 17:14:16,0.09999986,-8.600001,4.0,9.485252615086274,NORMAL,27.0
zRYzhAEAHAABAAAKCRtcAAsAtwB1gBAQ,2020-08-17 17:14:19,1.7,-11.199999,3.75,11.932831918702325,NORMAL,3.0
zRYzhAEAHAABAAAKCRtcAAsAtwB1gBAQ,2020-08-17 17:14:24,1.7999998,-11.400002,1.25,11.608727099902213,NORMAL,5.0
zRYzhAEAHAABAAAKCRtcAAsAtwB1gBAQ,2020-08-17 17:14:29,1.8000001,-5.9999986,3.5,7.175652134823842,NORMAL,5.0
zRYzhAEAHAABAAAKCRtcAAsAtwB1gBAQ,2020-08-17 17:14:34,1.3999999,-8.600001,3.75,9.485911496530052,NORMAL,5.0
zRYzhAEAHAABAAAKCRtcAAsAtwB1gBAQ,2020-08-17 17:14:39,0.30000004,-8.999999,4.25,9.957533932857121,NORMAL,5.0
zRYzhAEAHAABAAAKCRtcAAsAtwB1gBAQ,2020-08-17 17:14:49,1.6999998,-4.399999,2.5,5.33853823813233,NORMAL,10.0
zRYzhAEAHAABAAAKCRtcAAsAtwB1gBAQ,2020-08-17 17:14:59,2.3000002,-7.399999,3.0,8.309632129041637,NORMAL,10.0
zRYzhAEAHAABAAAKCRtcAAsAtwB1gBAQ,2020-08-17 17:15:04,-2.6000001,-12.600001,6.0,14.195774924955701,ABNORMAL,5.0
zRYzhAEAHAABAAAKCRtcAAsAtwB1gBAQ,2020-08-17 17:15:09,2.2000003,-11.199999,3.75,12.01426148042405,NORMAL,5.0
zRYzhAEAHAABAAAKCRtcAAsAtwB1gBAQ,2020-08-17 17:15:14,0.8999999,-9.600001,3.75,10.345652179539046,NORMAL,5.0
zRYzhAEAHAABAAAKCRtcAAsAtwB1gBAQ,2020-08-17 17:15:16,0.8999999,-9.600001,3.75,10.345652179539046,NORMAL,2.0
zRYzhAEAHAABAAAKCRtcAAsAtwB1gBAQ,2020-08-17 17:15:19,0.40000027,-5.199999,3.0,6.0166427362775226,NORMAL,3.0
zRYzhAEAHAABAAAKCRtcAAsAtwB1gBAQ,2020-08-17 17:15:24,0.099999905,-9.200002,4.25,10.134719373569453,NORMAL,5.0
zRYzhAEAHAABAAAKCRtcAAsAtwB1gBAQ,2020-08-17 17:15:29,1.0000002,-8.599998,4.75,9.87534637367237,NORMAL,5.0
zRYzhAEAHAABAAAKCRtcAAsAtwB1gBAQ,2020-08-17 17:15:34,-0.7000001,-8.800002,4.0,9.691750891351056,NORMAL,5.0
zRYzhAEAHAABAAAKCRtcAAsAtwB1gBAQ,2020-08-17 17:15:39,1.2000003,-13.999998,6.0,15.278741594778154,ABNORMAL,5.0
zRYzhAEAHAABAAAKCRtcAAsAtwB1gBAQ,2020-08-17 17:15:45,3.1,-5.200002,0.25,6.0590858056314065,NORMAL,6.0
zRYzhAEAHAABAAAKCRtcAAsAtwB1gBAQ,2020-08-17 17:15:50,-2.9999998,0.8000021,5.5,6.31585324085388,NORMAL,5.0
zRYzhAEAHAABAAAKCRtcAAsAtwB1gBAQ,2020-08-17 17:15:55,-0.90000015,-14.800002,4.75,15.56960370304922,ABNORMAL,5.0
zRYzhAEAHAABAAAKCRtcAAsAtwB1gBAQ,2020-08-17 17:16:00,-0.7999997,-8.199998,6.0,10.192152212364379,NORMAL,5.0
zRYzhAEAHAABAAAKCRtcAAsAtwB1gBAQ,2020-08-17 17:16:20,0.9999998,-7.799998,3.5,8.607552985605377,NORMAL,20.0
zRYzhAEAHAABAAAKCRtcAAsAtwB1gBAQ,2020-08-17 17:16:52,0.8000003,-7.400002,0.75,7.4808107902823,NORMAL,32.0
zRYzhAEAHAABAAAKCRtcAAsAtwB1gBAQ,2020-08-17 17:16:59,1.2999998,-11.5999975,2.25,11.887490966558348,NORMAL,7.0
zRYzhAEAHAABAAAKCRtcAAsAtwB1gBAQ,2020-08-17 17:17:09,1.2000003,-7.5999975,3.5,8.452807978417962,NORMAL,10.0
zRYzhAEAHAABAAAKCRtcAAsAtwB1gBAQ,2020-08-17 17:17:14,5.1,-1.0000019,0.75,5.250952656423747,NORMAL,5.0
zRYzhAEAHAABAAAKCRtcAAsAtwB1gBAQ,2020-08-17 17:17:19,5.1,-1.0000019,0.75,5.250952656423747,NORMAL,5.0
zRYzhAEAHAABAAAKCRtcAAsAtwB1gBAQ,2020-08-17 17:17:22,1.8000003,-8.399998,2.75,9.020114604593674,NORMAL,3.0
zRYzhAEAHAABAAAKCRtcAAsAtwB1gBAQ,2020-08-17 17:17:27,0.6999998,-6.800002,4.0,7.920228968912707,NORMAL,5.0
zRYzhAEAHAABAAAKCRtcAAsAtwB1gBAQ,2020-08-17 17:17:32,1.0000002,-8.199998,3.0,8.788627173797057,NORMAL,5.0
zRYzhAEAHAABAAAKCRtcAAsAtwB1gBAQ,2020-08-17 17:17:37,4.1,-2.000002,3.0,5.459854210508189,NORMAL,5.0
zRYzhAEAHAABAAAKCRtcAAsAtwB1gBAQ,2020-08-17 17:17:42,-1.1999998,-12.5999975,7.75,14.841241070746284,ABNORMAL,5.0
zRYzhAEAHAABAAAKCRtcAAsAtwB1gBAQ,2020-08-17 17:17:47,-2.3000002,-9.4000025,6.75,11.7988367189315,NORMAL,5.0
zRYzhAEAHAABAAAKCRtcAAsAtwB1gBAQ,2020-08-17 17:17:52,0.9000002,-8.999997,3.0,9.529425290121596,NORMAL,5.0
zRYzhAEAHAABAAAKCRtcAAsAtwB1gBAQ,2020-08-17 17:17:57,1.9999999,-8.800002,3.5,9.679361280580656,NORMAL,5.0
zRYzhAEAHAABAAAKCRtcAAsAtwB1gBAQ,2020-08-17 17:18:02,-0.3999998,-11.999997,5.5,13.206435092030288,NORMAL,5.0
zRYzhAEAHAABAAAKCRtcAAsAtwB1gBAQ,2020-08-17 17:18:07,0.89999986,-8.200002,3.75,9.061596578308041,NORMAL,5.0
zRYzhAEAHAABAAAKCRtcAAsAtwB1gBAQ,2020-08-17 17:18:12,0.8000002,-8.399997,5.25,9.937929860892009,NORMAL,5.0
zRYzhAEAHAABAAAKCRtcAAsAtwB1gBAQ,2020-08-17 17:18:17,0.19999984,-17.400002,4.5,17.973593673386635,ABNORMAL,5.0
zRYzhAEAHAABAAAKCRtcAAsAtwB1gBAQ,2020-08-17 17:18:20,0.19999984,-17.400002,4.5,17.973593673386635,ABNORMAL,3.0
zRYzhAEAHAABAAAKCRtcAAsAtwB1gBAQ,2020-08-17 17:18:22,-0.19999982,-10.799996,5.75,12.236928271752516,NORMAL,2.0
zRYzhAEAHAABAAAKCRtcAAsAtwB1gBAQ,2020-08-17 17:18:27,0.79999983,-4.2000012,2.75,5.083552872549027,NORMAL,5.0
zRYzhAEAHAABAAAKCRtcAAsAtwB1gBAQ,2020-08-17 17:18:32,1.9000002,-9.199996,1.25,9.476941867502198,NORMAL,5.0
zRYzhAEAHAABAAAKCRtcAAsAtwB1gBAQ,2020-08-17 17:18:37,1.3999999,-9.200002,3.5,9.94233556665656,NORMAL,5.0
zRYzhAEAHAABAAAKCRtcAAsAtwB1gBAQ,2020-08-17 17:18:42,1.7000002,-7.999996,3.0,8.711483035626944,NORMAL,5.0
zRYzhAEAHAABAAAKCRtcAAsAtwB1gBAQ,2020-08-17 17:18:52,0.79999983,-8.999996,5.25,10.449996542009764,NORMAL,10.0
zRYzhAEAHAABAAAKCRtcAAsAtwB1gBAQ,2020-08-17 17:19:02,0.49999982,-5.199996,4.75,7.0606273248215015,NORMAL,10.0
zRYzhAEAHAABAAAKCRtcAAsAtwB1gBAQ,2020-08-17 17:19:07,0.7000001,-9.800001,3.25,10.34855157691167,NORMAL,5.0
zRYzhAEAHAABAAAKCRtcAAsAtwB1gBAQ,2020-08-17 17:19:12,0.39999983,-12.199996,5.25,13.287678588226616,NORMAL,5.0
zRYzhAEAHAABAAAKCRtcAAsAtwB1gBAQ,2020-08-17 17:19:17,0.80000013,-12.000001,2.5,12.283730060856962,NORMAL,5.0
zRYzhAEAHAABAAAKCRtcAAsAtwB1gBAQ,2020-08-17 17:19:20,0.80000013,-12.000001,2.5,12.283730060856962,NORMAL,3.0
zRYzhAEAHAABAAAKCRtcAAsAtwB1gBAQ,2020-08-17 17:19:23,0.79999983,-6.399996,3.25,7.222357546398269,NORMAL,3.0
zRYzhAEAHAABAAAKCRtcAAsAtwB1gBAQ,2020-08-17 17:19:28,-0.5999999,-11.800001,4.0,12.473973844769798,NORMAL,5.0
zRYzhAEAHAABAAAKCRtcAAsAtwB1gBAQ,2020-08-17 17:19:38,2.1000001,-10.799995,4.5,11.88696312857178,NORMAL,10.0
zRYzhAEAHAABAAAKCRtcAAsAtwB1gBAQ,2020-08-17 17:19:43,-0.20000008,-10.800001,5.25,12.010100816895793,NORMAL,5.0
zRYzhAEAHAABAAAKCRtcAAsAtwB1gBAQ,2020-08-17 17:19:48,1.3000002,-7.999995,2.75,8.558762791433411,NORMAL,5.0
zRYzhAEAHAABAAAKCRtcAAsAtwB1gBAQ,2020-08-17 17:19:58,-1.2,-6.7999954,4.25,8.108171029277884,NORMAL,10.0
zRYzhAEAHAABAAAKCRtcAAsAtwB1gBAQ,2020-08-17 17:20:03,2.0000002,-11.000002,2.75,11.513580885198316,NORMAL,5.0
zRYzhAEAHAABAAAKCRtcAAsAtwB1gBAQ,2020-08-17 17:20:08,2.0,-9.799995,3.25,10.516767659315526,NORMAL,5.0
zRYzhAEAHAABAAAKCRtcAAsAtwB1gBAQ,2020-08-17 17:20:13,-0.2999998,-9.600002,5.25,10.94589138809645,NORMAL,5.0
zRYzhAEAHAABAAAKCRtcAAsAtwB1gBAQ,2020-08-17 17:20:18,0.09999997,-9.599996,10.5,14.227435580385384,ABNORMAL,5.0
zRYzhAEAHAABAAAKCRtcAAsAtwB1gBAQ,2020-08-17 17:20:21,0.09999997,-9.599996,10.5,14.227435580385384,ABNORMAL,3.0
zRYzhAEAHAABAAAKCRtcAAsAtwB1gBAQ,2020-08-17 17:20:23,0.8000002,-10.800002,5.0,11.92811986525974,NORMAL,2.0
zRYzhAEAHAABAAAKCRtcAAsAtwB1gBAQ,2020-08-17 17:20:28,1.8,-6.399996,1.5,6.815419928369491,NORMAL,5.0
zRYzhAEAHAABAAAKCRtcAAsAtwB1gBAQ,2020-08-17 17:20:33,0.6000002,-9.4000025,2.5,9.745257679507827,NORMAL,5.0
zRYzhAEAHAABAAAKCRtcAAsAtwB1gBAQ,2020-08-17 17:20:38,-0.100000076,-7.5999956,3.25,8.26634339567498,NORMAL,5.0
zRYzhAEAHAABAAAKCRtcAAsAtwB1gBAQ,2020-08-17 17:20:43,1.3000002,-9.800002,1.75,10.03954878069747,NORMAL,5.0
zRYzhAEAHAABAAAKCRtcAAsAtwB1gBAQ,2020-08-17 17:20:48,1.5999999,-8.799995,2.75,9.357478916889153,NORMAL,5.0
zRYzhAEAHAABAAAKCRtcAAsAtwB1gBAQ,2020-08-17 17:20:53,1.0000002,-7.400002,3.75,8.355987673519154,NORMAL,5.0
zRYzhAEAHAABAAAKCRtcAAsAtwB1gBAQ,2020-08-17 17:20:58,0.7999999,-6.7999954,3.75,7.806563730606519,NORMAL,5.0
zRYzhAEAHAABAAAKCRtcAAsAtwB1gBAQ,2020-08-17 17:21:08,0.5999999,-8.200002,3.5,8.935884549388717,NORMAL,10.0
zRYzhAEAHAABAAAKCRtcAAsAtwB1gBAQ,2020-08-17 17:21:13,0.40000013,-9.799995,4.0,10.592445520465281,NORMAL,5.0
zRYzhAEAHAABAAAKCRtcAAsAtwB1gBAQ,2020-08-17 17:21:18,0.6999999,-8.400002,2.75,8.866370929529399,NORMAL,5.0
zRYzhAEAHAABAAAKCRtcAAsAtwB1gBAQ,2020-08-17 17:21:21,0.6999999,-8.400002,2.75,8.866370929529399,NORMAL,3.0
zRYzhAEAHAABAAAKCRtcAAsAtwB1gBAQ,2020-08-17 17:21:24,0.80000013,-7.999995,3.0,8.581370532031874,NORMAL,3.0
zRYzhAEAHAABAAAKCRtcAAsAtwB1gBAQ,2020-08-17 17:21:29,0.49999994,-9.600001,3.0,10.07025417454798,NORMAL,5.0
zRYzhAEAHAABAAAKCRtcAAsAtwB1gBAQ,2020-08-17 17:21:39,-0.09999988,-8.400002,3.25,9.007359967049393,NORMAL,10.0
zRYzhAEAHAABAAAKCRtcAAsAtwB1gBAQ,2020-08-17 17:21:44,1.0999999,-8.399996,2.5,8.832889254372887,NORMAL,5.0
zRYzhAEAHAABAAAKCRtcAAsAtwB1gBAQ,2020-08-17 17:21:49,0.30000013,-9.400002,3.75,10.124847538506643,NORMAL,5.0
zRYzhAEAHAABAAAKCRtcAAsAtwB1gBAQ,2020-08-17 17:21:59,0.40000013,-8.599996,3.5,9.293542451832671,NORMAL,10.0
zRYzhAEAHAABAAAKCRtcAAsAtwB1gBAQ,2020-08-17 17:22:04,-1.2665987e-07,-7.8000016,4.75,9.13249828688747,NORMAL,5.0
zRYzhAEAHAABAAAKCRtcAAsAtwB1gBAQ,2020-08-17 17:22:09,2.1000001,-8.199996,2.5,8.826093972988053,NORMAL,5.0
zRYzhAEAHAABAAAKCRtcAAsAtwB1gBAQ,2020-08-17 17:22:14,0.3999999,-10.200002,0.0,10.207842118685221,NORMAL,5.0
zRYzhAEAHAABAAAKCRtcAAsAtwB1gBAQ,2020-08-17 17:22:19,2.3000002,-7.599996,5.0,9.383492959448311,NORMAL,5.0
zRYzhAEAHAABAAAKCRtcAAsAtwB1gBAQ,2020-08-17 17:22:22,2.3000002,-7.599996,5.0,9.383492959448311,NORMAL,3.0
zRYzhAEAHAABAAAKCRtcAAsAtwB1gBAQ,2020-08-17 17:22:24,0.69999987,-11.000002,4.25,11.813235958788093,NORMAL,2.0
zRYzhAEAHAABAAAKCRtcAAsAtwB1gBAQ,2020-08-17 17:22:29,0.60000014,-9.399996,2.75,9.812360825408737,NORMAL,5.0
zRYzhAEAHAABAAAKCRtcAAsAtwB1gBAQ,2020-08-17 17:22:39,1.5000001,-9.199996,2.5,9.650902895585263,NORMAL,10.0
zRYzhAEAHAABAAAKCRtcAAsAtwB1gBAQ,2020-08-17 17:22:49,0.80000013,-9.200002,4.0,10.06379833899726,NORMAL,10.0
zRYzhAEAHAABAAAKCRtcAAsAtwB1gBAQ,2020-08-17 17:22:54,0.99999994,-8.599996,4.0,9.537291600869505,NORMAL,5.0
zRYzhAEAHAABAAAKCRtcAAsAtwB1gBAQ,2020-08-17 17:22:59,0.60000014,-8.400002,4.75,9.668636603368855,NORMAL,5.0
zRYzhAEAHAABAAAKCRtcAAsAtwB1gBAQ,2020-08-17 17:23:14,0.20000014,-5.6000013,3.75,6.742589607561897,NORMAL,15.0
zRYzhAEAHAABAAAKCRtcAAsAtwB1gBAQ,2020-08-17 17:23:19,-2.6000001,-11.199996,6.0,12.969190835206954,NORMAL,5.0
zRYzhAEAHAABAAAKCRtcAAsAtwB1gBAQ,2020-08-17 17:23:22,-2.6000001,-11.199996,6.0,12.969190835206954,NORMAL,3.0
zRYzhAEAHAABAAAKCRtcAAsAtwB1gBAQ,2020-08-17 17:23:32,-0.7000001,-10.399996,3.75,11.077563673480554,NORMAL,10.0
zRYzhAEAHAABAAAKCRtcAAsAtwB1gBAQ,2020-08-17 17:23:37,0.5000002,-8.400002,4.0,9.317190230965775,NORMAL,5.0
zRYzhAEAHAABAAAKCRtcAAsAtwB1gBAQ,2020-08-17 17:23:52,-1.9999999,-8.599996,5.25,10.2724111483145,NORMAL,15.0
zRYzhAEAHAABAAAKCRtcAAsAtwB1gBAQ,2020-08-17 17:23:57,0.4999999,-8.600001,6.5,10.791664241441216,NORMAL,5.0
zRYzhAEAHAABAAAKCRtcAAsAtwB1gBAQ,2020-08-17 17:24:02,1.1000001,-7.7999954,2.75,8.343406286404923,NORMAL,5.0
zRYzhAEAHAABAAAKCRtcAAsAtwB1gBAQ,2020-08-17 17:24:08,0.39999992,-9.000001,4.0,9.856978134093684,NORMAL,6.0
zRYzhAEAHAABAAAKCRtcAAsAtwB1gBAQ,2020-08-17 17:24:13,1.4000001,-7.3999953,3.25,8.202586830995578,NORMAL,5.0
zRYzhAEAHAABAAAKCRtcAAsAtwB1gBAQ,2020-08-17 17:24:18,0.5999999,-8.600001,2.5,8.976080273705277,NORMAL,5.0
zRYzhAEAHAABAAAKCRtcAAsAtwB1gBAQ,2020-08-17 17:24:22,0.5999999,-8.600001,2.5,8.976080273705277,NORMAL,4.0
zRYzhAEAHAABAAAKCRtcAAsAtwB1gBAQ,2020-08-17 17:24:25,7.4505806e-08,-8.599996,4.5,9.7061800519059,NORMAL,3.0
zRYzhAEAHAABAAAKCRtcAAsAtwB1gBAQ,2020-08-17 17:24:30,0.7999999,-8.800001,3.75,9.599089406813597,NORMAL,5.0
zRYzhAEAHAABAAAKCRtcAAsAtwB1gBAQ,2020-08-17 17:24:35,0.4000001,-8.799995,3.5,9.478919351910585,NORMAL,5.0
zRYzhAEAHAABAAAKCRtcAAsAtwB1gBAQ,2020-08-17 17:25:10,-0.10000012,-8.199995,3.75,9.017339852973548,NORMAL,35.0
zRYzhAEAHAABAAAKCRtcAAsAtwB1gBAQ,2020-08-17 17:25:15,0.4000001,-8.200001,3.75,9.02565878371219,NORMAL,5.0
zRYzhAEAHAABAAAKCRtcAAsAtwB1gBAQ,2020-08-17 17:25:22,0.19999988,-8.200001,3.75,9.019008612480699,NORMAL,7.0
zRYzhAEAHAABAAAKCRtcAAsAtwB1gBAQ,2020-08-17 17:25:25,0.3000001,-8.599995,3.25,9.19850064195383,NORMAL,3.0
zRYzhAEAHAABAAAKCRtcAAsAtwB1gBAQ,2020-08-17 17:25:30,1.3,-6.8000007,3.25,7.648039586717664,NORMAL,5.0
zRYzhAEAHAABAAAKCRtcAAsAtwB1gBAQ,2020-08-17 17:25:40,2.5,-8.399995,2.5,9.113721303618243,NORMAL,10.0
zRYzhAEAHAABAAAKCRtcAAsAtwB1gBAQ,2020-08-17 17:25:45,1.1000001,-7.8000007,2.5,8.264382078534396,NORMAL,5.0
zRYzhAEAHAABAAAKCRtcAAsAtwB1gBAQ,2020-08-17 17:25:50,-0.20000005,-9.399995,3.0,9.869139071875773,NORMAL,5.0
zRYzhAEAHAABAAAKCRtcAAsAtwB1gBAQ,2020-08-17 17:25:55,0.70000017,-8.6,3.25,9.220222352958741,NORMAL,5.0
zRYzhAEAHAABAAAKCRtcAAsAtwB1gBAQ,2020-08-17 17:26:00,0.39999998,-8.799994,3.75,9.574047962279904,NORMAL,5.0
zRYzhAEAHAABAAAKCRtcAAsAtwB1gBAQ,2020-08-17 17:26:10,0.7,-8.8,2.5,9.174965939991276,NORMAL,10.0
zRYzhAEAHAABAAAKCRtcAAsAtwB1gBAQ,2020-08-17 17:26:20,0.8,-9.199994,3.75,9.967065245097777,NORMAL,10.0
zRYzhAEAHAABAAAKCRtcAAsAtwB1gBAQ,2020-08-17 17:26:23,0.8,-9.199994,3.75,9.967065245097777,NORMAL,3.0
zRYzhAEAHAABAAAKCRtcAAsAtwB1gBAQ,2020-08-17 17:26:25,1.3000002,-9.6,3.25,10.218243514420667,NORMAL,2.0
zRYzhAEAHAABAAAKCRtcAAsAtwB1gBAQ,2020-08-17 17:26:35,0.1,-9.200001,4.5,10.242071001511414,NORMAL,10.0
zRYzhAEAHAABAAAKCRtcAAsAtwB1gBAQ,2020-08-17 17:26:40,0.5000002,-7.1999936,3.5,8.021216119768933,NORMAL,5.0
zRYzhAEAHAABAAAKCRtcAAsAtwB1gBAQ,2020-08-17 17:26:46,1.5,-8.200001,3.25,8.947207184367702,NORMAL,6.0
zRYzhAEAHAABAAAKCRtcAAsAtwB1gBAQ,2020-08-17 17:26:51,1.0000002,-10.999993,3.0,11.445516432212617,NORMAL,5.0
zRYzhAEAHAABAAAKCRtcAAsAtwB1gBAQ,2020-08-17 17:26:56,3.6000001,-6.600001,2.5,7.9227529255935405,NORMAL,5.0
zRYzhAEAHAABAAAKCRtcAAsAtwB1gBAQ,2020-08-17 17:27:01,1.7000003,-9.399993,2.0,9.759603958155735,NORMAL,5.0
zRYzhAEAHAABAAAKCRtcAAsAtwB1gBAQ,2020-08-17 17:27:06,1.8000001,-8.400001,1.5,8.720666096119093,NORMAL,5.0
zRYzhAEAHAABAAAKCRtcAAsAtwB1gBAQ,2020-08-17 17:27:11,0.30000025,-8.599993,3.75,9.386819469343653,NORMAL,5.0
zRYzhAEAHAABAAAKCRtcAAsAtwB1gBAQ,2020-08-17 17:27:24,0.10000025,-9.000001,3.5,9.657122658949769,NORMAL,13.0
zRYzhAEAHAABAAAKCRtcAAsAtwB1gBAQ,2020-08-17 17:27:27,0.70000005,-7.999993,3.5,8.76013059663205,NORMAL,3.0
zRYzhAEAHAABAAAKCRtcAAsAtwB1gBAQ,2020-08-17 19:11:00,0.7,-8.6,3.25,9.220222340052326,NORMAL,6213.0
zRYzhAEAHAABAAAKCRtcAAsAtwB1gBAQ,2020-08-17 19:11:41,0.3,-8.6,3.5,9.289779329994873,NORMAL,41.0
zRYzhAEAHAABAAAKCRtcAAsAtwB1gBAQ,2020-08-17 19:13:07,0.7,-8.6,3.5,9.311283477587823,NORMAL,86.0
zRYzhAEAHAABAAAKCRtcAAsAtwB1gBAQ,2020-08-17 19:13:21,0.29999998,-8.6,3.75,9.386825873957607,NORMAL,14.0
zRYzhAEAHAABAAAKCRtcAAsAtwB1gBAQ,2020-08-17 19:14:05,0.7,-8.8,3.5,9.496315074806649,NORMAL,44.0
zRYzhAEAHAABAAAKCRtcAAsAtwB1gBAQ,2020-08-17 19:15:34,0.10000002,-8.8,4.0,9.666954018924473,NORMAL,89.0
zRYzhAEAHAABAAAKCRtcAAsAtwB1gBAQ,2020-08-17 19:16:09,0.49999994,-8.6,3.5,9.298386953660296,NORMAL,35.0
zRYzhAEAHAABAAAKCRtcAAsAtwB1gBAQ,2020-08-17 19:16:34,0.40000004,-8.8,3.75,9.57405347969187,NORMAL,25.0
zRYzhAEAHAABAAAKCRtcAAsAtwB1gBAQ,2020-08-17 19:17:05,0.29999998,-8.6,3.75,9.386825873957607,NORMAL,31.0
zRYzhAEAHAABAAAKCRtcAAsAtwB1gBAQ,2020-08-17 19:18:40,0.4000001,-8.6,3.75,9.390553768548477,NORMAL,95.0
zRYzhAEAHAABAAAKCRtcAAsAtwB1gBAQ,2020-08-17 19:19:02,0.5,-8.8,3.5,9.483670175622938,NORMAL,22.0
zRYzhAEAHAABAAAKCRtcAAsAtwB1gBAQ,2020-08-17 19:19:10,1.1175871e-07,-8.8,3.75,9.565693911055279,NORMAL,8.0
zRYzhAEAHAABAAAKCRtcAAsAtwB1gBAQ,2020-08-17 19:20:41,0.6,-8.6,3.5,9.304300081145277,NORMAL,91.0
zRYzhAEAHAABAAAKCRtcAAsAtwB1gBAQ,2020-08-17 19:21:41,0.40000013,-8.8,3.75,9.574053483452035,NORMAL,60.0
zRYzhAEAHAABAAAKCRtcAAsAtwB1gBAQ,2020-08-17 19:22:41,0.3000001,-8.400001,3.75,9.203940289897638,NORMAL,60.0
zRYzhAEAHAABAAAKCRtcAAsAtwB1gBAQ,2020-08-17 19:22:56,0.7,-8.6,3.5,9.311283477587823,NORMAL,15.0
zRYzhAEAHAABAAAKCRtcAAsAtwB1gBAQ,2020-08-17 19:23:42,0.6000001,-8.8,3.5,9.489467852308685,NORMAL,46.0
zRYzhAEAHAABAAAKCRtcAAsAtwB1gBAQ,2020-08-17 19:24:42,0.6000001,-8.8,3.5,9.489467852308685,NORMAL,60.0
zRYzhAEAHAABAAAKCRtcAAsAtwB1gBAQ,2020-08-17 19:25:42,0.50000006,-9.0,3.5,9.669539806009384,NORMAL,60.0
zRYzhAEAHAABAAAKCRtcAAsAtwB1gBAQ,2020-08-17 19:26:42,0.6000001,-8.6,3.75,9.401196738713642,NORMAL,60.0
zRYzhAEAHAABAAAKCRtcAAsAtwB1gBAQ,2020-08-17 19:27:19,0.5000001,-8.6,3.5,9.298386962263939,NORMAL,37.0
zRYzhAEAHAABAAAKCRtcAAsAtwB1gBAQ,2020-08-17 19:28:51,0.20000012,-8.6,3.75,9.38416219211923,NORMAL,92.0
zRYzhAEAHAABAAAKCRtcAAsAtwB1gBAQ,2020-08-17 19:29:51,0.5,-8.6,3.5,9.298386956886661,NORMAL,60.0
zRYzhAEAHAABAAAKCRtcAAsAtwB1gBAQ,2020-08-17 19:30:29,0.40000004,-8.8,3.75,9.57405347969187,NORMAL,38.0
zRYzhAEAHAABAAAKCRtcAAsAtwB1gBAQ,2020-08-17 19:31:54,0.40000018,-8.6,3.5,9.293546155478007,NORMAL,85.0
zRYzhAEAHAABAAAKCRtcAAsAtwB1gBAQ,2020-08-17 19:32:54,0.50000006,-8.6,4.0,9.497894506678836,NORMAL,60.0
zRYzhAEAHAABAAAKCRtcAAsAtwB1gBAQ,2020-08-17 19:38:14,0.4,-8.6,3.5,9.293546147730693,NORMAL,320.0
zRYzhAEAHAABAAAKCRtcAAsAtwB1gBAQ,2020-08-17 19:39:06,0.4,-8.6,3.5,9.293546147730693,NORMAL,52.0
zRYzhAEAHAABAAAKCRtcAAsAtwB1gBAQ,2020-08-17 19:40:28,0.4,-8.6,3.5,9.293546147730693,NORMAL,82.0
zRYzhAEAHAABAAAKCRtcAAsAtwB1gBAQ,2020-08-17 19:41:29,0.5,-8.6,3.75,9.395344591871018,NORMAL,61.0
zRYzhAEAHAABAAAKCRtcAAsAtwB1gBAQ,2020-08-17 19:42:29,0.4,-8.6,3.75,9.390553764288876,NORMAL,60.0
zRYzhAEAHAABAAAKCRtcAAsAtwB1gBAQ,2020-08-17 19:43:29,0.4,-8.6,3.75,9.390553764288876,NORMAL,60.0
zRYzhAEAHAABAAAKCRtcAAsAtwB1gBAQ,2020-08-17 19:45:29,0.4,-8.6,3.75,9.390553764288876,NORMAL,120.0
zRYzhAEAHAABAAAKCRtcAAsAtwB1gBAQ,2020-08-17 19:45:44,0.19999999,-8.8,4.25,9.774584389936997,NORMAL,15.0
zRYzhAEAHAABAAAKCRtcAAsAtwB1gBAQ,2020-08-17 19:45:59,1.4000001,-7.2000003,4.0,8.354639704978313,NORMAL,15.0
zRYzhAEAHAABAAAKCRtcAAsAtwB1gBAQ,2020-08-17 19:46:05,2.3,-9.000001,2.75,9.687750925782568,NORMAL,6.0
zRYzhAEAHAABAAAKCRtcAAsAtwB1gBAQ,2020-08-17 19:46:10,1.3000001,-6.8,3.75,7.873531625642968,NORMAL,5.0
zRYzhAEAHAABAAAKCRtcAAsAtwB1gBAQ,2020-08-17 19:46:15,1.0999999,-11.800001,4.0,12.507998376239142,NORMAL,5.0
zRYzhAEAHAABAAAKCRtcAAsAtwB1gBAQ,2020-08-17 19:46:25,-3.6000001,-8.2,5.5,10.50951952850367,NORMAL,10.0
zRYzhAEAHAABAAAKCRtcAAsAtwB1gBAQ,2020-08-17 19:46:29,-3.6000001,-8.2,5.5,10.50951952850367,NORMAL,4.0
zRYzhAEAHAABAAAKCRtcAAsAtwB1gBAQ,2020-08-17 19:46:36,0.09999991,-9.0,2.25,9.277526609069898,NORMAL,7.0
zRYzhAEAHAABAAAKCRtcAAsAtwB1gBAQ,2020-08-17 19:46:41,-0.2999999,-8.400002,4.25,9.418733117569689,NORMAL,5.0
zRYzhAEAHAABAAAKCRtcAAsAtwB1gBAQ,2020-08-17 19:46:46,-8.940697e-08,-8.6,4.25,9.592835868501036,NORMAL,5.0
zRYzhAEAHAABAAAKCRtcAAsAtwB1gBAQ,2020-08-17 19:47:01,0.20000012,-8.600001,5.25,10.077823041113643,NORMAL,15.0
zRYzhAEAHAABAAAKCRtcAAsAtwB1gBAQ,2020-08-17 19:47:06,-0.7000001,-7.8,5.5,9.569743995530915,NORMAL,5.0
zRYzhAEAHAABAAAKCRtcAAsAtwB1gBAQ,2020-08-17 19:47:16,2.8999999,-4.6000013,-2.25,5.884939369271505,NORMAL,10.0
zRYzhAEAHAABAAAKCRtcAAsAtwB1gBAQ,2020-08-17 19:47:21,-1.0999998,-10.0,2.25,10.308855395241512,NORMAL,5.0
zRYzhAEAHAABAAAKCRtcAAsAtwB1gBAQ,2020-08-17 19:47:26,0.19999981,-8.800001,2.5,9.150410784440284,NORMAL,5.0
zRYzhAEAHAABAAAKCRtcAAsAtwB1gBAQ,2020-08-17 19:47:29,0.19999981,-8.800001,2.5,9.150410784440284,NORMAL,3.0
zRYzhAEAHAABAAAKCRtcAAsAtwB1gBAQ,2020-08-17 19:47:31,0.7000002,-8.8,3.0,9.323625919136829,NORMAL,2.0
zRYzhAEAHAABAAAKCRtcAAsAtwB1gBAQ,2020-08-17 19:48:29,0.50000024,-8.600001,3.75,9.395345519990261,NORMAL,58.0
zRYzhAEAHAABAAAKCRtcAAsAtwB1gBAQ,2020-08-17 19:49:29,0.60000026,-8.6,3.5,9.304300097911721,NORMAL,60.0
zRYzhAEAHAABAAAKCRtcAAsAtwB1gBAQ,2020-08-17 19:50:29,0.3000002,-8.8,3.5,9.47523087423204,NORMAL,60.0
zRYzhAEAHAABAAAKCRtcAAsAtwB1gBAQ,2020-08-17 19:50:37,-1.6999998,-11.2,3.75,11.932832828796355,NORMAL,8.0
zRYzhAEAHAABAAAKCRtcAAsAtwB1gBAQ,2020-08-17 19:50:42,3.6999998,-9.000002,1.5,9.845813045147874,NORMAL,5.0
zRYzhAEAHAABAAAKCRtcAAsAtwB1gBAQ,2020-08-17 19:50:48,0.50000024,-9.0,3.0,9.500000012631583,NORMAL,6.0
zRYzhAEAHAABAAAKCRtcAAsAtwB1gBAQ,2020-08-18 10:21:11,0.7,-8.599999,4.0,9.510519586226664,NORMAL,52223.0
zRYzhAEAHAABAAAKCRtcAAsAtwB1gBAQ,2020-08-18 10:22:39,0.8,-8.2,3.0,8.76812408671319,NORMAL,88.0
zRYzhAEAHAABAAAKCRtcAAsAtwB1gBAQ,2020-08-18 10:22:44,0.4,-8.400001,3.5,9.108787888627168,NORMAL,5.0
zRYzhAEAHAABAAAKCRtcAAsAtwB1gBAQ,2020-08-18 10:22:49,0.6,-8.8,3.75,9.584492683496608,NORMAL,5.0
zRYzhAEAHAABAAAKCRtcAAsAtwB1gBAQ,2020-08-18 10:23:39,0.40000004,-8.8,3.75,9.57405347969187,NORMAL,50.0
zRYzhAEAHAABAAAKCRtcAAsAtwB1gBAQ,2020-08-18 10:24:10,0.70000005,-8.8,3.5,9.49631507849229,NORMAL,31.0
zRYzhAEAHAABAAAKCRtcAAsAtwB1gBAQ,2020-08-18 10:24:39,0.4,-8.8,3.75,9.574053478020687,NORMAL,29.0
zRYzhAEAHAABAAAKCRtcAAsAtwB1gBAQ,2020-08-18 10:25:39,0.70000005,-8.6,3.5,9.311283481346704,NORMAL,60.0
zRYzhAEAHAABAAAKCRtcAAsAtwB1gBAQ,2020-08-18 10:26:22,1.2,-8.200001,3.75,9.09629135417292,NORMAL,43.0
zRYzhAEAHAABAAAKCRtcAAsAtwB1gBAQ,2020-08-18 10:26:27,2.4,-9.0,2.75,9.711977141653495,NORMAL,5.0
zRYzhAEAHAABAAAKCRtcAAsAtwB1gBAQ,2020-08-18 10:26:32,1.6,-8.400001,4.0,9.440339866763326,NORMAL,5.0
zRYzhAEAHAABAAAKCRtcAAsAtwB1gBAQ,2020-08-18 10:26:37,0.40000007,-8.2,4.75,9.484856353999252,NORMAL,5.0
zRYzhAEAHAABAAAKCRtcAAsAtwB1gBAQ,2020-08-18 10:26:39,0.40000007,-8.2,4.75,9.484856353999252,NORMAL,2.0
zRYzhAEAHAABAAAKCRtcAAsAtwB1gBAQ,2020-08-18 10:26:42,-0.3,-8.6,6.75,10.93674997428395,NORMAL,3.0
zRYzhAEAHAABAAAKCRtcAAsAtwB1gBAQ,2020-08-18 10:26:47,-0.59999996,-9.2,6.0,10.99999999781818,NORMAL,5.0
zRYzhAEAHAABAAAKCRtcAAsAtwB1gBAQ,2020-08-18 10:26:52,1.6,-6.4000006,2.0,6.893475732894138,NORMAL,5.0
zRYzhAEAHAABAAAKCRtcAAsAtwB1gBAQ,2020-08-18 10:26:57,3.0,-10.599999,3.75,11.63711642976906,NORMAL,5.0
zRYzhAEAHAABAAAKCRtcAAsAtwB1gBAQ,2020-08-18 10:27:02,-0.90000004,-7.200001,4.0,8.285530427920774,NORMAL,5.0
zRYzhAEAHAABAAAKCRtcAAsAtwB1gBAQ,2020-08-18 10:27:07,1.4,-9.599999,4.25,10.591623142842696,NORMAL,5.0
zRYzhAEAHAABAAAKCRtcAAsAtwB1gBAQ,2020-08-18 10:27:12,0.09999998,-9.400001,1.5,9.51945475308334,NORMAL,5.0
zRYzhAEAHAABAAAKCRtcAAsAtwB1gBAQ,2020-08-18 10:27:17,0.49999997,-7.9999995,4.75,9.317322145874332,NORMAL,5.0
zRYzhAEAHAABAAAKCRtcAAsAtwB1gBAQ,2020-08-18 10:27:23,1.8,-6.4000006,5.5,8.628441787484016,NORMAL,6.0
zRYzhAEAHAABAAAKCRtcAAsAtwB1gBAQ,2020-08-18 10:27:28,-1.2,-11.0,6.5,12.833160171991933,NORMAL,5.0
zRYzhAEAHAABAAAKCRtcAAsAtwB1gBAQ,2020-08-18 10:27:33,0.29999992,-9.000001,3.75,9.754615212913372,NORMAL,5.0
zRYzhAEAHAABAAAKCRtcAAsAtwB1gBAQ,2020-08-18 10:27:38,1.0,-8.6,3.5,9.338629449764028,NORMAL,5.0
zRYzhAEAHAABAAAKCRtcAAsAtwB1gBAQ,2020-08-18 10:27:39,1.0,-8.6,3.5,9.338629449764028,NORMAL,1.0
zRYzhAEAHAABAAAKCRtcAAsAtwB1gBAQ,2020-08-18 10:27:52,2.6,-7.600001,1.5,8.171292137722222,NORMAL,13.0
zRYzhAEAHAABAAAKCRtcAAsAtwB1gBAQ,2020-08-18 10:27:57,1.5,-9.400001,3.0,9.980481892173392,NORMAL,5.0
zRYzhAEAHAABAAAKCRtcAAsAtwB1gBAQ,2020-08-18 10:28:05,2.1999998,-8.400001,2.5,9.03603983612296,NORMAL,8.0
zRYzhAEAHAABAAAKCRtcAAsAtwB1gBAQ,2020-08-18 10:28:10,2.6,-6.8000007,3.75,8.18917025833512,NORMAL,5.0
zRYzhAEAHAABAAAKCRtcAAsAtwB1gBAQ,2020-08-18 10:28:15,1.2999998,-9.6,4.0,10.48093504798117,NORMAL,5.0
zRYzhAEAHAABAAAKCRtcAAsAtwB1gBAQ,2020-08-18 10:28:20,0.39999986,-10.400001,5.25,11.65686581753436,NORMAL,5.0
zRYzhAEAHAABAAAKCRtcAAsAtwB1gBAQ,2020-08-18 10:28:25,0.19999981,-9.400001,4.75,10.533874820027103,NORMAL,5.0
zRYzhAEAHAABAAAKCRtcAAsAtwB1gBAQ,2020-08-18 10:28:30,1.9999999,-4.4000006,4.75,6.776614558907743,NORMAL,5.0
zRYzhAEAHAABAAAKCRtcAAsAtwB1gBAQ,2020-08-18 10:28:35,-0.2000002,-12.400001,7.0,14.240787368681586,ABNORMAL,5.0
zRYzhAEAHAABAAAKCRtcAAsAtwB1gBAQ,2020-08-18 10:28:39,-0.2000002,-12.400001,7.0,14.240787368681586,ABNORMAL,4.0
zRYzhAEAHAABAAAKCRtcAAsAtwB1gBAQ,2020-08-18 10:28:41,-2.2000003,-12.000001,5.0,13.184840739273307,NORMAL,2.0
zRYzhAEAHAABAAAKCRtcAAsAtwB1gBAQ,2020-08-18 10:28:46,3.8999999,-5.8000007,1.75,7.205033472510763,NORMAL,5.0
zRYzhAEAHAABAAAKCRtcAAsAtwB1gBAQ,2020-08-18 10:28:51,0.89999974,-9.400001,4.25,10.355313531322992,NORMAL,5.0
zRYzhAEAHAABAAAKCRtcAAsAtwB1gBAQ,2020-08-18 10:28:56,5.4,-2.6000006,-1.0,6.076183269125477,NORMAL,5.0
zRYzhAEAHAABAAAKCRtcAAsAtwB1gBAQ,2020-08-18 10:29:01,4.2,-8.000001,0.5,9.049310249958335,NORMAL,5.0
zRYzhAEAHAABAAAKCRtcAAsAtwB1gBAQ,2020-08-18 10:29:06,2.8,-10.6,0.25,10.966426035860543,NORMAL,5.0
zRYzhAEAHAABAAAKCRtcAAsAtwB1gBAQ,2020-08-18 10:29:12,-0.100000255,-8.800001,5.5,10.37786190171179,NORMAL,6.0
zRYzhAEAHAABAAAKCRtcAAsAtwB1gBAQ,2020-08-18 10:29:17,3.7,-8.0,2.0,9.038252043398657,NORMAL,5.0
zRYzhAEAHAABAAAKCRtcAAsAtwB1gBAQ,2020-08-18 10:29:27,0.7999998,-9.4,3.25,9.97810100570244,NORMAL,10.0
zRYzhAEAHAABAAAKCRtcAAsAtwB1gBAQ,2020-08-18 10:29:32,-0.5,-11.200001,4.0,11.90336181084995,NORMAL,5.0
zRYzhAEAHAABAAAKCRtcAAsAtwB1gBAQ,2020-08-18 10:29:37,0.5999998,-10.2,3.5,10.800462941929851,NORMAL,5.0
zRYzhAEAHAABAAAKCRtcAAsAtwB1gBAQ,2020-08-18 10:29:39,0.5999998,-10.2,3.5,10.800462941929851,NORMAL,2.0
zRYzhAEAHAABAAAKCRtcAAsAtwB1gBAQ,2020-08-18 10:29:42,1.1,-6.8000007,5.0,8.511757134693195,NORMAL,3.0
zRYzhAEAHAABAAAKCRtcAAsAtwB1gBAQ,2020-08-18 10:29:52,-0.099999994,-10.200001,4.25,11.050453402408474,NORMAL,10.0
zRYzhAEAHAABAAAKCRtcAAsAtwB1gBAQ,2020-08-18 10:30:02,1.8000001,-9.2,2.5,9.702061655132892,NORMAL,10.0
zRYzhAEAHAABAAAKCRtcAAsAtwB1gBAQ,2020-08-18 10:30:07,2.2999997,-5.4000006,1.75,6.124745308990445,NORMAL,5.0
zRYzhAEAHAABAAAKCRtcAAsAtwB1gBAQ,2020-08-18 10:30:17,0.4999997,-7.7999997,2.5,8.206094992138476,NORMAL,10.0
zRYzhAEAHAABAAAKCRtcAAsAtwB1gBAQ,2020-08-18 10:30:27,3.7252903e-08,-9.8,4.5,10.783784122468328,NORMAL,10.0
zRYzhAEAHAABAAAKCRtcAAsAtwB1gBAQ,2020-08-18 10:30:37,1.0,-9.0,4.25,10.003124511871277,NORMAL,10.0
zRYzhAEAHAABAAAKCRtcAAsAtwB1gBAQ,2020-08-18 10:30:39,1.0,-9.0,4.25,10.003124511871277,NORMAL,2.0
zRYzhAEAHAABAAAKCRtcAAsAtwB1gBAQ,2020-08-18 10:30:47,1.1,-8.6,3.0,9.174420962654809,NORMAL,8.0
zRYzhAEAHAABAAAKCRtcAAsAtwB1gBAQ,2020-08-18 10:30:52,0.5999997,-9.6,4.0,10.417293297205378,NORMAL,5.0
zRYzhAEAHAABAAAKCRtcAAsAtwB1gBAQ,2020-08-18 10:31:02,-0.60000026,-10.0,3.5,10.61178591529249,NORMAL,10.0
zRYzhAEAHAABAAAKCRtcAAsAtwB1gBAQ,2020-08-18 10:31:07,2.9,-9.0,0.25,9.458990432387592,NORMAL,5.0
zRYzhAEAHAABAAAKCRtcAAsAtwB1gBAQ,2020-08-18 10:31:12,1.8999997,-7.4,2.25,7.964452200873585,NORMAL,5.0
zRYzhAEAHAABAAAKCRtcAAsAtwB1gBAQ,2020-08-18 10:31:18,2.1000001,-9.4,2.5,9.950879379230765,NORMAL,6.0
zRYzhAEAHAABAAAKCRtcAAsAtwB1gBAQ,2020-08-18 10:31:23,0.2999997,-5.0,3.75,6.257195843187273,NORMAL,5.0
zRYzhAEAHAABAAAKCRtcAAsAtwB1gBAQ,2020-08-18 10:31:28,0.5000001,-9.2,3.75,9.947487124897423,NORMAL,5.0
zRYzhAEAHAABAAAKCRtcAAsAtwB1gBAQ,2020-08-18 10:31:33,-0.10000029,-10.4,4.75,11.433831381387435,NORMAL,5.0
zRYzhAEAHAABAAAKCRtcAAsAtwB1gBAQ,2020-08-18 10:31:55,0.40000018,-8.4,1.75,8.589674041778304,NORMAL,22.0
zRYzhAEAHAABAAAKCRtcAAsAtwB1gBAQ,2020-08-18 10:32:43,3.8000002,-10.799999,3.0,11.835538852118269,NORMAL,48.0
zRYzhAEAHAABAAAKCRtcAAsAtwB1gBAQ,2020-08-18 10:32:49,0.9999997,-4.599999,2.5,5.330102269187815,NORMAL,6.0
zRYzhAEAHAABAAAKCRtcAAsAtwB1gBAQ,2020-08-18 10:32:59,-2.6000004,-9.999999,11.5,15.4599476739089,ABNORMAL,10.0
zRYzhAEAHAABAAAKCRtcAAsAtwB1gBAQ,2020-08-18 10:33:04,2.0000002,-9.2,2.0,9.624967573971354,NORMAL,5.0
zRYzhAEAHAABAAAKCRtcAAsAtwB1gBAQ,2020-08-18 10:33:09,-5.3,-11.799999,12.0,17.644545230750524,ABNORMAL,5.0
zRYzhAEAHAABAAAKCRtcAAsAtwB1gBAQ,2020-08-18 10:33:14,-6.5,-8.599999,18.75,21.62804852038207,ABNORMAL,5.0
zRYzhAEAHAABAAAKCRtcAAsAtwB1gBAQ,2020-08-18 10:33:19,-3.8000002,-15.199999,3.5,16.05397057179317,ABNORMAL,5.0
zRYzhAEAHAABAAAKCRtcAAsAtwB1gBAQ,2020-08-18 10:33:24,2.0000002,-7.799999,-7.0,10.669582241118958,NORMAL,5.0
zRYzhAEAHAABAAAKCRtcAAsAtwB1gBAQ,2020-08-18 10:33:29,1.0999999,-5.5999985,1.5,5.900845954607039,NORMAL,5.0
zRYzhAEAHAABAAAKCRtcAAsAtwB1gBAQ,2020-08-18 10:33:43,1.6999999,-9.599999,0.5,9.762170888690743,NORMAL,14.0
zRYzhAEAHAABAAAKCRtcAAsAtwB1gBAQ,2020-08-18 10:33:45,0.50000024,-7.3999987,3.75,8.310985561291858,NORMAL,2.0
zRYzhAEAHAABAAAKCRtcAAsAtwB1gBAQ,2020-08-18 10:33:57,-9.685755e-08,-6.5999985,4.5,7.988114934075639,NORMAL,12.0
zRYzhAEAHAABAAAKCRtcAAsAtwB1gBAQ,2020-08-18 10:34:07,2.1,-8.599999,-2.0,9.075791028885636,NORMAL,10.0
zRYzhAEAHAABAAAKCRtcAAsAtwB1gBAQ,2020-08-18 10:34:13,2.2000003,-9.599998,3.25,10.371232468709014,NORMAL,6.0
zRYzhAEAHAABAAAKCRtcAAsAtwB1gBAQ,2020-08-18 10:34:18,0.7999999,-7.799999,0.0,7.840917308580738,NORMAL,5.0
zRYzhAEAHAABAAAKCRtcAAsAtwB1gBAQ,2020-08-18 10:34:23,2.8000002,-8.599998,2.75,9.453172309865298,NORMAL,5.0
zRYzhAEAHAABAAAKCRtcAAsAtwB1gBAQ,2020-08-18 10:34:28,0.69999987,-8.199999,5.5,9.898483894920526,NORMAL,5.0
zRYzhAEAHAABAAAKCRtcAAsAtwB1gBAQ,2020-08-18 10:34:38,2.1999998,-9.599998,3.0,10.295628233381585,NORMAL,10.0
zRYzhAEAHAABAAAKCRtcAAsAtwB1gBAQ,2020-08-18 10:34:43,0.60000014,-10.799999,5.75,12.2499991252245,NORMAL,5.0
zRYzhAEAHAABAAAKCRtcAAsAtwB1gBAQ,2020-08-18 10:34:48,0.6999998,-8.399999,2.75,8.86636807943371,NORMAL,5.0
zRYzhAEAHAABAAAKCRtcAAsAtwB1gBAQ,2020-08-18 10:34:53,-2.1999998,-3.199999,7.25,8.224505621616478,NORMAL,5.0
zRYzhAEAHAABAAAKCRtcAAsAtwB1gBAQ,2020-08-18 10:35:03,5.6000004,-8.599998,-2.75,10.6246162321283,NORMAL,10.0
zRYzhAEAHAABAAAKCRtcAAsAtwB1gBAQ,2020-08-18 10:35:08,2.1999998,-10.999999,3.0,11.612061708413414,NORMAL,5.0
zRYzhAEAHAABAAAKCRtcAAsAtwB1gBAQ,2020-08-18 10:35:13,0.2000003,-9.599998,3.75,10.30836852853079,NORMAL,5.0
zRYzhAEAHAABAAAKCRtcAAsAtwB1gBAQ,2020-08-18 10:35:18,0.09999978,-9.399999,2.25,9.666047856078565,NORMAL,5.0
zRYzhAEAHAABAAAKCRtcAAsAtwB1gBAQ,2020-08-18 10:35:23,2.9802322e-07,-9.399999,3.5,10.03045269167853,NORMAL,5.0
zRYzhAEAHAABAAAKCRtcAAsAtwB1gBAQ,2020-08-18 10:35:38,0.4999998,-8.399999,3.75,9.212626281359785,NORMAL,15.0
zRYzhAEAHAABAAAKCRtcAAsAtwB1gBAQ,2020-08-18 10:35:44,0.4999998,-8.599998,3.75,9.395342750533587,NORMAL,6.0
zRYzhAEAHAABAAAKCRtcAAsAtwB1gBAQ,2020-08-18 10:50:12,0.4,-8.2,3.75,9.02565787075934,NORMAL,868.0
zRYzhAEAHAABAAAKCRtcAAsAtwB1gBAQ,2020-08-18 10:50:17,0.2,-8.6,4.0,9.486832980505138,NORMAL,5.0
zRYzhAEAHAABAAAKCRtcAAsAtwB1gBAQ,2020-08-18 10:51:13,0.3,-8.6,3.75,9.3868258745968,NORMAL,56.0
zRYzhAEAHAABAAAKCRtcAAsAtwB1gBAQ,2020-08-18 10:51:38,0.3,-8.8,3.75,9.570397065952907,NORMAL,25.0
zRYzhAEAHAABAAAKCRtcAAsAtwB1gBAQ,2020-08-18 10:52:13,0.49999997,-8.799999,3.5,9.483669246130477,NORMAL,35.0
zRYzhAEAHAABAAAKCRtcAAsAtwB1gBAQ,2020-08-18 10:52:55,0.39999995,-8.6,3.75,9.390553762159078,NORMAL,42.0
zRYzhAEAHAABAAAKCRtcAAsAtwB1gBAQ,2020-08-18 10:53:13,0.40000007,-8.8,3.75,9.574053480945258,NORMAL,18.0
zRYzhAEAHAABAAAKCRtcAAsAtwB1gBAQ,2020-08-18 10:53:26,0.29999995,-8.799999,4.0,9.671090030084562,NORMAL,13.0
zRYzhAEAHAABAAAKCRtcAAsAtwB1gBAQ,2020-08-18 10:54:13,0.40000007,-8.8,3.5,9.478923992521514,NORMAL,47.0
zRYzhAEAHAABAAAKCRtcAAsAtwB1gBAQ,2020-08-18 10:55:14,0.4999999,-8.400001,4.0,9.317189313306937,NORMAL,61.0
zRYzhAEAHAABAAAKCRtcAAsAtwB1gBAQ,2020-08-18 10:55:41,0.9000001,-8.6,3.75,9.425099478520107,NORMAL,27.0
zRYzhAEAHAABAAAKCRtcAAsAtwB1gBAQ,2020-08-18 10:56:14,0.6999999,-9.0,3.5,9.681941946737751,NORMAL,33.0
zRYzhAEAHAABAAAKCRtcAAsAtwB1gBAQ,2020-08-18 10:56:27,0.5999999,-8.6,3.75,9.401196725949308,NORMAL,13.0
zRYzhAEAHAABAAAKCRtcAAsAtwB1gBAQ,2020-08-18 10:56:47,0.09999989,-10.2,4.75,11.252222001809242,NORMAL,20.0
zRYzhAEAHAABAAAKCRtcAAsAtwB1gBAQ,2020-08-18 10:56:52,0.8000001,-8.799999,5.0,10.152831258324007,NORMAL,5.0
zRYzhAEAHAABAAAKCRtcAAsAtwB1gBAQ,2020-08-18 10:56:57,1.5999999,-2.9999998,-2.25,4.077069839970864,NORMAL,5.0
zRYzhAEAHAABAAAKCRtcAAsAtwB1gBAQ,2020-08-18 10:57:02,2.1000001,-2.3999991,2.75,4.21099704345667,NORMAL,5.0
zRYzhAEAHAABAAAKCRtcAAsAtwB1gBAQ,2020-08-18 10:57:07,-1.9000001,-12.2,4.0,12.978828929452764,NORMAL,5.0
zRYzhAEAHAABAAAKCRtcAAsAtwB1gBAQ,2020-08-18 10:57:12,1.6000001,-5.999999,5.25,8.131573545138789,NORMAL,5.0
zRYzhAEAHAABAAAKCRtcAAsAtwB1gBAQ,2020-08-18 10:57:15,1.6000001,-5.999999,5.25,8.131573545138789,NORMAL,3.0
zRYzhAEAHAABAAAKCRtcAAsAtwB1gBAQ,2020-08-18 10:57:22,2.1000001,-7.799999,0.75,8.112489434199652,NORMAL,7.0
zRYzhAEAHAABAAAKCRtcAAsAtwB1gBAQ,2020-08-18 10:57:27,1.3,-6.7999997,-1.0,6.994997921372106,NORMAL,5.0
zRYzhAEAHAABAAAKCRtcAAsAtwB1gBAQ,2020-08-18 10:57:32,-1.3999999,-11.999999,5.0,13.075166374467326,NORMAL,5.0
zRYzhAEAHAABAAAKCRtcAAsAtwB1gBAQ,2020-08-18 10:57:37,0.9,-8.4,3.75,9.242970301802337,NORMAL,5.0
zRYzhAEAHAABAAAKCRtcAAsAtwB1gBAQ,2020-08-18 10:57:42,0.90000015,-8.799999,3.75,9.60793852342952,NORMAL,5.0
zRYzhAEAHAABAAAKCRtcAAsAtwB1gBAQ,2020-08-18 10:59:29,0.90000004,-8.6,3.75,9.425099472790725,NORMAL,107.0
zRYzhAEAHAABAAAKCRtcAAsAtwB1gBAQ,2020-08-18 10:59:34,0.90000004,-8.400001,3.75,9.242971214495965,NORMAL,5.0
zRYzhAEAHAABAAAKCRtcAAsAtwB1gBAQ,2020-08-18 11:05:35,0.90000004,-8.400001,3.75,9.242971214495965,NORMAL,361.0
zRYzhAEAHAABAAAKCRtcAAsAtwB1gBAQ,2020-08-18 11:05:40,1.0,-8.400001,3.75,9.253243582657975,NORMAL,5.0
zRYzhAEAHAABAAAKCRtcAAsAtwB1gBAQ,2020-08-18 11:09:35,0.90000004,-8.400001,3.75,9.242971214495965,NORMAL,235.0
zRYzhAEAHAABAAAKCRtcAAsAtwB1gBAQ,2020-08-18 11:09:40,0.90000004,-8.400001,3.75,9.242971214495965,NORMAL,5.0
zRYzhAEAHAABAAAKCRtcAAsAtwB1gBAQ,2020-08-18 11:10:01,1.0000001,-8.6,3.75,9.435173564911247,NORMAL,21.0
zRYzhAEAHAABAAAKCRtcAAsAtwB1gBAQ,2020-08-18 11:10:35,1.0000001,-8.6,3.75,9.435173564911247,NORMAL,34.0
zRYzhAEAHAABAAAKCRtcAAsAtwB1gBAQ,2020-08-18 11:17:42,1.5,-8.2,3.25,8.947206267880494,NORMAL,427.0
zRYzhAEAHAABAAAKCRtcAAsAtwB1gBAQ,2020-08-18 11:17:47,0.6,-7.8,3.5,8.57029754442633,NORMAL,5.0
zRYzhAEAHAABAAAKCRtcAAsAtwB1gBAQ,2020-08-18 11:17:54,-1.6,-10.2,6.0,11.941524190822543,NORMAL,7.0
zRYzhAEAHAABAAAKCRtcAAsAtwB1gBAQ,2020-08-18 11:18:04,0.8,-8.0,2.5,8.41961994391671,NORMAL,10.0
zRYzhAEAHAABAAAKCRtcAAsAtwB1gBAQ,2020-08-18 11:18:09,0.2,-8.8,4.0,9.668505572217457,NORMAL,5.0
zRYzhAEAHAABAAAKCRtcAAsAtwB1gBAQ,2020-08-18 11:18:14,-0.2,-9.6,3.25,10.137184027134952,NORMAL,5.0
zRYzhAEAHAABAAAKCRtcAAsAtwB1gBAQ,2020-08-18 11:18:28,0.7,-9.8,5.25,11.139681323987684,NORMAL,14.0
zRYzhAEAHAABAAAKCRtcAAsAtwB1gBAQ,2020-08-18 11:18:59,1.6,-7.600001,2.0,8.019976009939244,NORMAL,31.0
zRYzhAEAHAABAAAKCRtcAAsAtwB1gBAQ,2020-08-18 11:19:07,2.3,-8.8,3.0,9.577577981932594,NORMAL,8.0
zRYzhAEAHAABAAAKCRtcAAsAtwB1gBAQ,2020-08-18 11:19:12,1.1,-8.200001,3.25,8.888898491939313,NORMAL,5.0
zRYzhAEAHAABAAAKCRtcAAsAtwB1gBAQ,2020-08-18 11:19:17,0.6999999,-6.2000003,2.25,6.632684492722393,NORMAL,5.0
zRYzhAEAHAABAAAKCRtcAAsAtwB1gBAQ,2020-08-18 11:19:22,-0.19999999,-9.400001,4.5,10.423531973184568,NORMAL,5.0
zRYzhAEAHAABAAAKCRtcAAsAtwB1gBAQ,2020-08-18 11:19:27,2.7,-6.8,3.5,8.110487038396647,NORMAL,5.0
zRYzhAEAHAABAAAKCRtcAAsAtwB1gBAQ,2020-08-18 11:19:32,2.9,-6.6000004,3.25,7.907749697606782,NORMAL,5.0
zRYzhAEAHAABAAAKCRtcAAsAtwB1gBAQ,2020-08-18 11:19:37,0.5,-8.2,2.5,8.5871997764114,NORMAL,5.0
zRYzhAEAHAABAAAKCRtcAAsAtwB1gBAQ,2020-08-18 11:19:42,0.6000001,-8.8,3.5,9.489467852308685,NORMAL,5.0
zRYzhAEAHAABAAAKCRtcAAsAtwB1gBAQ,2020-08-18 11:19:47,-0.20000002,-9.2,3.75,9.936926084458916,NORMAL,5.0
zRYzhAEAHAABAAAKCRtcAAsAtwB1gBAQ,2020-08-18 11:19:54,0.7000001,-9.2,3.75,9.959543169242252,NORMAL,7.0
zRYzhAEAHAABAAAKCRtcAAsAtwB1gBAQ,2020-08-18 11:20:29,0.7000001,-7.8000007,3.75,8.68288610198248,NORMAL,35.0
zRYzhAEAHAABAAAKCRtcAAsAtwB1gBAQ,2020-08-18 11:20:39,0.5,-8.6,3.5,9.298386956886661,NORMAL,10.0
zRYzhAEAHAABAAAKCRtcAAsAtwB1gBAQ,2020-08-18 11:20:44,1.2000002,-7.9999995,3.0,8.627861408251775,NORMAL,5.0
zRYzhAEAHAABAAAKCRtcAAsAtwB1gBAQ,2020-08-18 11:20:49,0.8,-8.0,5.0,9.4678403028357,NORMAL,5.0
zRYzhAEAHAABAAAKCRtcAAsAtwB1gBAQ,2020-08-18 11:20:54,0.60000014,-8.599999,3.5,9.304299165869562,NORMAL,5.0
zRYzhAEAHAABAAAKCRtcAAsAtwB1gBAQ,2020-08-18 11:20:55,0.60000014,-8.599999,3.5,9.304299165869562,NORMAL,1.0
zRYzhAEAHAABAAAKCRtcAAsAtwB1gBAQ,2020-08-18 11:44:54,0.4,-8.6,3.75,9.390553764288876,NORMAL,1439.0
zRYzhAEAHAABAAAKCRtcAAsAtwB1gBAQ,2020-08-18 11:44:59,-0.5,-8.400001,4.75,9.662945555057266,NORMAL,5.0
zRYzhAEAHAABAAAKCRtcAAsAtwB1gBAQ,2020-08-18 11:45:11,1.6,-9.000001,1.5,9.263369689265403,NORMAL,12.0
zRYzhAEAHAABAAAKCRtcAAsAtwB1gBAQ,2020-08-18 11:45:30,3.8000002,-4.000001,-0.75,5.56798971981819,NORMAL,19.0
zRYzhAEAHAABAAAKCRtcAAsAtwB1gBAQ,2020-08-18 11:45:55,3.8000002,-4.000001,-0.75,5.56798971981819,NORMAL,25.0
zRYzhAEAHAABAAAKCRtcAAsAtwB1gBAQ,2020-08-18 11:45:57,-0.20000002,-10.600001,5.0,11.72177551431527,NORMAL,2.0
zRYzhAEAHAABAAAKCRtcAAsAtwB1gBAQ,2020-08-18 11:46:04,2.7000003,-9.200001,-0.25,9.591273117787916,NORMAL,7.0
zRYzhAEAHAABAAAKCRtcAAsAtwB1gBAQ,2020-08-18 11:46:09,1.4,-7.4000015,4.0,8.527603543786629,NORMAL,5.0
zRYzhAEAHAABAAAKCRtcAAsAtwB1gBAQ,2020-08-18 11:46:14,3.5000002,-8.000001,-0.5,8.746428836959748,NORMAL,5.0
zRYzhAEAHAABAAAKCRtcAAsAtwB1gBAQ,2020-08-18 11:46:19,0.9,-6.6000013,3.25,7.411647398520905,NORMAL,5.0
zRYzhAEAHAABAAAKCRtcAAsAtwB1gBAQ,2020-08-18 11:46:24,-1.2999998,-9.200001,2.75,9.689815162323843,NORMAL,5.0
zRYzhAEAHAABAAAKCRtcAAsAtwB1gBAQ,2020-08-18 11:46:30,1.8,-5.2000012,3.5,6.521503851106847,NORMAL,6.0
zRYzhAEAHAABAAAKCRtcAAsAtwB1gBAQ,2020-08-18 11:46:35,-2.9999998,-11.000001,5.75,12.769593603556888,NORMAL,5.0
zRYzhAEAHAABAAAKCRtcAAsAtwB1gBAQ,2020-08-18 11:46:45,0.60000026,-5.8000007,2.25,6.250000674560008,NORMAL,10.0
zRYzhAEAHAABAAAKCRtcAAsAtwB1gBAQ,2020-08-18 11:46:50,0.7,-11.400002,3.0,11.808896883282706,NORMAL,5.0
zRYzhAEAHAABAAAKCRtcAAsAtwB1gBAQ,2020-08-18 11:46:55,0.9000003,-8.000001,3.25,8.681734650402595,NORMAL,5.0
zRYzhAEAHAABAAAKCRtcAAsAtwB1gBAQ,2020-08-18 11:47:01,-0.6,-9.600001,2.75,10.004125109173765,NORMAL,6.0
zRYzhAEAHAABAAAKCRtcAAsAtwB1gBAQ,2020-08-18 11:47:06,-0.7999998,-10.000001,2.25,10.281173069256301,NORMAL,5.0
zRYzhAEAHAABAAAKCRtcAAsAtwB1gBAQ,2020-08-18 11:47:11,-0.8,-9.200002,3.25,9.789920163106745,NORMAL,5.0
zRYzhAEAHAABAAAKCRtcAAsAtwB1gBAQ,2020-08-18 11:47:17,1.5000002,-8.600001,4.5,9.821406100961362,NORMAL,6.0
zRYzhAEAHAABAAAKCRtcAAsAtwB1gBAQ,2020-08-18 11:47:21,1.6,-8.400002,4.75,9.781744915913725,NORMAL,4.0
zRYzhAEAHAABAAAKCRtcAAsAtwB1gBAQ,2020-08-18 11:47:51,1.3000002,-10.200002,2.75,10.643896904799671,NORMAL,30.0
zRYzhAEAHAABAAAKCRtcAAsAtwB1gBAQ,2020-08-18 11:47:55,1.3000002,-10.200002,2.75,10.643896904799671,NORMAL,4.0
zRYzhAEAHAABAAAKCRtcAAsAtwB1gBAQ,2020-08-18 11:48:02,1.4000002,-7.4000015,3.0,8.106788683566526,NORMAL,7.0
zRYzhAEAHAABAAAKCRtcAAsAtwB1gBAQ,2020-08-18 11:48:07,1.0,-9.400002,4.25,10.364484434838232,NORMAL,5.0
zRYzhAEAHAABAAAKCRtcAAsAtwB1gBAQ,2020-08-18 11:48:13,-0.19999981,-7.6000013,4.25,8.709909281043156,NORMAL,6.0
zRYzhAEAHAABAAAKCRtcAAsAtwB1gBAQ,2020-08-18 11:48:20,1.2,-11.800001,5.75,13.181142727396628,NORMAL,7.0
zRYzhAEAHAABAAAKCRtcAAsAtwB1gBAQ,2020-08-18 11:48:25,-1.5999998,-10.200002,4.75,11.364969870615761,NORMAL,5.0
zRYzhAEAHAABAAAKCRtcAAsAtwB1gBAQ,2020-08-18 11:48:30,2.1000001,-9.000001,4.0,10.070254138799129,NORMAL,5.0
zRYzhAEAHAABAAAKCRtcAAsAtwB1gBAQ,2020-08-18 11:48:40,-3.1,-15.200001,7.0,17.019107802702262,ABNORMAL,10.0
zRYzhAEAHAABAAAKCRtcAAsAtwB1gBAQ,2020-08-18 11:48:45,-0.19999978,-7.2000017,6.75,9.87129800948198,NORMAL,5.0
zRYzhAEAHAABAAAKCRtcAAsAtwB1gBAQ,2020-08-18 11:48:50,-0.09999986,-11.800001,5.25,12.915592265629982,NORMAL,5.0
zRYzhAEAHAABAAAKCRtcAAsAtwB1gBAQ,2020-08-18 11:48:56,-0.5999998,-11.800001,4.5,12.643180903554336,NORMAL,6.0
zRYzhAEAHAABAAAKCRtcAAsAtwB1gBAQ,2020-08-18 11:49:23,1.1000001,-8.600001,2.5,9.023304129862908,NORMAL,27.0
zRYzhAEAHAABAAAKCRtcAAsAtwB1gBAQ,2020-08-18 11:49:52,2.3000002,-7.6000013,2.5,8.324663397399425,NORMAL,29.0
zRYzhAEAHAABAAAKCRtcAAsAtwB1gBAQ,2020-08-18 11:49:56,2.3000002,-7.6000013,2.5,8.324663397399425,NORMAL,4.0
zRYzhAEAHAABAAAKCRtcAAsAtwB1gBAQ,2020-08-18 11:49:58,-0.3999999,-8.000001,5.0,9.442458150291214,NORMAL,2.0
zRYzhAEAHAABAAAKCRtcAAsAtwB1gBAQ,2020-08-18 11:50:03,0.20000017,-9.800001,4.0,10.586785143186813,NORMAL,5.0
zRYzhAEAHAABAAAKCRtcAAsAtwB1gBAQ,2020-08-18 11:50:10,0.60000014,-8.600001,3.75,9.40119765604367,NORMAL,7.0
zRYzhAEAHAABAAAKCRtcAAsAtwB1gBAQ,2020-08-18 11:50:15,2.5000002,-6.6000013,2.75,7.574464876148131,NORMAL,5.0
zRYzhAEAHAABAAAKCRtcAAsAtwB1gBAQ,2020-08-18 11:50:20,0.80000013,-8.400002,3.25,9.042263754613886,NORMAL,5.0
zRYzhAEAHAABAAAKCRtcAAsAtwB1gBAQ,2020-08-18 11:50:25,0.7000002,-8.800001,3.25,9.407046182516648,NORMAL,5.0
zRYzhAEAHAABAAAKCRtcAAsAtwB1gBAQ,2020-08-18 11:50:30,1.1920929e-07,-10.400002,4.5,11.331815459139989,NORMAL,5.0
zRYzhAEAHAABAAAKCRtcAAsAtwB1gBAQ,2020-08-18 11:50:35,-0.29999977,-8.600001,5.75,10.349517721227452,NORMAL,5.0
zRYzhAEAHAABAAAKCRtcAAsAtwB1gBAQ,2020-08-18 11:50:40,2.8000002,-9.400002,4.0,10.59245196920921,NORMAL,5.0
zRYzhAEAHAABAAAKCRtcAAsAtwB1gBAQ,2020-08-18 11:50:45,2.8000002,-8.000001,1.5,8.607555815677353,NORMAL,5.0
zRYzhAEAHAABAAAKCRtcAAsAtwB1gBAQ,2020-08-18 11:50:50,0.5000002,-9.200002,2.0,9.428151303410656,NORMAL,5.0
zRYzhAEAHAABAAAKCRtcAAsAtwB1gBAQ,2020-08-18 11:50:55,0.30000016,-8.600001,3.75,9.386826795888004,NORMAL,5.0
zRYzhAEAHAABAAAKCRtcAAsAtwB1gBAQ,2020-08-18 11:50:56,0.30000016,-8.600001,3.75,9.386826795888004,NORMAL,1.0
zRYzhAEAHAABAAAKCRtcAAsAtwB1gBAQ,2020-08-18 11:51:01,0.8000002,-8.200002,4.25,9.270519571200097,NORMAL,5.0
zRYzhAEAHAABAAAKCRtcAAsAtwB1gBAQ,2020-08-18 11:51:06,0.5000002,-8.800001,3.0,9.310747435088176,NORMAL,5.0
zRYzhAEAHAABAAAKCRtcAAsAtwB1gBAQ,2020-08-18 11:51:11,-0.29999983,-8.600001,2.5,8.96102768090809,NORMAL,5.0
zRYzhAEAHAABAAAKCRtcAAsAtwB1gBAQ,2020-08-18 11:51:16,0.40000018,-9.600001,2.5,9.928243517561455,NORMAL,5.0
zRYzhAEAHAABAAAKCRtcAAsAtwB1gBAQ,2020-08-18 11:52:39,0.8000002,-8.600001,3.5,9.319335680186708,NORMAL,83.0
zRYzhAEAHAABAAAKCRtcAAsAtwB1gBAQ,2020-08-18 11:52:56,0.60000014,-8.800001,3.5,9.4894687821817,NORMAL,17.0
zRYzhAEAHAABAAAKCRtcAAsAtwB1gBAQ,2020-08-18 15:03:54,0.7,-8.6,3.5,9.311283477587823,NORMAL,11458.0
zRYzhAEAHAABAAAKCRtcAAsAtwB1gBAQ,2020-08-18 15:04:06,0.29999998,-8.400001,4.0,9.308599077627148,NORMAL,12.0
zRYzhAEAHAABAAAKCRtcAAsAtwB1gBAQ,2020-08-18 15:04:54,0.70000005,-9.0,3.5,9.681941957582684,NORMAL,48.0
zRYzhAEAHAABAAAKCRtcAAsAtwB1gBAQ,2020-08-18 17:16:08,0.7,-8.400001,3.75,9.225644519490277,NORMAL,7874.0
zRYzhAEAHAABAAAKCRtcAAsAtwB1gBAQ,2020-08-18 17:17:08,0.7,-8.400001,3.75,9.225644519490277,NORMAL,60.0
zRYzhAEAHAABAAAKCRtcAAsAtwB1gBAQ,2020-08-18 17:18:08,0.7,-8.400001,3.75,9.225644519490277,NORMAL,60.0
zRYzhAEAHAABAAAKCRtcAAsAtwB1gBAQ,2020-08-18 17:23:35,0.6,-8.8,3.75,9.584492683496608,NORMAL,327.0
zRYzhAEAHAABAAAKCRtcAAsAtwB1gBAQ,2020-08-18 17:23:40,0.6,-8.8,3.75,9.584492683496608,NORMAL,5.0
zRYzhAEAHAABAAAKCRtcAAsAtwB1gBAQ,2020-08-18 17:23:47,0.8,-9.0,4.0,9.8812954616285,NORMAL,7.0
zRYzhAEAHAABAAAKCRtcAAsAtwB1gBAQ,2020-08-18 17:24:35,0.70000005,-8.6,4.0,9.51052049416855,NORMAL,48.0
zRYzhAEAHAABAAAKCRtcAAsAtwB1gBAQ,2020-08-18 17:46:28,0.90000004,-9.0,3.5,9.698453488675398,NORMAL,1313.0
zRYzhAEAHAABAAAKCRtcAAsAtwB1gBAQ,2020-08-18 17:46:39,0.1,-8.8,3.25,9.381497748227625,NORMAL,11.0
zRYzhAEAHAABAAAKCRtcAAsAtwB1gBAQ,2020-08-18 17:46:44,0.5,-8.8,3.75,9.578752528382807,NORMAL,5.0
zRYzhAEAHAABAAAKCRtcAAsAtwB1gBAQ,2020-08-18 17:47:05,0.4,-8.6,3.75,9.390553764288876,NORMAL,21.0
zRYzhAEAHAABAAAKCRtcAAsAtwB1gBAQ,2020-08-18 18:12:24,0.8,-8.6,3.25,9.228353049163214,NORMAL,1519.0
zRYzhAEAHAABAAAKCRtcAAsAtwB1gBAQ,2020-08-18 18:12:29,0.8,-8.6,3.5,9.31933474020544,NORMAL,5.0
zRYzhAEAHAABAAAKCRtcAAsAtwB1gBAQ,2020-08-18 18:12:51,0.7,-10.200001,3.5,10.80648048163698,NORMAL,22.0
zRYzhAEAHAABAAAKCRtcAAsAtwB1gBAQ,2020-08-18 18:13:26,0.7,-10.200001,3.5,10.80648048163698,NORMAL,35.0
zRYzhAEAHAABAAAKCRtcAAsAtwB1gBAQ,2020-08-18 18:13:31,-1.7,-9.400001,7.0,11.842720076063648,NORMAL,5.0
zRYzhAEAHAABAAAKCRtcAAsAtwB1gBAQ,2020-08-18 18:13:47,0.39999998,-8.400001,4.0,9.312358282626425,NORMAL,16.0
zRYzhAEAHAABAAAKCRtcAAsAtwB1gBAQ,2020-08-18 18:13:57,0.9,-7.4000006,5.0,8.976079816935696,NORMAL,10.0
zRYzhAEAHAABAAAKCRtcAAsAtwB1gBAQ,2020-08-18 18:14:02,-1.9000001,-9.200001,7.75,12.178362729858272,NORMAL,5.0
zRYzhAEAHAABAAAKCRtcAAsAtwB1gBAQ,2020-08-18 18:14:12,1.5,-8.400001,3.25,9.130855206386803,NORMAL,10.0
zRYzhAEAHAABAAAKCRtcAAsAtwB1gBAQ,2020-08-18 18:14:17,0.89999986,-8.400001,2.25,8.742569218942508,NORMAL,5.0
zRYzhAEAHAABAAAKCRtcAAsAtwB1gBAQ,2020-08-18 18:14:22,1.0,-7.8000007,3.0,8.416650813714472,NORMAL,5.0
zRYzhAEAHAABAAAKCRtcAAsAtwB1gBAQ,2020-08-18 18:14:27,1.0,-7.8000007,3.0,8.416650813714472,NORMAL,5.0
zRYzhAEAHAABAAAKCRtcAAsAtwB1gBAQ,2020-08-18 18:14:29,-5.3,-6.6000004,5.5,10.094553248163098,NORMAL,2.0
zRYzhAEAHAABAAAKCRtcAAsAtwB1gBAQ,2020-08-18 18:14:34,0.8,-7.600001,2.75,8.121731047012146,NORMAL,5.0
zRYzhAEAHAABAAAKCRtcAAsAtwB1gBAQ,2020-08-18 18:14:39,3.6,-8.0,-2.0,8.997777503361595,NORMAL,5.0
zRYzhAEAHAABAAAKCRtcAAsAtwB1gBAQ,2020-08-18 18:14:44,3.2,-7.200001,1.0,7.942292767205261,NORMAL,5.0
zRYzhAEAHAABAAAKCRtcAAsAtwB1gBAQ,2020-08-18 18:14:49,-1.4901161e-07,-8.6,7.0,11.088733020503291,NORMAL,5.0
zRYzhAEAHAABAAAKCRtcAAsAtwB1gBAQ,2020-08-18 18:14:59,-1.2000002,-8.200001,7.75,11.346475967453554,NORMAL,10.0
zRYzhAEAHAABAAAKCRtcAAsAtwB1gBAQ,2020-08-18 18:15:04,2.6000001,-11.000001,1.25,11.37200609039588,NORMAL,5.0
zRYzhAEAHAABAAAKCRtcAAsAtwB1gBAQ,2020-08-18 18:15:09,0.09999985,-6.8000007,5.0,8.440972070206163,NORMAL,5.0
zRYzhAEAHAABAAAKCRtcAAsAtwB1gBAQ,2020-08-18 18:15:14,0.2000001,-8.600001,2.75,9.03119688856361,NORMAL,5.0
zRYzhAEAHAABAAAKCRtcAAsAtwB1gBAQ,2020-08-18 18:15:19,0.19999985,-8.200001,3.5,8.91796032397549,NORMAL,5.0
zRYzhAEAHAABAAAKCRtcAAsAtwB1gBAQ,2020-08-18 18:15:27,0.100000106,-8.200001,4.0,9.124144695323558,NORMAL,8.0
zRYzhAEAHAABAAAKCRtcAAsAtwB1gBAQ,2020-08-18 18:15:39,-0.39999992,-9.200001,4.5,10.2493911202569,NORMAL,12.0
zRYzhAEAHAABAAAKCRtcAAsAtwB1gBAQ,2020-08-18 18:15:44,-0.8000002,-9.400002,3.5,10.062307783009027,NORMAL,5.0
zRYzhAEAHAABAAAKCRtcAAsAtwB1gBAQ,2020-08-18 18:15:50,0.3000001,-9.000001,4.25,9.957535742341124,NORMAL,6.0
zRYzhAEAHAABAAAKCRtcAAsAtwB1gBAQ,2020-08-18 18:15:55,1.8999999,-8.800001,4.0,9.851396714172107,NORMAL,5.0
zRYzhAEAHAABAAAKCRtcAAsAtwB1gBAQ,2020-08-18 18:16:00,0.1000001,-9.600001,5.25,10.942235567743962,NORMAL,5.0
zRYzhAEAHAABAAAKCRtcAAsAtwB1gBAQ,2020-08-18 18:16:05,-3.2000003,-8.000001,6.75,10.945433656096093,NORMAL,5.0
zRYzhAEAHAABAAAKCRtcAAsAtwB1gBAQ,2020-08-18 18:16:15,2.1000001,-8.600001,4.25,9.820005988796597,NORMAL,10.0
zRYzhAEAHAABAAAKCRtcAAsAtwB1gBAQ,2020-08-18 18:16:20,1.6999998,-9.000002,4.0,9.994500253639702,NORMAL,5.0
zRYzhAEAHAABAAAKCRtcAAsAtwB1gBAQ,2020-08-18 18:16:27,-0.5999999,-9.000001,4.0,9.867118012874935,NORMAL,7.0
zRYzhAEAHAABAAAKCRtcAAsAtwB1gBAQ,2020-08-18 18:16:30,-1.1000003,-8.800002,5.75,10.5694151143762,NORMAL,3.0
zRYzhAEAHAABAAAKCRtcAAsAtwB1gBAQ,2020-08-18 18:16:35,1.9000001,-6.600001,3.75,7.825120675107893,NORMAL,5.0
zRYzhAEAHAABAAAKCRtcAAsAtwB1gBAQ,2020-08-18 18:16:40,2.1,-8.4000025,-2.75,9.084742263818288,NORMAL,5.0
zRYzhAEAHAABAAAKCRtcAAsAtwB1gBAQ,2020-08-18 18:16:45,1.4000001,-8.000001,3.0,8.657945268942337,NORMAL,5.0
zRYzhAEAHAABAAAKCRtcAAsAtwB1gBAQ,2020-08-18 18:16:55,1.3000001,-8.800002,5.25,10.329207881536899,NORMAL,10.0
zRYzhAEAHAABAAAKCRtcAAsAtwB1gBAQ,2020-08-18 18:17:05,0.49999988,-8.800001,3.25,9.394281105012826,NORMAL,10.0
zRYzhAEAHAABAAAKCRtcAAsAtwB1gBAQ,2020-08-18 18:17:10,0.6000001,-8.600002,4.5,9.724712567474887,NORMAL,5.0
zRYzhAEAHAABAAAKCRtcAAsAtwB1gBAQ,2020-08-18 18:17:20,-0.29999992,-7.800001,1.75,7.999532208323247,NORMAL,10.0
zRYzhAEAHAABAAAKCRtcAAsAtwB1gBAQ,2020-08-18 18:17:25,3.3,-9.000002,0.0,9.58592906295493,NORMAL,5.0
zRYzhAEAHAABAAAKCRtcAAsAtwB1gBAQ,2020-08-18 18:17:28,3.3,-9.000002,0.0,9.58592906295493,NORMAL,3.0
zRYzhAEAHAABAAAKCRtcAAsAtwB1gBAQ,2020-08-18 18:17:36,-0.49999994,-8.600001,3.25,9.207199201711724,NORMAL,8.0
zRYzhAEAHAABAAAKCRtcAAsAtwB1gBAQ,2020-08-18 18:17:41,1.9999999,-8.400002,4.5,9.73704437701729,NORMAL,5.0
zRYzhAEAHAABAAAKCRtcAAsAtwB1gBAQ,2020-08-18 18:17:58,-0.60000014,-9.600001,3.75,10.323881022561284,NORMAL,17.0
zRYzhAEAHAABAAAKCRtcAAsAtwB1gBAQ,2020-08-18 18:18:27,0.10000007,-8.400002,5.5,10.040917966700256,NORMAL,29.0
zRYzhAEAHAABAAAKCRtcAAsAtwB1gBAQ,2020-08-18 18:18:28,0.10000007,-8.400002,5.5,10.040917966700256,NORMAL,1.0
zRYzhAEAHAABAAAKCRtcAAsAtwB1gBAQ,2020-08-18 18:18:32,0.9999999,-8.400002,4.25,9.466917840564795,NORMAL,4.0
zRYzhAEAHAABAAAKCRtcAAsAtwB1gBAQ,2020-08-18 18:18:37,-0.39999995,-8.600001,4.5,9.714423151170687,NORMAL,5.0
zRYzhAEAHAABAAAKCRtcAAsAtwB1gBAQ,2020-08-18 18:18:49,-1.0999999,-9.200002,3.0,9.739098345329715,NORMAL,12.0
zRYzhAEAHAABAAAKCRtcAAsAtwB1gBAQ,2020-08-18 18:18:54,-1.4000001,-9.200002,4.0,10.129167640038544,NORMAL,5.0
zRYzhAEAHAABAAAKCRtcAAsAtwB1gBAQ,2020-08-18 18:18:59,0.60000014,-8.000002,2.0,8.268012588766663,NORMAL,5.0
zRYzhAEAHAABAAAKCRtcAAsAtwB1gBAQ,2020-08-18 18:19:04,-0.6000001,-9.000002,3.75,9.768445941909286,NORMAL,5.0
zRYzhAEAHAABAAAKCRtcAAsAtwB1gBAQ,2020-08-18 18:19:09,1.3411045e-07,-8.200002,2.25,8.503089603197417,NORMAL,5.0
zRYzhAEAHAABAAAKCRtcAAsAtwB1gBAQ,2020-08-18 18:19:14,1.5999999,-8.800002,3.0,9.433982980692937,NORMAL,5.0
zRYzhAEAHAABAAAKCRtcAAsAtwB1gBAQ,2020-08-18 18:19:28,0.5999999,-8.800002,2.75,9.239184762737674,NORMAL,14.0
zRYzhAEAHAABAAAKCRtcAAsAtwB1gBAQ,2020-08-18 18:19:35,1.9,-8.800002,4.0,9.851397626733172,NORMAL,7.0
zRYzhAEAHAABAAAKCRtcAAsAtwB1gBAQ,2020-08-18 18:19:40,0.70000017,-7.200002,2.75,7.739026362405288,NORMAL,5.0
zRYzhAEAHAABAAAKCRtcAAsAtwB1gBAQ,2020-08-18 18:19:45,0.39999995,-9.800002,5.25,11.124861309697483,NORMAL,5.0
zRYzhAEAHAABAAAKCRtcAAsAtwB1gBAQ,2020-08-18 18:19:50,1.2000002,-8.4000025,2.5,8.845905407588658,NORMAL,5.0
zRYzhAEAHAABAAAKCRtcAAsAtwB1gBAQ,2020-08-18 18:19:55,0.09999994,-8.4000025,5.0,9.775993145865346,NORMAL,5.0
zRYzhAEAHAABAAAKCRtcAAsAtwB1gBAQ,2020-08-18 18:20:01,0.20000015,-9.600002,3.75,10.308372250748613,NORMAL,6.0
zRYzhAEAHAABAAAKCRtcAAsAtwB1gBAQ,2020-08-18 18:20:16,2.0000002,-6.600003,1.25,7.008747420189219,NORMAL,15.0
zRYzhAEAHAABAAAKCRtcAAsAtwB1gBAQ,2020-08-18 18:20:21,-0.6000001,-9.600002,6.0,11.336667875526917,NORMAL,5.0
zRYzhAEAHAABAAAKCRtcAAsAtwB1gBAQ,2020-08-18 18:20:26,2.0861626e-07,-7.600003,1.75,7.798881047945855,NORMAL,5.0
zRYzhAEAHAABAAAKCRtcAAsAtwB1gBAQ,2020-08-18 18:20:28,2.0861626e-07,-7.600003,1.75,7.798881047945855,NORMAL,2.0
zRYzhAEAHAABAAAKCRtcAAsAtwB1gBAQ,2020-08-18 18:20:31,0.19999993,-8.000002,3.25,8.637275726292637,NORMAL,3.0
zRYzhAEAHAABAAAKCRtcAAsAtwB1gBAQ,2020-08-18 18:20:36,0.50000024,-8.4000025,3.75,9.212629496512182,NORMAL,5.0
zRYzhAEAHAABAAAKCRtcAAsAtwB1gBAQ,2020-08-18 18:20:41,0.5999999,-8.600002,3.75,9.401198555503655,NORMAL,5.0
zRYzhAEAHAABAAAKCRtcAAsAtwB1gBAQ,2020-08-18 18:20:51,0.4999999,-8.600002,4.0,9.497896309183629,NORMAL,10.0
zRYzhAEAHAABAAAKCRtcAAsAtwB1gBAQ,2020-08-18 18:21:28,0.4999999,-8.600002,3.75,9.395346417243166,NORMAL,37.0
zRYzhAEAHAABAAAKCRtcAAsAtwB1gBAQ,2020-08-18 18:22:07,0.39999992,-8.4000025,5.0,9.78366199007336,NORMAL,39.0
zRYzhAEAHAABAAAKCRtcAAsAtwB1gBAQ,2020-08-18 18:22:12,0.20000014,-8.200003,4.25,9.238103120013818,NORMAL,5.0
zRYzhAEAHAABAAAKCRtcAAsAtwB1gBAQ,2020-08-18 18:22:17,0.79999995,-7.0000024,3.5,7.867021896499701,NORMAL,5.0
zRYzhAEAHAABAAAKCRtcAAsAtwB1gBAQ,2020-08-18 18:22:22,-1.0999999,-7.000003,9.0,11.4546951849453,NORMAL,5.0
zRYzhAEAHAABAAAKCRtcAAsAtwB1gBAQ,2020-08-18 18:22:27,1.1999999,-9.000003,4.25,10.025096197045142,NORMAL,5.0
zRYzhAEAHAABAAAKCRtcAAsAtwB1gBAQ,2020-08-18 18:22:28,1.1999999,-9.000003,4.25,10.025096197045142,NORMAL,1.0
zRYzhAEAHAABAAAKCRtcAAsAtwB1gBAQ,2020-08-18 18:22:32,2.7,-2.4000027,2.75,4.5401005451429475,NORMAL,4.0
zRYzhAEAHAABAAAKCRtcAAsAtwB1gBAQ,2020-08-18 18:22:42,0.5999999,-7.000003,1.5,7.184012937071384,NORMAL,10.0
zRYzhAEAHAABAAAKCRtcAAsAtwB1gBAQ,2020-08-18 18:22:47,-0.9,-8.800003,5.0,10.161203314569049,NORMAL,5.0
zRYzhAEAHAABAAAKCRtcAAsAtwB1gBAQ,2020-08-18 18:22:52,1.3999999,-9.800003,5.5,11.324754236627346,NORMAL,5.0
zRYzhAEAHAABAAAKCRtcAAsAtwB1gBAQ,2020-08-18 18:22:57,-1.1999999,-5.800003,5.25,7.91470369375942,NORMAL,5.0
zRYzhAEAHAABAAAKCRtcAAsAtwB1gBAQ,2020-08-18 18:23:07,-0.6999999,-9.600003,7.75,12.357692238440356,NORMAL,10.0
zRYzhAEAHAABAAAKCRtcAAsAtwB1gBAQ,2020-08-18 18:23:12,-0.40000013,-9.600003,6.5,11.60043351362392,NORMAL,5.0
zRYzhAEAHAABAAAKCRtcAAsAtwB1gBAQ,2020-08-18 18:23:17,2.1000001,-11.800003,2.5,12.243368458884548,NORMAL,5.0
zRYzhAEAHAABAAAKCRtcAAsAtwB1gBAQ,2020-08-18 18:23:22,-0.5000001,-10.000003,3.0,10.45227535515636,NORMAL,5.0
zRYzhAEAHAABAAAKCRtcAAsAtwB1gBAQ,2020-08-18 18:23:27,0.60000014,-9.000003,3.75,9.768446865700248,NORMAL,5.0
zRYzhAEAHAABAAAKCRtcAAsAtwB1gBAQ,2020-08-18 18:23:28,0.60000014,-9.000003,3.75,9.768446865700248,NORMAL,1.0
zRYzhAEAHAABAAAKCRtcAAsAtwB1gBAQ,2020-08-18 18:23:32,0.3999999,-8.800003,3.75,9.574056231295542,NORMAL,4.0
zRYzhAEAHAABAAAKCRtcAAsAtwB1gBAQ,2020-08-18 18:23:42,-0.7999999,-7.000003,6.0,9.254190501605693,NORMAL,10.0
zRYzhAEAHAABAAAKCRtcAAsAtwB1gBAQ,2020-08-18 18:23:47,0.8999999,-8.4000025,4.25,9.456878016555265,NORMAL,5.0
zRYzhAEAHAABAAAKCRtcAAsAtwB1gBAQ,2020-08-18 18:23:52,0.5000001,-8.800003,4.0,9.679362215559918,NORMAL,5.0
zRYzhAEAHAABAAAKCRtcAAsAtwB1gBAQ,2020-08-18 18:24:07,-1.3999999,-9.600002,7.0,11.963278736199538,NORMAL,15.0
zRYzhAEAHAABAAAKCRtcAAsAtwB1gBAQ,2020-08-18 18:24:13,1.8,-8.800003,-0.25,8.985685994959372,NORMAL,6.0
zRYzhAEAHAABAAAKCRtcAAsAtwB1gBAQ,2020-08-18 18:24:18,-0.9999999,-9.800002,5.75,11.40624999726045,NORMAL,5.0
zRYzhAEAHAABAAAKCRtcAAsAtwB1gBAQ,2020-08-18 18:24:23,-0.100000076,-7.800003,2.75,8.27118775117631,NORMAL,5.0
zRYzhAEAHAABAAAKCRtcAAsAtwB1gBAQ,2020-08-18 18:24:28,1.9000002,-8.4000025,0.75,8.64479859568783,NORMAL,5.0
zRYzhAEAHAABAAAKCRtcAAsAtwB1gBAQ,2020-08-18 18:24:38,0.9000002,-10.000003,3.25,10.553319873860028,NORMAL,10.0
zRYzhAEAHAABAAAKCRtcAAsAtwB1gBAQ,2020-08-18 18:24:43,0.89999986,-7.800003,2.5,8.240148454245773,NORMAL,5.0
zRYzhAEAHAABAAAKCRtcAAsAtwB1gBAQ,2020-08-18 18:24:48,-0.0999998,-9.200003,3.5,9.843782563629139,NORMAL,5.0
zRYzhAEAHAABAAAKCRtcAAsAtwB1gBAQ,2020-08-18 18:24:53,2.6,-9.200003,3.75,10.269496345975737,NORMAL,5.0
zRYzhAEAHAABAAAKCRtcAAsAtwB1gBAQ,2020-08-18 18:25:08,0.30000025,-8.400003,5.0,9.780084383583256,NORMAL,15.0
zRYzhAEAHAABAAAKCRtcAAsAtwB1gBAQ,2020-08-18 18:25:18,0.60000026,-8.800003,4.25,9.790942401628612,NORMAL,10.0
zRYzhAEAHAABAAAKCRtcAAsAtwB1gBAQ,2020-08-18 18:25:23,0.79999983,-9.400003,5.0,10.677080880465832,NORMAL,5.0
zRYzhAEAHAABAAAKCRtcAAsAtwB1gBAQ,2020-08-18 18:25:28,1.2000003,-7.800003,3.75,8.737422246864867,NORMAL,5.0
zRYzhAEAHAABAAAKCRtcAAsAtwB1gBAQ,2020-08-18 18:25:29,1.2000003,-7.800003,3.75,8.737422246864867,NORMAL,1.0
zRYzhAEAHAABAAAKCRtcAAsAtwB1gBAQ,2020-08-18 18:25:33,0.39999983,-8.600003,4.75,9.83272858691874,NORMAL,4.0
zRYzhAEAHAABAAAKCRtcAAsAtwB1gBAQ,2020-08-18 18:25:38,-0.49999973,-7.200003,4.25,8.375711487987697,NORMAL,5.0
zRYzhAEAHAABAAAKCRtcAAsAtwB1gBAQ,2020-08-18 18:25:43,0.79999983,-8.400003,3.75,9.23377225883382,NORMAL,5.0
zRYzhAEAHAABAAAKCRtcAAsAtwB1gBAQ,2020-08-18 18:25:48,1.1000003,-9.600003,4.0,10.458014068646545,NORMAL,5.0
zRYzhAEAHAABAAAKCRtcAAsAtwB1gBAQ,2020-08-18 18:25:53,0.9999998,-8.200004,3.5,8.971625560622558,NORMAL,5.0
zRYzhAEAHAABAAAKCRtcAAsAtwB1gBAQ,2020-08-18 18:25:58,1.2000003,-7.4000034,4.25,8.617572224241098,NORMAL,5.0
zRYzhAEAHAABAAAKCRtcAAsAtwB1gBAQ,2020-08-18 18:26:03,0.79999983,-9.000004,5.25,10.450003431961926,NORMAL,5.0
zRYzhAEAHAABAAAKCRtcAAsAtwB1gBAQ,2020-08-18 18:26:08,0.40000027,-8.000004,4.0,8.95321530043906,NORMAL,5.0
zRYzhAEAHAABAAAKCRtcAAsAtwB1gBAQ,2020-08-18 18:26:18,1.2000003,-7.6000037,3.5,8.452813552895497,NORMAL,10.0
zRYzhAEAHAABAAAKCRtcAAsAtwB1gBAQ,2020-08-18 18:26:29,1.0999998,-10.000004,3.75,10.736506860241652,NORMAL,11.0
zRYzhAEAHAABAAAKCRtcAAsAtwB1gBAQ,2020-08-18 18:26:50,0.7999998,-8.800004,2.75,9.254327100336146,NORMAL,21.0
zRYzhAEAHAABAAAKCRtcAAsAtwB1gBAQ,2020-08-18 18:27:35,1.3000002,-8.600004,2.5,9.049865707291795,NORMAL,45.0
zRYzhAEAHAABAAAKCRtcAAsAtwB1gBAQ,2020-08-18 18:27:40,-0.30000025,-9.000004,6.25,10.96141287198033,NORMAL,5.0
zRYzhAEAHAABAAAKCRtcAAsAtwB1gBAQ,2020-08-18 18:27:45,1.2000002,-8.000004,2.75,8.544153818841046,NORMAL,5.0
zRYzhAEAHAABAAAKCRtcAAsAtwB1gBAQ,2020-08-18 18:27:50,1.6999998,-9.600004,4.25,10.635439629842109,NORMAL,5.0
zRYzhAEAHAABAAAKCRtcAAsAtwB1gBAQ,2020-08-18 18:27:55,0.8000002,-7.000004,3.75,7.981388119870881,NORMAL,5.0
zRYzhAEAHAABAAAKCRtcAAsAtwB1gBAQ,2020-08-18 18:28:02,0.4999998,-8.000004,4.0,8.958239994553397,NORMAL,7.0
zRYzhAEAHAABAAAKCRtcAAsAtwB1gBAQ,2020-08-18 18:28:07,-0.59999985,-8.800004,4.75,10.018112108576947,NORMAL,5.0
zRYzhAEAHAABAAAKCRtcAAsAtwB1gBAQ,2020-08-18 18:28:12,0.8999998,-8.800004,2.75,9.263507437251619,NORMAL,5.0
zRYzhAEAHAABAAAKCRtcAAsAtwB1gBAQ,2020-08-18 18:28:17,0.30000016,-9.000004,3.25,9.573534984320892,NORMAL,5.0
zRYzhAEAHAABAAAKCRtcAAsAtwB1gBAQ,2020-08-18 18:28:22,-0.10000022,-7.600004,3.75,8.475409184459242,NORMAL,5.0
zRYzhAEAHAABAAAKCRtcAAsAtwB1gBAQ,2020-08-18 18:28:27,2.8000002,-8.200004,1.5,8.793751572566514,NORMAL,5.0
zRYzhAEAHAABAAAKCRtcAAsAtwB1gBAQ,2020-08-18 18:28:30,2.8000002,-8.200004,1.5,8.793751572566514,NORMAL,3.0
zRYzhAEAHAABAAAKCRtcAAsAtwB1gBAQ,2020-08-18 18:28:39,-0.09999985,-8.400003,4.25,9.414486197876602,NORMAL,9.0
zRYzhAEAHAABAAAKCRtcAAsAtwB1gBAQ,2020-08-18 18:28:44,0.3999998,-8.800004,3.5,9.4789276946296,NORMAL,5.0
zRYzhAEAHAABAAAKCRtcAAsAtwB1gBAQ,2020-08-18 18:29:05,-0.8000002,-9.000004,3.0,9.520507986447784,NORMAL,21.0
zRYzhAEAHAABAAAKCRtcAAsAtwB1gBAQ,2020-08-18 18:29:10,0.8000002,-8.000003,3.0,8.581377996569609,NORMAL,5.0
zRYzhAEAHAABAAAKCRtcAAsAtwB1gBAQ,2020-08-18 18:29:15,1.8999999,-6.000004,3.25,7.083258262975875,NORMAL,5.0
zRYzhAEAHAABAAAKCRtcAAsAtwB1gBAQ,2020-08-18 18:29:20,1.9000002,-8.800003,4.5,10.064792772829902,NORMAL,5.0
zRYzhAEAHAABAAAKCRtcAAsAtwB1gBAQ,2020-08-18 18:29:25,1.3999999,-7.800004,4.0,8.876939907423955,NORMAL,5.0
zRYzhAEAHAABAAAKCRtcAAsAtwB1gBAQ,2020-08-18 18:29:30,1.3999999,-7.800004,4.0,8.876939907423955,NORMAL,5.0
zRYzhAEAHAABAAAKCRtcAAsAtwB1gBAQ,2020-08-18 18:29:42,1.7999998,-7.400004,2.75,8.097070981534992,NORMAL,12.0
zRYzhAEAHAABAAAKCRtcAAsAtwB1gBAQ,2020-08-18 18:29:47,1.7136335e-07,-9.400003,6.25,11.288160009497076,NORMAL,5.0
zRYzhAEAHAABAAAKCRtcAAsAtwB1gBAQ,2020-08-18 18:29:52,1.4999999,-8.600004,2.0,8.956007397273408,NORMAL,5.0
zRYzhAEAHAABAAAKCRtcAAsAtwB1gBAQ,2020-08-18 18:29:57,1.0000002,-7.4000034,4.75,8.850002865536915,NORMAL,5.0
zRYzhAEAHAABAAAKCRtcAAsAtwB1gBAQ,2020-08-18 18:30:02,0.49999988,-9.000004,3.5,9.669543519733288,NORMAL,5.0
zRYzhAEAHAABAAAKCRtcAAsAtwB1gBAQ,2020-08-18 18:30:07,0.80000025,-9.800003,2.5,10.14544524404962,NORMAL,5.0
zRYzhAEAHAABAAAKCRtcAAsAtwB1gBAQ,2020-08-18 18:30:12,0.69999987,-8.600004,2.5,8.983321691780608,NORMAL,5.0
zRYzhAEAHAABAAAKCRtcAAsAtwB1gBAQ,2020-08-18 18:30:17,0.30000025,-8.600003,3.75,9.386828631119727,NORMAL,5.0
zRYzhAEAHAABAAAKCRtcAAsAtwB1gBAQ,2020-08-18 18:30:27,0.7000003,-9.000003,3.25,9.594402244017553,NORMAL,10.0
zRYzhAEAHAABAAAKCRtcAAsAtwB1gBAQ,2020-08-18 18:30:30,0.7000003,-9.000003,3.25,9.594402244017553,NORMAL,3.0
zRYzhAEAHAABAAAKCRtcAAsAtwB1gBAQ,2020-08-18 18:30:32,0.6999998,-8.800005,4.75,10.024599130141068,NORMAL,2.0
zRYzhAEAHAABAAAKCRtcAAsAtwB1gBAQ,2020-08-18 18:30:48,0.49999982,-8.000003,4.25,9.07262629121298,NORMAL,16.0
zRYzhAEAHAABAAAKCRtcAAsAtwB1gBAQ,2020-08-18 18:30:53,1.2000003,-8.600004,3.25,9.271600159628115,NORMAL,5.0
zRYzhAEAHAABAAAKCRtcAAsAtwB1gBAQ,2020-08-18 18:30:58,1.1999998,-8.4000025,4.0,9.380833732670368,NORMAL,5.0
zRYzhAEAHAABAAAKCRtcAAsAtwB1gBAQ,2020-08-18 18:31:03,1.0000002,-9.800004,3.0,10.29757635562932,NORMAL,5.0
zRYzhAEAHAABAAAKCRtcAAsAtwB1gBAQ,2020-08-18 18:31:08,1.8999999,-9.200003,2.0,9.604689209964528,NORMAL,5.0
zRYzhAEAHAABAAAKCRtcAAsAtwB1gBAQ,2020-08-18 18:31:13,1.1000003,-7.800004,2.75,8.343414352650605,NORMAL,5.0
zRYzhAEAHAABAAAKCRtcAAsAtwB1gBAQ,2020-08-18 18:31:18,0.59999985,-8.800003,3.0,9.316654583057645,NORMAL,5.0
zRYzhAEAHAABAAAKCRtcAAsAtwB1gBAQ,2020-08-18 18:31:23,0.9000003,-8.400004,3.0,8.964935456544909,NORMAL,5.0
zRYzhAEAHAABAAAKCRtcAAsAtwB1gBAQ,2020-08-18 18:31:30,0.49999985,-8.400004,3.75,9.21263084303371,NORMAL,7.0
zRYzhAEAHAABAAAKCRtcAAsAtwB1gBAQ,2020-08-18 18:31:33,0.40000027,-8.600003,4.0,9.493158158168916,NORMAL,3.0
zRYzhAEAHAABAAAKCRtcAAsAtwB1gBAQ,2020-08-18 18:32:13,1.4999999,-8.200005,3.25,8.947210833551706,NORMAL,40.0
zRYzhAEAHAABAAAKCRtcAAsAtwB1gBAQ,2020-08-18 18:32:30,0.29999986,-8.200005,3.25,8.825677419667288,NORMAL,17.0
zRYzhAEAHAABAAAKCRtcAAsAtwB1gBAQ,2020-08-18 18:33:11,0.7,-8.6,3.75,9.408108205160056,NORMAL,41.0
zRYzhAEAHAABAAAKCRtcAAsAtwB1gBAQ,2020-08-18 18:33:16,0.90000004,-8.6,4.25,9.634962380414363,NORMAL,5.0
zRYzhAEAHAABAAAKCRtcAAsAtwB1gBAQ,2020-08-18 18:33:33,0.1,-8.400001,4.75,9.650518991225342,NORMAL,17.0
zRYzhAEAHAABAAAKCRtcAAsAtwB1gBAQ,2020-08-18 18:33:43,0.90000004,-7.6000004,2.75,8.132189505416125,NORMAL,10.0
zRYzhAEAHAABAAAKCRtcAAsAtwB1gBAQ,2020-08-18 18:33:48,-0.2,-8.6,4.5,9.7082439194738,NORMAL,5.0
zRYzhAEAHAABAAAKCRtcAAsAtwB1gBAQ,2020-08-18 18:33:57,-1.8000001,-9.8,6.5,11.896638195725716,NORMAL,9.0
zRYzhAEAHAABAAAKCRtcAAsAtwB1gBAQ,2020-08-18 18:34:30,1.5,-9.2,3.25,9.871803280049699,NORMAL,33.0
zRYzhAEAHAABAAAKCRtcAAsAtwB1gBAQ,2020-08-18 18:34:35,-0.20000005,-8.6,4.25,9.594920532239962,NORMAL,5.0
zRYzhAEAHAABAAAKCRtcAAsAtwB1gBAQ,2020-08-18 18:34:40,-0.100000024,-9.4,3.5,10.030952098619553,NORMAL,5.0
zRYzhAEAHAABAAAKCRtcAAsAtwB1gBAQ,2020-08-18 18:34:45,0.7,-9.8,2.5,10.13804714922948,NORMAL,5.0
zRYzhAEAHAABAAAKCRtcAAsAtwB1gBAQ,2020-08-18 18:35:02,1.5,-8.0,2.0,8.381527307120106,NORMAL,17.0
zRYzhAEAHAABAAAKCRtcAAsAtwB1gBAQ,2020-08-18 18:35:07,0.0,-9.2,5.75,10.849078301865093,NORMAL,5.0
zRYzhAEAHAABAAAKCRtcAAsAtwB1gBAQ,2020-08-18 18:35:17,-0.4,-4.8,3.5,5.953990258641679,NORMAL,10.0
zRYzhAEAHAABAAAKCRtcAAsAtwB1gBAQ,2020-08-18 18:35:22,0.59999996,-10.8,3.0,11.224972158183734,NORMAL,5.0
zRYzhAEAHAABAAAKCRtcAAsAtwB1gBAQ,2020-08-18 18:35:25,0.59999996,-10.8,3.0,11.224972158183734,NORMAL,3.0
zRYzhAEAHAABAAAKCRtcAAsAtwB1gBAQ,2020-08-18 18:35:30,1.1,-8.6,3.75,9.446295570222222,NORMAL,5.0
zRYzhAEAHAABAAAKCRtcAAsAtwB1gBAQ,2020-08-18 18:35:40,-0.3,-8.400001,5.25,9.910222843105043,NORMAL,10.0
zRYzhAEAHAABAAAKCRtcAAsAtwB1gBAQ,2020-08-18 18:35:45,-0.100000046,-10.2,2.25,10.445692892728562,NORMAL,5.0
zRYzhAEAHAABAAAKCRtcAAsAtwB1gBAQ,2020-08-18 18:35:50,1.4,-8.6,3.5,9.389888178247917,NORMAL,5.0
zRYzhAEAHAABAAAKCRtcAAsAtwB1gBAQ,2020-08-18 18:35:55,-1.1,-8.8,5.25,10.305944886326532,NORMAL,5.0
zRYzhAEAHAABAAAKCRtcAAsAtwB1gBAQ,2020-08-18 18:36:00,-0.50000006,-8.200001,4.5,9.366964100497077,NORMAL,5.0
zRYzhAEAHAABAAAKCRtcAAsAtwB1gBAQ,2020-08-18 18:36:05,1.4,-7.2000003,2.0,7.602631407611452,NORMAL,5.0
zRYzhAEAHAABAAAKCRtcAAsAtwB1gBAQ,2020-08-18 18:36:10,0.59999996,-9.000001,4.25,9.971084091110704,NORMAL,5.0
zRYzhAEAHAABAAAKCRtcAAsAtwB1gBAQ,2020-08-18 18:36:15,1.1,-9.200001,2.25,9.534805629901483,NORMAL,5.0
zRYzhAEAHAABAAAKCRtcAAsAtwB1gBAQ,2020-08-18 18:36:20,1.1999999,-9.200001,3.25,9.830692659217917,NORMAL,5.0
zRYzhAEAHAABAAAKCRtcAAsAtwB1gBAQ,2020-08-18 18:36:25,1.1999999,-9.200001,3.25,9.830692659217917,NORMAL,5.0
zRYzhAEAHAABAAAKCRtcAAsAtwB1gBAQ,2020-08-18 18:36:27,-0.19999999,-9.6,3.75,10.308370385080272,NORMAL,2.0
zRYzhAEAHAABAAAKCRtcAAsAtwB1gBAQ,2020-08-18 18:36:37,0.10000002,-8.800001,2.75,9.220223294693085,NORMAL,10.0
zRYzhAEAHAABAAAKCRtcAAsAtwB1gBAQ,2020-08-18 18:36:42,-0.40000015,-9.200001,4.0,10.039921240726992,NORMAL,5.0
zRYzhAEAHAABAAAKCRtcAAsAtwB1gBAQ,2020-08-18 18:36:52,1.9000001,-9.200001,3.75,10.114965090399522,NORMAL,10.0
zRYzhAEAHAABAAAKCRtcAAsAtwB1gBAQ,2020-08-18 18:36:57,1.0999999,-9.400001,2.5,9.788770023859025,NORMAL,5.0
zRYzhAEAHAABAAAKCRtcAAsAtwB1gBAQ,2020-08-18 18:37:02,0.20000008,-8.800001,4.0,9.668506484044007,NORMAL,5.0
zRYzhAEAHAABAAAKCRtcAAsAtwB1gBAQ,2020-08-18 18:37:08,0.7999999,-10.400001,0.5,10.4427017883305,NORMAL,6.0
zRYzhAEAHAABAAAKCRtcAAsAtwB1gBAQ,2020-08-18 18:37:13,-0.09999993,-9.800001,3.5,10.406729533623952,NORMAL,5.0
zRYzhAEAHAABAAAKCRtcAAsAtwB1gBAQ,2020-08-18 18:37:18,0.09999988,-9.000001,6.5,11.102252833366794,NORMAL,5.0
zRYzhAEAHAABAAAKCRtcAAsAtwB1gBAQ,2020-08-18 18:37:23,2.0,-8.600001,4.5,9.910096730103144,NORMAL,5.0
zRYzhAEAHAABAAAKCRtcAAsAtwB1gBAQ,2020-08-18 18:37:25,2.0,-8.600001,4.5,9.910096730103144,NORMAL,2.0
zRYzhAEAHAABAAAKCRtcAAsAtwB1gBAQ,2020-08-18 18:37:28,1.5999999,-9.400001,4.25,10.439469262371578,NORMAL,3.0
zRYzhAEAHAABAAAKCRtcAAsAtwB1gBAQ,2020-08-18 18:37:43,1.0,-8.000001,3.25,8.692670245672556,NORMAL,15.0
zRYzhAEAHAABAAAKCRtcAAsAtwB1gBAQ,2020-08-18 18:37:48,3.5,-8.400001,-12.5,15.461565793929184,ABNORMAL,5.0
zRYzhAEAHAABAAAKCRtcAAsAtwB1gBAQ,2020-08-18 18:37:53,4.2,-6.800001,4.25,9.052210426188788,NORMAL,5.0
zRYzhAEAHAABAAAKCRtcAAsAtwB1gBAQ,2020-08-18 18:37:58,-0.6000001,-8.000001,6.75,10.484393931935264,NORMAL,5.0
zRYzhAEAHAABAAAKCRtcAAsAtwB1gBAQ,2020-08-18 18:38:03,2.2999997,-8.200001,3.25,9.115509586413756,NORMAL,5.0
zRYzhAEAHAABAAAKCRtcAAsAtwB1gBAQ,2020-08-18 18:38:08,0.29999992,-8.400001,4.25,9.418732226366826,NORMAL,5.0
zRYzhAEAHAABAAAKCRtcAAsAtwB1gBAQ,2020-08-18 18:38:13,0.39999968,-8.400001,4.0,9.31235826974033,NORMAL,5.0
zRYzhAEAHAABAAAKCRtcAAsAtwB1gBAQ,2020-08-18 18:38:18,0.5999999,-8.8,4.0,9.68504000404748,NORMAL,5.0
zRYzhAEAHAABAAAKCRtcAAsAtwB1gBAQ,2020-08-18 18:38:25,0.09999967,-8.8,4.0,9.666954015303896,NORMAL,7.0
zRYzhAEAHAABAAAKCRtcAAsAtwB1gBAQ,2020-08-18 18:38:28,-0.100000106,-8.8,4.75,10.000624981529906,NORMAL,3.0
zRYzhAEAHAABAAAKCRtcAAsAtwB1gBAQ,2020-08-18 18:38:38,1.3,-7.8,4.25,8.97733256596858,NORMAL,10.0
zRYzhAEAHAABAAAKCRtcAAsAtwB1gBAQ,2020-08-18 18:38:43,0.7999997,-8.2,4.25,9.270517759003544,NORMAL,5.0
zRYzhAEAHAABAAAKCRtcAAsAtwB1gBAQ,2020-08-18 18:38:53,1.1999997,-8.599999,3.75,9.45846087267908,NORMAL,10.0
zRYzhAEAHAABAAAKCRtcAAsAtwB1gBAQ,2020-08-18 18:38:58,0.6999999,-8.200001,4.75,9.502237434415171,NORMAL,5.0
zRYzhAEAHAABAAAKCRtcAAsAtwB1gBAQ,2020-08-18 18:39:08,-1.4000001,-8.799999,5.5,10.471388765584106,NORMAL,10.0
zRYzhAEAHAABAAAKCRtcAAsAtwB1gBAQ,2020-08-18 18:39:18,-0.20000008,-8.599999,4.25,9.594919636557725,NORMAL,10.0
zRYzhAEAHAABAAAKCRtcAAsAtwB1gBAQ,2020-08-18 18:39:23,-0.30000034,-8.400001,5.0,9.780082668566822,NORMAL,5.0
zRYzhAEAHAABAAAKCRtcAAsAtwB1gBAQ,2020-08-18 18:39:25,-0.30000034,-8.400001,5.0,9.780082668566822,NORMAL,2.0
zRYzhAEAHAABAAAKCRtcAAsAtwB1gBAQ,2020-08-18 18:39:29,0.39999992,-9.2,3.25,9.76537249345871,NORMAL,4.0
zRYzhAEAHAABAAAKCRtcAAsAtwB1gBAQ,2020-08-18 18:40:04,-0.100000285,-8.599999,4.25,9.5933561831614,NORMAL,35.0
zRYzhAEAHAABAAAKCRtcAAsAtwB1gBAQ,2020-08-18 18:40:09,-0.10000009,-8.400001,4.0,9.304300984920953,NORMAL,5.0
zRYzhAEAHAABAAAKCRtcAAsAtwB1gBAQ,2020-08-18 18:40:14,0.2999997,-8.4,4.0,9.308598166211715,NORMAL,5.0
zRYzhAEAHAABAAAKCRtcAAsAtwB1gBAQ,2020-08-18 18:40:24,0.7999997,-8.8,3.0,9.33166649211169,NORMAL,10.0
zRYzhAEAHAABAAAKCRtcAAsAtwB1gBAQ,2020-08-18 18:40:25,0.7999997,-8.8,3.0,9.33166649211169,NORMAL,1.0
zRYzhAEAHAABAAAKCRtcAAsAtwB1gBAQ,2020-08-18 18:40:34,0.89999974,-8.2,3.75,9.06159475655362,NORMAL,9.0
zRYzhAEAHAABAAAKCRtcAAsAtwB1gBAQ,2020-08-18 18:40:39,-6.7055225e-08,-8.6,3.75,9.382030697029295,NORMAL,5.0
zRYzhAEAHAABAAAKCRtcAAsAtwB1gBAQ,2020-08-18 18:40:44,0.5999997,-8.8,3.5,9.489467827017492,NORMAL,5.0
zRYzhAEAHAABAAAKCRtcAAsAtwB1gBAQ,2020-08-18 19:45:32,0.4,-8.6,3.5,9.293546147730693,NORMAL,3888.0
zRYzhAEAHAABAAAKCRtcAAsAtwB1gBAQ,2020-08-18 19:45:37,0.4,-8.6,3.25,9.202309492730615,NORMAL,5.0
zRYzhAEAHAABAAAKCRtcAAsAtwB1gBAQ,2020-08-18 19:46:34,0.5,-8.8,3.25,9.394280174659473,NORMAL,57.0
zRYzhAEAHAABAAAKCRtcAAsAtwB1gBAQ,2020-08-18 19:47:34,0.5,-8.8,3.25,9.394280174659473,NORMAL,60.0
zRYzhAEAHAABAAAKCRtcAAsAtwB1gBAQ,2020-08-18 19:48:35,0.5,-8.8,3.25,9.394280174659473,NORMAL,61.0
zRYzhAEAHAABAAAKCRtcAAsAtwB1gBAQ,2020-08-18 19:49:35,0.5,-8.8,3.25,9.394280174659473,NORMAL,60.0
zRYzhAEAHAABAAAKCRtcAAsAtwB1gBAQ,2020-08-18 19:54:42,0.4,-8.6,3.25,9.202309492730615,NORMAL,307.0
zRYzhAEAHAABAAAKCRtcAAsAtwB1gBAQ,2020-08-18 19:54:47,0.4,-8.8,3.5,9.478923989567592,NORMAL,5.0
zRYzhAEAHAABAAAKCRtcAAsAtwB1gBAQ,2020-08-18 20:30:46,0.4,-8.6,3.25,9.202309492730615,NORMAL,2159.0
zRYzhAEAHAABAAAKCRtcAAsAtwB1gBAQ,2020-08-18 20:30:51,0.4,-8.8,3.25,9.389488803976498,NORMAL,5.0
zRYzhAEAHAABAAAKCRtcAAsAtwB1gBAQ,2020-08-18 20:31:46,0.4,-8.8,3.5,9.478923989567592,NORMAL,55.0
zRYzhAEAHAABAAAKCRtcAAsAtwB1gBAQ,2020-08-18 20:32:46,0.4,-8.8,3.5,9.478923989567592,NORMAL,60.0
zRYzhAEAHAABAAAKCRtcAAsAtwB1gBAQ,2020-08-18 20:33:46,0.4,-8.8,3.5,9.478923989567592,NORMAL,60.0
zRYzhAEAHAABAAAKCRtcAAsAtwB1gBAQ,2020-08-18 20:34:07,0.8,-8.6,3.25,9.228353049163214,NORMAL,21.0
zRYzhAEAHAABAAAKCRtcAAsAtwB1gBAQ,2020-08-18 20:34:22,0.8,-8.8,3.25,9.415014604343426,NORMAL,15.0
zRYzhAEAHAABAAAKCRtcAAsAtwB1gBAQ,2020-08-18 20:34:46,0.5,-8.8,3.25,9.394280174659473,NORMAL,24.0
zRYzhAEAHAABAAAKCRtcAAsAtwB1gBAQ,2020-08-18 20:35:47,0.5999999,-8.8,3.5,9.489467839663087,NORMAL,61.0
zRYzhAEAHAABAAAKCRtcAAsAtwB1gBAQ,2020-08-18 20:36:14,0.10000004,-9.400001,4.5,10.42209282284518,NORMAL,27.0
zRYzhAEAHAABAAAKCRtcAAsAtwB1gBAQ,2020-08-18 20:36:29,0.30000004,-8.6,3.5,9.289779331286615,NORMAL,15.0
zRYzhAEAHAABAAAKCRtcAAsAtwB1gBAQ,2020-08-18 20:36:47,0.70000005,-8.8,3.5,9.49631507849229,NORMAL,18.0
zRYzhAEAHAABAAAKCRtcAAsAtwB1gBAQ,2020-08-18 20:37:47,0.49999997,-9.0,3.5,9.669539801355596,NORMAL,60.0
zRYzhAEAHAABAAAKCRtcAAsAtwB1gBAQ,2020-08-18 20:38:47,0.59999996,-9.0,3.25,9.58762222618309,NORMAL,60.0
zRYzhAEAHAABAAAKCRtcAAsAtwB1gBAQ,2020-08-18 20:39:16,1.6000001,-10.200001,2.75,10.684686271482239,NORMAL,29.0
zRYzhAEAHAABAAAKCRtcAAsAtwB1gBAQ,2020-08-18 20:39:26,-0.5999999,-7.4000006,7.25,10.377018298143277,NORMAL,10.0
zRYzhAEAHAABAAAKCRtcAAsAtwB1gBAQ,2020-08-18 20:39:36,-1.3999999,-11.000001,6.75,12.981622461002361,NORMAL,10.0
zRYzhAEAHAABAAAKCRtcAAsAtwB1gBAQ,2020-08-18 20:39:41,1.4,-8.2,3.0,8.843076387773657,NORMAL,5.0
zRYzhAEAHAABAAAKCRtcAAsAtwB1gBAQ,2020-08-18 20:39:46,1.4000002,-8.400001,3.0,9.028843633600099,NORMAL,5.0
zRYzhAEAHAABAAAKCRtcAAsAtwB1gBAQ,2020-08-18 20:39:47,1.4000002,-8.400001,3.0,9.028843633600099,NORMAL,1.0
zRYzhAEAHAABAAAKCRtcAAsAtwB1gBAQ,2020-08-18 20:39:56,0.7,-8.000001,2.5,8.410708412494216,NORMAL,9.0
zRYzhAEAHAABAAAKCRtcAAsAtwB1gBAQ,2020-08-18 20:40:01,-0.09999981,-9.0,3.0,9.48736001013981,NORMAL,5.0
zRYzhAEAHAABAAAKCRtcAAsAtwB1gBAQ,2020-08-18 20:40:06,-0.8,-8.800001,4.25,9.805229094722927,NORMAL,5.0
zRYzhAEAHAABAAAKCRtcAAsAtwB1gBAQ,2020-08-18 20:40:11,1.7000002,-11.2,0.5,11.339312178434811,NORMAL,5.0
zRYzhAEAHAABAAAKCRtcAAsAtwB1gBAQ,2020-08-18 20:40:16,0.6,-9.000001,2.0,9.239048544087265,NORMAL,5.0
zRYzhAEAHAABAAAKCRtcAAsAtwB1gBAQ,2020-08-18 20:40:21,0.80000013,-8.4,4.25,9.447883371845782,NORMAL,5.0
zRYzhAEAHAABAAAKCRtcAAsAtwB1gBAQ,2020-08-18 20:40:31,1.8000002,-9.200001,2.5,9.70206262193772,NORMAL,10.0
zRYzhAEAHAABAAAKCRtcAAsAtwB1gBAQ,2020-08-18 20:40:36,-0.39999998,-7.5999994,3.5,8.376753002446733,NORMAL,5.0
zRYzhAEAHAABAAAKCRtcAAsAtwB1gBAQ,2020-08-18 20:40:41,2.2000003,-8.200001,1.75,8.668478397042994,NORMAL,5.0
zRYzhAEAHAABAAAKCRtcAAsAtwB1gBAQ,2020-08-18 20:40:46,-0.9,-8.4,7.25,11.132497473613007,NORMAL,5.0
zRYzhAEAHAABAAAKCRtcAAsAtwB1gBAQ,2020-08-18 20:40:47,-0.9,-8.4,7.25,11.132497473613007,NORMAL,1.0
zRYzhAEAHAABAAAKCRtcAAsAtwB1gBAQ,2020-08-18 20:40:56,-0.79999995,-9.000001,3.0,9.520505129456158,NORMAL,9.0
zRYzhAEAHAABAAAKCRtcAAsAtwB1gBAQ,2020-08-18 20:41:01,0.30000025,-8.2,3.5,8.920762307673042,NORMAL,5.0
zRYzhAEAHAABAAAKCRtcAAsAtwB1gBAQ,2020-08-18 20:41:06,0.30000007,-8.800001,3.5,9.475231798853313,NORMAL,5.0
zRYzhAEAHAABAAAKCRtcAAsAtwB1gBAQ,2020-08-18 20:41:11,2.4586916e-07,-8.4,4.0,9.30376267969041,NORMAL,5.0
zRYzhAEAHAABAAAKCRtcAAsAtwB1gBAQ,2020-08-18 20:47:01,-0.1,-8.2,3.75,9.017344398435716,NORMAL,350.0
zRYzhAEAHAABAAAKCRtcAAsAtwB1gBAQ,2020-08-18 20:47:25,0.10000001,-9.0,4.0,9.849365461896518,NORMAL,24.0
zRYzhAEAHAABAAAKCRtcAAsAtwB1gBAQ,2020-08-18 20:47:38,1.4,-10.2,4.5,11.236102527122116,NORMAL,13.0
zRYzhAEAHAABAAAKCRtcAAsAtwB1gBAQ,2020-08-18 20:48:04,1.4,-10.2,4.5,11.236102527122116,NORMAL,26.0
zRYzhAEAHAABAAAKCRtcAAsAtwB1gBAQ,2020-08-18 20:48:06,2.8,-8.599999,0.25,9.047788834848049,NORMAL,2.0
zRYzhAEAHAABAAAKCRtcAAsAtwB1gBAQ,2020-08-18 20:48:13,0.9,-5.9999995,2.25,6.470895919422616,NORMAL,7.0
zRYzhAEAHAABAAAKCRtcAAsAtwB1gBAQ,2020-08-18 20:48:18,-1.2,-7.3999996,4.75,8.874823608387953,NORMAL,5.0
zRYzhAEAHAABAAAKCRtcAAsAtwB1gBAQ,2020-08-18 20:48:23,3.1,-10.2,1.25,10.733708585572835,NORMAL,5.0
zRYzhAEAHAABAAAKCRtcAAsAtwB1gBAQ,2020-08-18 20:48:29,0.19999997,-11.2,7.5,13.480726982918984,NORMAL,6.0
zRYzhAEAHAABAAAKCRtcAAsAtwB1gBAQ,2020-08-18 20:48:39,1.2,-10.8,3.75,11.495325136767555,NORMAL,10.0
zRYzhAEAHAABAAAKCRtcAAsAtwB1gBAQ,2020-08-18 20:48:44,-0.100000195,-8.0,3.75,8.83586441945552,NORMAL,5.0
zRYzhAEAHAABAAAKCRtcAAsAtwB1gBAQ,2020-08-18 20:48:49,0.20000003,-8.8,4.0,9.66850557283803,NORMAL,5.0
zRYzhAEAHAABAAAKCRtcAAsAtwB1gBAQ,2020-08-18 20:48:54,0.79999983,-9.8,3.25,10.35579546572836,NORMAL,5.0
zRYzhAEAHAABAAAKCRtcAAsAtwB1gBAQ,2020-08-18 20:48:59,1.5,-8.0,3.5,8.860022573334675,NORMAL,5.0
zRYzhAEAHAABAAAKCRtcAAsAtwB1gBAQ,2020-08-18 20:49:04,0.6999998,-9.2,3.0,9.702061622150213,NORMAL,5.0
zRYzhAEAHAABAAAKCRtcAAsAtwB1gBAQ,2020-08-18 20:49:05,0.6999998,-9.2,3.0,9.702061622150213,NORMAL,1.0
zRYzhAEAHAABAAAKCRtcAAsAtwB1gBAQ,2020-08-18 20:49:09,0.8,-8.4,3.75,9.23376954444933,NORMAL,4.0
zRYzhAEAHAABAAAKCRtcAAsAtwB1gBAQ,2020-08-18 21:00:22,-0.6,-8.8,5.75,10.529126269543926,NORMAL,673.0
zRYzhAEAHAABAAAKCRtcAAsAtwB1gBAQ,2020-08-18 21:00:27,0.4,-9.2,3.0,9.6850400102426,NORMAL,5.0
zRYzhAEAHAABAAAKCRtcAAsAtwB1gBAQ,2020-08-18 21:00:32,0.5,-8.6,3.75,9.395344591871018,NORMAL,5.0
zRYzhAEAHAABAAAKCRtcAAsAtwB1gBAQ,2020-08-18 22:16:00,0.5,-8.400001,3.0,8.933645213461356,NORMAL,4528.0
zRYzhAEAHAABAAAKCRtcAAsAtwB1gBAQ,2020-08-18 22:16:05,0.8,-8.400001,3.0,8.955446208872063,NORMAL,5.0
zRYzhAEAHAABAAAKCRtcAAsAtwB1gBAQ,2020-08-18 22:16:17,-0.1,-8.200001,5.25,9.737171889208952,NORMAL,12.0
zRYzhAEAHAABAAAKCRtcAAsAtwB1gBAQ,2020-08-18 22:16:26,0.7,-7.200001,3.5,8.036169137095175,NORMAL,9.0
zRYzhAEAHAABAAAKCRtcAAsAtwB1gBAQ,2020-08-18 22:16:57,0.20000002,-9.800001,8.75,13.13935004511262,NORMAL,31.0
zRYzhAEAHAABAAAKCRtcAAsAtwB1gBAQ,2020-08-18 22:17:00,0.20000002,-9.800001,8.75,13.13935004511262,NORMAL,3.0
zRYzhAEAHAABAAAKCRtcAAsAtwB1gBAQ,2020-08-18 22:17:02,-1.0,-6.600001,4.75,8.19283303869919,NORMAL,2.0
zRYzhAEAHAABAAAKCRtcAAsAtwB1gBAQ,2020-08-18 22:17:07,2.1000001,-12.600001,3.75,13.312870675402847,NORMAL,5.0
zRYzhAEAHAABAAAKCRtcAAsAtwB1gBAQ,2020-08-18 22:17:14,1.2,-8.600001,5.75,10.4145339406044,NORMAL,7.0
zRYzhAEAHAABAAAKCRtcAAsAtwB1gBAQ,2020-08-18 22:17:19,1.1175871e-07,-7.400001,6.25,9.686202289855453,NORMAL,5.0
zRYzhAEAHAABAAAKCRtcAAsAtwB1gBAQ,2020-08-18 22:17:30,-0.19999997,-8.400002,5.25,9.907700721560175,NORMAL,11.0
zRYzhAEAHAABAAAKCRtcAAsAtwB1gBAQ,2020-08-18 22:17:35,-0.49999988,-9.600001,4.0,10.412013209749642,NORMAL,5.0
zRYzhAEAHAABAAAKCRtcAAsAtwB1gBAQ,2020-08-18 22:17:40,0.90000004,-9.600001,4.0,10.43887059369935,NORMAL,5.0
zRYzhAEAHAABAAAKCRtcAAsAtwB1gBAQ,2020-08-18 22:17:45,1.4000001,-7.4000015,3.75,8.413234959277094,NORMAL,5.0
zRYzhAEAHAABAAAKCRtcAAsAtwB1gBAQ,2020-08-18 22:17:55,0.30000007,-8.200002,4.25,9.240808018891205,NORMAL,10.0
zRYzhAEAHAABAAAKCRtcAAsAtwB1gBAQ,2020-08-18 22:18:00,-0.49999997,-8.200002,2.25,8.517777454829634,NORMAL,5.0
zRYzhAEAHAABAAAKCRtcAAsAtwB1gBAQ,2020-08-18 22:18:05,-0.99999994,-9.000002,3.75,9.80114972235421,NORMAL,5.0
zRYzhAEAHAABAAAKCRtcAAsAtwB1gBAQ,2020-08-18 22:18:10,1.3000001,-9.000002,3.5,9.74371778429589,NORMAL,5.0
zRYzhAEAHAABAAAKCRtcAAsAtwB1gBAQ,2020-08-18 22:18:20,-2.0,-8.000002,5.75,10.052986223008762,NORMAL,10.0
zRYzhAEAHAABAAAKCRtcAAsAtwB1gBAQ,2020-08-18 22:18:25,-2.8,-10.400002,10.0,14.696939871959877,ABNORMAL,5.0
zRYzhAEAHAABAAAKCRtcAAsAtwB1gBAQ,2020-08-18 22:18:30,2.1000001,-8.400002,4.5,9.758075323546342,NORMAL,5.0
zRYzhAEAHAABAAAKCRtcAAsAtwB1gBAQ,2020-08-18 22:18:35,-2.1,-13.000002,7.0,14.913418521586658,ABNORMAL,5.0
zRYzhAEAHAABAAAKCRtcAAsAtwB1gBAQ,2020-08-18 22:18:40,0.40000013,-9.200002,4.75,10.361589496983752,NORMAL,5.0
zRYzhAEAHAABAAAKCRtcAAsAtwB1gBAQ,2020-08-18 22:18:45,1.1000001,-9.400002,6.75,11.624652159097236,NORMAL,5.0
zRYzhAEAHAABAAAKCRtcAAsAtwB1gBAQ,2020-08-18 22:18:50,-1.6999999,-8.400002,5.25,10.050499154768584,NORMAL,5.0
zRYzhAEAHAABAAAKCRtcAAsAtwB1gBAQ,2020-08-18 22:18:55,-0.49999988,-6.0000014,9.75,11.45916736416752,NORMAL,5.0
zRYzhAEAHAABAAAKCRtcAAsAtwB1gBAQ,2020-08-18 22:19:00,1.5000001,-5.8000016,-1.0,6.073715408216175,NORMAL,5.0
zRYzhAEAHAABAAAKCRtcAAsAtwB1gBAQ,2020-08-18 22:19:06,-0.2999999,-9.600001,4.25,10.502976679970352,NORMAL,6.0
zRYzhAEAHAABAAAKCRtcAAsAtwB1gBAQ,2020-08-18 22:19:11,5.5,-4.4000015,0.0,7.043437598218802,NORMAL,5.0
zRYzhAEAHAABAAAKCRtcAAsAtwB1gBAQ,2020-08-18 22:19:16,0.2000001,-5.800001,5.75,8.169609026140787,NORMAL,5.0
zRYzhAEAHAABAAAKCRtcAAsAtwB1gBAQ,2020-08-18 22:19:21,2.6,-9.000002,2.25,9.634445287612776,NORMAL,5.0
zRYzhAEAHAABAAAKCRtcAAsAtwB1gBAQ,2020-08-18 22:19:26,-2.3,-7.6000013,6.75,10.421733049738018,NORMAL,5.0
zRYzhAEAHAABAAAKCRtcAAsAtwB1gBAQ,2020-08-18 22:19:36,-1.4,-5.0000014,3.5,6.261789999672774,NORMAL,10.0
zRYzhAEAHAABAAAKCRtcAAsAtwB1gBAQ,2020-08-18 22:19:41,0.4000001,-9.4000025,3.75,10.128304254908926,NORMAL,5.0
zRYzhAEAHAABAAAKCRtcAAsAtwB1gBAQ,2020-08-18 22:19:51,-0.5999999,-9.800002,4.5,10.800464762222225,NORMAL,10.0
zRYzhAEAHAABAAAKCRtcAAsAtwB1gBAQ,2020-08-18 22:19:56,-0.5,-10.800002,7.75,13.302351040323812,NORMAL,5.0
zRYzhAEAHAABAAAKCRtcAAsAtwB1gBAQ,2020-08-18 22:20:01,-0.5,-10.800002,7.75,13.302351040323812,NORMAL,5.0
zRYzhAEAHAABAAAKCRtcAAsAtwB1gBAQ,2020-08-18 22:20:03,-2.8,-8.800002,6.5,11.292919693330154,NORMAL,2.0
zRYzhAEAHAABAAAKCRtcAAsAtwB1gBAQ,2020-08-18 22:20:08,1.6,-5.200002,5.25,7.560589976979574,NORMAL,5.0
zRYzhAEAHAABAAAKCRtcAAsAtwB1gBAQ,2020-08-18 22:20:13,-0.4999999,-10.800002,6.25,12.488096055844702,NORMAL,5.0
zRYzhAEAHAABAAAKCRtcAAsAtwB1gBAQ,2020-08-18 22:20:18,-2.2,-8.4000025,5.5,10.278620627302393,NORMAL,5.0
zRYzhAEAHAABAAAKCRtcAAsAtwB1gBAQ,2020-08-18 22:20:23,9.685755e-08,-8.600002,4.0,9.484726374545764,NORMAL,5.0
zRYzhAEAHAABAAAKCRtcAAsAtwB1gBAQ,2020-08-18 22:20:33,0.3000001,-8.000003,4.25,9.063804281868016,NORMAL,10.0
zRYzhAEAHAABAAAKCRtcAAsAtwB1gBAQ,2020-08-18 22:21:01,0.6000001,-8.000003,3.75,8.85565063222398,NORMAL,28.0
zRYzhAEAHAABAAAKCRtcAAsAtwB1gBAQ,2020-08-19 08:50:39,0.7,-8.2,4.5,9.379765455489812,NORMAL,37778.0
zRYzhAEAHAABAAAKCRtcAAsAtwB1gBAQ,2020-08-19 08:50:44,0.5,-8.2,3.25,8.834732593576332,NORMAL,5.0
zRYzhAEAHAABAAAKCRtcAAsAtwB1gBAQ,2020-08-19 08:50:51,0.29999998,-8.8,4.25,9.777141708495384,NORMAL,7.0
zRYzhAEAHAABAAAKCRtcAAsAtwB1gBAQ,2020-08-19 08:50:56,0.3,-9.0,4.5,10.066777041337511,NORMAL,5.0
zRYzhAEAHAABAAAKCRtcAAsAtwB1gBAQ,2020-08-19 08:51:05,-0.40000004,-8.6,3.75,9.390553765992717,NORMAL,9.0
zRYzhAEAHAABAAAKCRtcAAsAtwB1gBAQ,2020-08-19 08:51:41,1.8000001,-9.6,3.5,10.375451814740407,NORMAL,36.0
zRYzhAEAHAABAAAKCRtcAAsAtwB1gBAQ,2020-08-19 08:51:51,-0.29999995,-10.200001,5.0,11.363539077681788,NORMAL,10.0
zRYzhAEAHAABAAAKCRtcAAsAtwB1gBAQ,2020-08-19 08:51:56,1.8,-10.4,3.25,11.0436633414823,NORMAL,5.0
zRYzhAEAHAABAAAKCRtcAAsAtwB1gBAQ,2020-08-19 08:52:11,1.2000002,-8.6,5.0,10.019980063852424,NORMAL,15.0
zRYzhAEAHAABAAAKCRtcAAsAtwB1gBAQ,2020-08-19 08:52:16,-3.0000002,-7.3999996,5.75,9.839842238572741,NORMAL,5.0
zRYzhAEAHAABAAAKCRtcAAsAtwB1gBAQ,2020-08-19 08:52:21,-0.89999986,-11.0,7.0,13.06942997027797,NORMAL,5.0
zRYzhAEAHAABAAAKCRtcAAsAtwB1gBAQ,2020-08-19 08:52:26,0.19999981,-6.5999994,11.0,12.82965284035388,NORMAL,5.0
zRYzhAEAHAABAAAKCRtcAAsAtwB1gBAQ,2020-08-19 08:52:31,0.40000015,-6.7999997,6.5,9.415412685591647,NORMAL,5.0
zRYzhAEAHAABAAAKCRtcAAsAtwB1gBAQ,2020-08-19 08:52:36,0.09999981,-7.799999,5.25,9.402791306947158,NORMAL,5.0
zRYzhAEAHAABAAAKCRtcAAsAtwB1gBAQ,2020-08-19 08:52:41,0.09999981,-7.799999,5.25,9.402791306947158,NORMAL,5.0
zRYzhAEAHAABAAAKCRtcAAsAtwB1gBAQ,2020-08-19 08:52:48,0.2999998,-10.4,5.0,11.543396375417421,NORMAL,7.0
zRYzhAEAHAABAAAKCRtcAAsAtwB1gBAQ,2020-08-19 08:52:53,-4.2,-9.599999,6.5,12.330854828437525,NORMAL,5.0
zRYzhAEAHAABAAAKCRtcAAsAtwB1gBAQ,2020-08-19 08:52:58,2.8,-8.799999,8.5,12.551094868576248,NORMAL,5.0
zRYzhAEAHAABAAAKCRtcAAsAtwB1gBAQ,2020-08-19 08:53:08,-3.0000002,-8.799999,7.25,11.78993145018244,NORMAL,10.0
zRYzhAEAHAABAAAKCRtcAAsAtwB1gBAQ,2020-08-19 08:53:13,-0.69999975,-13.199999,2.75,13.501572991692527,NORMAL,5.0
zRYzhAEAHAABAAAKCRtcAAsAtwB1gBAQ,2020-08-19 08:53:18,2.1999998,-7.999999,1.5,8.43148759828306,NORMAL,5.0
zRYzhAEAHAABAAAKCRtcAAsAtwB1gBAQ,2020-08-19 08:53:23,-2.2999997,-13.399999,11.75,17.969765491513826,ABNORMAL,5.0
zRYzhAEAHAABAAAKCRtcAAsAtwB1gBAQ,2020-08-19 08:53:28,2.4999998,-7.599999,-0.5,8.01623251908283,NORMAL,5.0
zRYzhAEAHAABAAAKCRtcAAsAtwB1gBAQ,2020-08-19 08:53:33,0.50000036,-7.5999985,3.0,8.185962225664273,NORMAL,5.0
zRYzhAEAHAABAAAKCRtcAAsAtwB1gBAQ,2020-08-19 08:53:39,0.89999974,-8.999999,3.25,9.611060375005511,NORMAL,6.0
zRYzhAEAHAABAAAKCRtcAAsAtwB1gBAQ,2020-08-19 08:53:41,0.89999974,-8.999999,3.25,9.611060375005511,NORMAL,2.0
zRYzhAEAHAABAAAKCRtcAAsAtwB1gBAQ,2020-08-19 08:53:54,0.19999972,-8.999999,4.5,10.064292418645291,NORMAL,13.0
zRYzhAEAHAABAAAKCRtcAAsAtwB1gBAQ,2020-08-19 08:54:04,1.6999997,-9.199999,2.25,9.622498666147015,NORMAL,10.0
zRYzhAEAHAABAAAKCRtcAAsAtwB1gBAQ,2020-08-19 08:54:09,0.70000035,-8.399999,4.5,9.555102495002401,NORMAL,5.0
zRYzhAEAHAABAAAKCRtcAAsAtwB1gBAQ,2020-08-19 08:54:14,1.3999997,-8.599998,4.0,9.587490013554334,NORMAL,5.0
zRYzhAEAHAABAAAKCRtcAAsAtwB1gBAQ,2020-08-19 08:54:29,1.2999997,-8.799998,5.5,10.458487654532279,NORMAL,15.0
zRYzhAEAHAABAAAKCRtcAAsAtwB1gBAQ,2020-08-19 08:54:39,0.099999696,-8.599998,3.5,9.28547066869548,NORMAL,10.0
zRYzhAEAHAABAAAKCRtcAAsAtwB1gBAQ,2020-08-19 08:54:42,0.099999696,-8.599998,3.5,9.28547066869548,NORMAL,3.0
zRYzhAEAHAABAAAKCRtcAAsAtwB1gBAQ,2020-08-19 08:54:49,-3.054738e-07,-8.999999,4.75,10.176565334139074,NORMAL,7.0
zRYzhAEAHAABAAAKCRtcAAsAtwB1gBAQ,2020-08-19 08:54:54,0.6000003,-9.199999,3.5,9.861540546993714,NORMAL,5.0
zRYzhAEAHAABAAAKCRtcAAsAtwB1gBAQ,2020-08-19 08:54:59,1.2999997,-11.399999,3.0,11.85959427720869,NORMAL,5.0
zRYzhAEAHAABAAAKCRtcAAsAtwB1gBAQ,2020-08-19 08:55:04,0.100000314,-7.3999987,2.25,7.73514581781118,NORMAL,5.0
zRYzhAEAHAABAAAKCRtcAAsAtwB1gBAQ,2020-08-19 08:55:14,1.5999997,-7.5999985,2.5,8.159042605600385,NORMAL,10.0
zRYzhAEAHAABAAAKCRtcAAsAtwB1gBAQ,2020-08-19 08:55:19,2.4000003,-7.9999986,0.25,8.355984624208093,NORMAL,5.0
zRYzhAEAHAABAAAKCRtcAAsAtwB1gBAQ,2020-08-19 08:55:24,-0.20000036,-9.199999,4.75,10.355794597422312,NORMAL,5.0
zRYzhAEAHAABAAAKCRtcAAsAtwB1gBAQ,2020-08-19 08:55:34,1.8000003,-8.799999,4.25,9.936925252813422,NORMAL,10.0
zRYzhAEAHAABAAAKCRtcAAsAtwB1gBAQ,2020-08-19 08:55:39,4.1,-9.799998,4.0,11.35120966241061,NORMAL,5.0
zRYzhAEAHAABAAAKCRtcAAsAtwB1gBAQ,2020-08-19 08:55:42,4.1,-9.799998,4.0,11.35120966241061,NORMAL,3.0
zRYzhAEAHAABAAAKCRtcAAsAtwB1gBAQ,2020-08-19 08:55:45,1.1000003,-8.599999,3.75,9.446294694746776,NORMAL,3.0
zRYzhAEAHAABAAAKCRtcAAsAtwB1gBAQ,2020-08-19 08:55:50,1.6999998,-8.199998,2.75,8.814333016173377,NORMAL,5.0
zRYzhAEAHAABAAAKCRtcAAsAtwB1gBAQ,2020-08-19 08:56:09,0.7000003,-8.5999975,3.75,9.408105942218462,NORMAL,19.0
zRYzhAEAHAABAAAKCRtcAAsAtwB1gBAQ,2020-08-19 08:56:57,0.3999998,-9.799999,4.75,10.897819976490759,NORMAL,48.0
zRYzhAEAHAABAAAKCRtcAAsAtwB1gBAQ,2020-08-19 08:57:02,0.9000003,-8.399998,4.0,9.347190323300584,NORMAL,5.0
zRYzhAEAHAABAAAKCRtcAAsAtwB1gBAQ,2020-08-19 08:57:07,0.1999998,-8.4,3.25,9.009023250053252,NORMAL,5.0
zRYzhAEAHAABAAAKCRtcAAsAtwB1gBAQ,2020-08-19 08:57:19,0.60000026,-8.799999,4.0,9.685039117732105,NORMAL,12.0
zRYzhAEAHAABAAAKCRtcAAsAtwB1gBAQ,2020-08-19 08:57:30,0.50000024,-9.399998,3.5,10.042906085392021,NORMAL,11.0
zRYzhAEAHAABAAAKCRtcAAsAtwB1gBAQ,2020-08-19 08:57:35,1.2999998,-8.599999,2.5,9.049860898378551,NORMAL,5.0
zRYzhAEAHAABAAAKCRtcAAsAtwB1gBAQ,2020-08-19 08:57:45,0.39999983,-8.999999,5.0,10.303396617814974,NORMAL,10.0
zRYzhAEAHAABAAAKCRtcAAsAtwB1gBAQ,2020-08-19 08:57:52,2.0000002,-8.199998,5.0,9.810197143788908,NORMAL,7.0
zRYzhAEAHAABAAAKCRtcAAsAtwB1gBAQ,2020-08-19 08:58:07,1.4999999,-8.5999975,5.25,10.18687669013453,NORMAL,15.0
zRYzhAEAHAABAAAKCRtcAAsAtwB1gBAQ,2020-08-19 08:58:22,-0.099999756,-7.7999973,4.75,9.133042090738844,NORMAL,15.0
zRYzhAEAHAABAAAKCRtcAAsAtwB1gBAQ,2020-08-19 08:58:27,0.29999986,-7.999999,3.0,8.549268033931385,NORMAL,5.0
zRYzhAEAHAABAAAKCRtcAAsAtwB1gBAQ,2020-08-19 08:58:32,1.4000002,-8.799997,2.0,9.13235718530594,NORMAL,5.0
zRYzhAEAHAABAAAKCRtcAAsAtwB1gBAQ,2020-08-19 08:58:37,0.09999986,-7.599999,3.75,8.475404696650244,NORMAL,5.0
zRYzhAEAHAABAAAKCRtcAAsAtwB1gBAQ,2020-08-19 08:58:42,0.8000002,-8.199997,3.0,8.76812129934395,NORMAL,5.0
zRYzhAEAHAABAAAKCRtcAAsAtwB1gBAQ,2020-08-19 08:58:47,0.89999986,-8.799999,2.0,9.069177589395911,NORMAL,5.0
zRYzhAEAHAABAAAKCRtcAAsAtwB1gBAQ,2020-08-19 08:58:52,0.89999986,-8.799999,2.0,9.069177589395911,NORMAL,5.0
zRYzhAEAHAABAAAKCRtcAAsAtwB1gBAQ,2020-08-19 08:58:54,0.3000002,-8.599997,5.5,10.21273462496745,NORMAL,2.0
zRYzhAEAHAABAAAKCRtcAAsAtwB1gBAQ,2020-08-19 08:58:59,0.49999985,-9.199999,3.75,9.947486187474755,NORMAL,5.0
zRYzhAEAHAABAAAKCRtcAAsAtwB1gBAQ,2020-08-19 08:59:19,0.8000002,-8.399996,3.5,9.135093492680634,NORMAL,20.0
zRYzhAEAHAABAAAKCRtcAAsAtwB1gBAQ,2020-08-19 08:59:24,-0.8000002,-8.599999,5.5,10.239628075277004,NORMAL,5.0
zRYzhAEAHAABAAAKCRtcAAsAtwB1gBAQ,2020-08-19 08:59:35,1.2999998,-10.2,4.25,11.12620777623715,NORMAL,11.0
zRYzhAEAHAABAAAKCRtcAAsAtwB1gBAQ,2020-08-19 08:59:40,1.0000001,-8.199996,3.25,8.877073538053857,NORMAL,5.0
zRYzhAEAHAABAAAKCRtcAAsAtwB1gBAQ,2020-08-19 08:59:52,2.1000001,-9.599996,3.25,10.35047939083094,NORMAL,12.0
zRYzhAEAHAABAAAKCRtcAAsAtwB1gBAQ,2020-08-19 09:01:21,-0.09999996,-9.799995,5.0,11.002268038546642,NORMAL,89.0
zRYzhAEAHAABAAAKCRtcAAsAtwB1gBAQ,2020-08-19 09:01:50,-0.30000022,-8.8,3.5,9.47523087486527,NORMAL,29.0
zRYzhAEAHAABAAAKCRtcAAsAtwB1gBAQ,2020-08-19 09:01:57,0.30000004,-7.5999956,2.0,7.864472845907687,NORMAL,7.0
zRYzhAEAHAABAAAKCRtcAAsAtwB1gBAQ,2020-08-19 09:02:02,-0.4000002,-9.2,3.75,9.94296234328583,NORMAL,5.0
zRYzhAEAHAABAAAKCRtcAAsAtwB1gBAQ,2020-08-19 09:02:08,0.90000004,-7.9999957,3.5,8.778378624325708,NORMAL,6.0
zRYzhAEAHAABAAAKCRtcAAsAtwB1gBAQ,2020-08-19 09:02:13,1.7999998,-9.0,3.25,9.736657500395093,NORMAL,5.0
zRYzhAEAHAABAAAKCRtcAAsAtwB1gBAQ,2020-08-19 09:02:18,2.2351742e-08,-9.599996,3.25,10.135207111846112,NORMAL,5.0
zRYzhAEAHAABAAAKCRtcAAsAtwB1gBAQ,2020-08-19 09:02:28,-1.5,-7.5999956,5.0,9.220083140624023,NORMAL,10.0
zRYzhAEAHAABAAAKCRtcAAsAtwB1gBAQ,2020-08-19 09:02:34,1.6999998,-11.0,2.25,11.355725398229742,NORMAL,6.0
zRYzhAEAHAABAAAKCRtcAAsAtwB1gBAQ,2020-08-19 09:02:48,-1.4,-9.0,4.25,10.050994975623059,NORMAL,14.0
zRYzhAEAHAABAAAKCRtcAAsAtwB1gBAQ,2020-08-19 09:03:18,-0.8000002,-8.599996,7.5,11.43896549168744,NORMAL,30.0
zRYzhAEAHAABAAAKCRtcAAsAtwB1gBAQ,2020-08-19 09:03:23,1.4000001,-11.8,6.25,13.426187108781107,NORMAL,5.0
zRYzhAEAHAABAAAKCRtcAAsAtwB1gBAQ,2020-08-19 09:03:28,1.1999998,-6.9999957,0.75,7.1415992130627535,NORMAL,5.0
zRYzhAEAHAABAAAKCRtcAAsAtwB1gBAQ,2020-08-19 09:03:33,-0.19999993,-10.2,4.75,11.253554992623442,NORMAL,5.0
zRYzhAEAHAABAAAKCRtcAAsAtwB1gBAQ,2020-08-19 09:03:38,0.3999998,-8.599996,3.5,9.293542437629263,NORMAL,5.0
zRYzhAEAHAABAAAKCRtcAAsAtwB1gBAQ,2020-08-19 09:03:55,1.0430813e-07,-9.599996,6.25,11.455235623941395,NORMAL,17.0
zRYzhAEAHAABAAAKCRtcAAsAtwB1gBAQ,2020-08-19 09:04:06,4.4,-10.799999,-3.0,12.041593681901121,NORMAL,11.0
zRYzhAEAHAABAAAKCRtcAAsAtwB1gBAQ,2020-08-19 09:04:11,1.9999999,-8.999995,3.25,9.775602774255152,NORMAL,5.0
zRYzhAEAHAABAAAKCRtcAAsAtwB1gBAQ,2020-08-19 09:04:16,-1.0,-8.999999,5.5,10.594809200736039,NORMAL,5.0
zRYzhAEAHAABAAAKCRtcAAsAtwB1gBAQ,2020-08-19 09:04:19,-1.0,-8.999999,5.5,10.594809200736039,NORMAL,3.0
zRYzhAEAHAABAAAKCRtcAAsAtwB1gBAQ,2020-08-19 09:04:21,0.19999985,-8.399995,4.25,9.416072214040472,NORMAL,2.0
zRYzhAEAHAABAAAKCRtcAAsAtwB1gBAQ,2020-08-19 09:04:26,1.2,-8.799999,0.75,8.913051239614916,NORMAL,5.0
zRYzhAEAHAABAAAKCRtcAAsAtwB1gBAQ,2020-08-19 09:04:31,0.29999986,-7.799995,3.25,8.455319149270773,NORMAL,5.0
zRYzhAEAHAABAAAKCRtcAAsAtwB1gBAQ,2020-08-19 09:04:36,1.5,-7.399999,2.0,7.810888886676151,NORMAL,5.0
zRYzhAEAHAABAAAKCRtcAAsAtwB1gBAQ,2020-08-19 09:04:46,1.4,-8.799995,4.0,9.767287852829208,NORMAL,10.0
zRYzhAEAHAABAAAKCRtcAAsAtwB1gBAQ,2020-08-19 09:04:51,-1.2000002,-6.999999,4.75,8.544149254314384,NORMAL,5.0
zRYzhAEAHAABAAAKCRtcAAsAtwB1gBAQ,2020-08-19 09:04:56,1.1,-8.399996,4.25,9.477997299008688,NORMAL,5.0
zRYzhAEAHAABAAAKCRtcAAsAtwB1gBAQ,2020-08-19 09:05:01,0.09999985,-8.199999,4.5,9.354142588714426,NORMAL,5.0
zRYzhAEAHAABAAAKCRtcAAsAtwB1gBAQ,2020-08-19 09:05:06,0.10000001,-10.199996,8.5,13.277797950037348,NORMAL,5.0
zRYzhAEAHAABAAAKCRtcAAsAtwB1gBAQ,2020-08-19 09:05:16,2.3,-8.599996,2.75,9.317318884744475,NORMAL,10.0
zRYzhAEAHAABAAAKCRtcAAsAtwB1gBAQ,2020-08-19 09:05:19,2.3,-8.599996,2.75,9.317318884744475,NORMAL,3.0
zRYzhAEAHAABAAAKCRtcAAsAtwB1gBAQ,2020-08-19 09:05:21,-0.40000015,-9.399999,2.25,9.67380387024675,NORMAL,2.0
zRYzhAEAHAABAAAKCRtcAAsAtwB1gBAQ,2020-08-19 09:05:26,1.3,-8.799995,3.25,9.470607794646813,NORMAL,5.0
zRYzhAEAHAABAAAKCRtcAAsAtwB1gBAQ,2020-08-19 09:05:31,1.0999999,-8.199999,5.75,10.075340360504006,NORMAL,5.0
zRYzhAEAHAABAAAKCRtcAAsAtwB1gBAQ,2020-08-19 09:05:36,0.49999994,-8.599996,4.0,9.49789087850645,NORMAL,5.0
zRYzhAEAHAABAAAKCRtcAAsAtwB1gBAQ,2020-08-19 09:05:52,1.1999999,-10.999999,2.75,11.401862907437584,NORMAL,16.0
zRYzhAEAHAABAAAKCRtcAAsAtwB1gBAQ,2020-08-19 09:05:57,0.5999999,-9.799995,2.75,10.196195461054334,NORMAL,5.0
zRYzhAEAHAABAAAKCRtcAAsAtwB1gBAQ,2020-08-19 09:06:02,-0.5000001,-10.799999,3.25,11.28948530713429,NORMAL,5.0
zRYzhAEAHAABAAAKCRtcAAsAtwB1gBAQ,2020-08-19 09:06:12,0.2999999,-8.799999,2.25,9.088040621608213,NORMAL,10.0
zRYzhAEAHAABAAAKCRtcAAsAtwB1gBAQ,2020-08-19 09:06:19,0.2999999,-8.799999,3.75,9.57039614331617,NORMAL,7.0
zRYzhAEAHAABAAAKCRtcAAsAtwB1gBAQ,2020-08-19 10:11:56,-1.2,-8.200001,5.0,9.678843753259013,NORMAL,3937.0
zRYzhAEAHAABAAAKCRtcAAsAtwB1gBAQ,2020-08-19 10:33:15,0.4,-8.400001,3.75,9.207742220544676,NORMAL,1279.0
zRYzhAEAHAABAAAKCRtcAAsAtwB1gBAQ,2020-08-19 10:33:20,0.5,-8.400001,3.75,9.212628115798498,NORMAL,5.0
zRYzhAEAHAABAAAKCRtcAAsAtwB1gBAQ,2020-08-19 10:33:49,0.5,-8.6,4.0,9.497894503520241,NORMAL,29.0
zRYzhAEAHAABAAAKCRtcAAsAtwB1gBAQ,2020-08-19 10:35:19,0.5,-8.6,4.0,9.497894503520241,NORMAL,90.0
zRYzhAEAHAABAAAKCRtcAAsAtwB1gBAQ,2020-08-19 10:36:19,0.5,-8.6,4.0,9.497894503520241,NORMAL,60.0
zRYzhAEAHAABAAAKCRtcAAsAtwB1gBAQ,2020-08-19 10:37:19,0.5,-8.6,4.0,9.497894503520241,NORMAL,60.0
zRYzhAEAHAABAAAKCRtcAAsAtwB1gBAQ,2020-08-19 10:38:19,0.5,-8.6,4.0,9.497894503520241,NORMAL,60.0
zRYzhAEAHAABAAAKCRtcAAsAtwB1gBAQ,2020-08-19 10:39:19,0.5,-8.6,4.0,9.497894503520241,NORMAL,60.0
zRYzhAEAHAABAAAKCRtcAAsAtwB1gBAQ,2020-08-19 10:40:19,0.5,-8.6,4.0,9.497894503520241,NORMAL,60.0
zRYzhAEAHAABAAAKCRtcAAsAtwB1gBAQ,2020-08-19 10:41:20,0.3,-8.6,4.0,9.489467845985885,NORMAL,61.0
zRYzhAEAHAABAAAKCRtcAAsAtwB1gBAQ,2020-08-19 10:42:20,0.3,-8.6,4.0,9.489467845985885,NORMAL,60.0
zRYzhAEAHAABAAAKCRtcAAsAtwB1gBAQ,2020-08-19 10:43:04,0.50000006,-8.400001,4.0,9.317189321893217,NORMAL,44.0
zRYzhAEAHAABAAAKCRtcAAsAtwB1gBAQ,2020-08-19 10:43:20,0.3,-8.8,4.0,9.671090941563936,NORMAL,16.0
zRYzhAEAHAABAAAKCRtcAAsAtwB1gBAQ,2020-08-19 10:43:24,0.10000006,-8.200001,4.25,9.23647748938961,NORMAL,4.0
zRYzhAEAHAABAAAKCRtcAAsAtwB1gBAQ,2020-08-19 10:43:39,0.30000004,-8.6,4.0,9.489467847250445,NORMAL,15.0
zRYzhAEAHAABAAAKCRtcAAsAtwB1gBAQ,2020-08-19 10:44:20,0.6000001,-8.6,3.75,9.401196738713642,NORMAL,41.0
zRYzhAEAHAABAAAKCRtcAAsAtwB1gBAQ,2020-08-19 10:45:20,0.40000004,-8.6,3.75,9.390553765992717,NORMAL,60.0
zRYzhAEAHAABAAAKCRtcAAsAtwB1gBAQ,2020-08-19 10:45:45,0.6000001,-8.6,3.75,9.401196738713642,NORMAL,25.0
zRYzhAEAHAABAAAKCRtcAAsAtwB1gBAQ,2020-08-19 10:46:20,0.6000001,-8.6,4.0,9.50368350272672,NORMAL,35.0
zRYzhAEAHAABAAAKCRtcAAsAtwB1gBAQ,2020-08-19 10:46:28,1.0000001,-8.8,3.75,9.61782200916611,NORMAL,8.0
zRYzhAEAHAABAAAKCRtcAAsAtwB1gBAQ,2020-08-19 10:46:38,-0.39999992,-7.8,4.75,9.141252645890496,NORMAL,10.0
zRYzhAEAHAABAAAKCRtcAAsAtwB1gBAQ,2020-08-19 10:46:43,-0.19999999,-8.800001,4.25,9.77458529023104,NORMAL,5.0
zRYzhAEAHAABAAAKCRtcAAsAtwB1gBAQ,2020-08-19 10:46:48,1.7000002,-7.4,3.75,8.468323368884779,NORMAL,5.0
zRYzhAEAHAABAAAKCRtcAAsAtwB1gBAQ,2020-08-19 10:46:53,0.3,-9.000001,2.75,9.4155466118543,NORMAL,5.0
zRYzhAEAHAABAAAKCRtcAAsAtwB1gBAQ,2020-08-19 10:47:08,1.6000001,-9.6,1.75,9.88850344187633,NORMAL,15.0
zRYzhAEAHAABAAAKCRtcAAsAtwB1gBAQ,2020-08-19 10:47:18,0.1,-8.6,5.5,10.208819716304133,NORMAL,10.0
zRYzhAEAHAABAAAKCRtcAAsAtwB1gBAQ,2020-08-19 10:47:20,0.1,-8.6,5.5,10.208819716304133,NORMAL,2.0
zRYzhAEAHAABAAAKCRtcAAsAtwB1gBAQ,2020-08-19 10:47:33,0.60000014,-8.6,4.5,9.724710801252652,NORMAL,13.0
zRYzhAEAHAABAAAKCRtcAAsAtwB1gBAQ,2020-08-19 10:47:48,1.5000001,-8.400001,2.75,8.965072063291014,NORMAL,15.0
zRYzhAEAHAABAAAKCRtcAAsAtwB1gBAQ,2020-08-19 10:47:53,1.3,-8.4,3.25,9.100137361600648,NORMAL,5.0
zRYzhAEAHAABAAAKCRtcAAsAtwB1gBAQ,2020-08-19 10:47:58,1.0000001,-9.200001,4.25,10.183443356743387,NORMAL,5.0
zRYzhAEAHAABAAAKCRtcAAsAtwB1gBAQ,2020-08-19 10:48:14,2.1,-7.9999995,3.25,8.886646836687067,NORMAL,16.0
zRYzhAEAHAABAAAKCRtcAAsAtwB1gBAQ,2020-08-19 10:48:19,1.0000001,-9.000001,3.5,9.708244856821494,NORMAL,5.0
zRYzhAEAHAABAAAKCRtcAAsAtwB1gBAQ,2020-08-19 10:48:20,1.0000001,-9.000001,3.5,9.708244856821494,NORMAL,1.0
zRYzhAEAHAABAAAKCRtcAAsAtwB1gBAQ,2020-08-19 10:48:24,0.7999999,-8.599999,4.5,9.739095576078972,NORMAL,4.0
zRYzhAEAHAABAAAKCRtcAAsAtwB1gBAQ,2020-08-19 10:48:34,1.6999999,-8.999999,2.5,9.494207795282396,NORMAL,10.0
zRYzhAEAHAABAAAKCRtcAAsAtwB1gBAQ,2020-08-19 10:48:49,0.20000014,-8.599999,4.25,9.594919637808387,NORMAL,15.0
zRYzhAEAHAABAAAKCRtcAAsAtwB1gBAQ,2020-08-19 10:48:54,0.79999995,-8.400001,3.75,9.23377044982173,NORMAL,5.0
zRYzhAEAHAABAAAKCRtcAAsAtwB1gBAQ,2020-08-19 10:49:09,0.5000001,-8.799999,4.0,9.679358578955581,NORMAL,15.0
zRYzhAEAHAABAAAKCRtcAAsAtwB1gBAQ,2020-08-19 10:49:20,0.79999995,-8.4,4.0,9.338094019659472,NORMAL,11.0
zRYzhAEAHAABAAAKCRtcAAsAtwB1gBAQ,2020-08-19 10:50:20,0.4,-8.6,4.25,9.601171803483156,NORMAL,60.0
zRYzhAEAHAABAAAKCRtcAAsAtwB1gBAQ,2020-08-19 10:51:20,0.39999995,-8.6,4.0,9.493155426937873,NORMAL,60.0
zRYzhAEAHAABAAAKCRtcAAsAtwB1gBAQ,2020-08-19 10:55:50,0.4,-8.0,4.75,9.312491610734476,NORMAL,270.0
zRYzhAEAHAABAAAKCRtcAAsAtwB1gBAQ,2020-08-19 10:55:55,-1.0,-6.8,5.25,8.648843853371385,NORMAL,5.0
zRYzhAEAHAABAAAKCRtcAAsAtwB1gBAQ,2020-08-19 10:56:02,2.1000001,-10.2,3.5,10.986355192692434,NORMAL,7.0
zRYzhAEAHAABAAAKCRtcAAsAtwB1gBAQ,2020-08-19 10:56:07,0.6,-9.400001,4.25,10.333562735088078,NORMAL,5.0
zRYzhAEAHAABAAAKCRtcAAsAtwB1gBAQ,2020-08-19 10:56:12,0.80000013,-9.2,3.75,9.96707079376885,NORMAL,5.0
zRYzhAEAHAABAAAKCRtcAAsAtwB1gBAQ,2020-08-19 10:56:17,0.70000005,-8.400001,3.75,9.225644523284052,NORMAL,5.0
zRYzhAEAHAABAAAKCRtcAAsAtwB1gBAQ,2020-08-19 10:56:26,4.6,-8.200001,2.5,9.72882399881923,NORMAL,9.0
zRYzhAEAHAABAAAKCRtcAAsAtwB1gBAQ,2020-08-19 10:56:56,-1.0999999,-6.2000003,4.75,7.887490316951274,NORMAL,30.0
zRYzhAEAHAABAAAKCRtcAAsAtwB1gBAQ,2020-08-19 10:57:01,1.9999999,-8.800001,5.5,10.568349786035709,NORMAL,5.0
zRYzhAEAHAABAAAKCRtcAAsAtwB1gBAQ,2020-08-19 10:57:06,1.2000002,-9.400001,1.5,9.594270127529297,NORMAL,5.0
zRYzhAEAHAABAAAKCRtcAAsAtwB1gBAQ,2020-08-19 10:57:11,-1.9000002,-9.600001,6.75,11.888335457918448,NORMAL,5.0
zRYzhAEAHAABAAAKCRtcAAsAtwB1gBAQ,2020-08-19 10:57:16,0.40000015,-8.6,4.75,9.832725976045504,NORMAL,5.0
zRYzhAEAHAABAAAKCRtcAAsAtwB1gBAQ,2020-08-19 10:57:23,0.89999986,-9.400002,4.0,10.255244382656322,NORMAL,7.0
zRYzhAEAHAABAAAKCRtcAAsAtwB1gBAQ,2020-08-19 10:57:28,0.30000016,-11.8,4.5,12.63249777739937,NORMAL,5.0
zRYzhAEAHAABAAAKCRtcAAsAtwB1gBAQ,2020-08-19 10:57:38,0.60000014,-9.0,3.5,9.675226104231363,NORMAL,10.0
zRYzhAEAHAABAAAKCRtcAAsAtwB1gBAQ,2020-08-19 10:57:51,1.0000001,-9.0,4.0,9.899494946713192,NORMAL,13.0
zRYzhAEAHAABAAAKCRtcAAsAtwB1gBAQ,2020-08-19 10:57:58,0.39999986,-8.400002,5.25,9.91375476234933,NORMAL,7.0
zRYzhAEAHAABAAAKCRtcAAsAtwB1gBAQ,2020-08-19 10:58:05,0.60000014,-8.8,3.75,9.584492692260765,NORMAL,7.0
zRYzhAEAHAABAAAKCRtcAAsANAB0gBAQ,2020-08-19 11:59:38,0.0,0.5,9.5,9.513148795220223,NORMAL,3693.0
zRYzhAEAHAABAAAKCRtcAAsANAB0gBAQ,2020-08-19 12:13:29,0.0,0.0,9.5,9.5,NORMAL,831.0
zRYzhAEAHAABAAAKCRtcAAsANAB0gBAQ,2020-08-19 12:13:46,3.5,-2.5,9.0,9.974968671630002,NORMAL,17.0
zRYzhAEAHAABAAAKCRtcAAsANAB0gBAQ,2020-08-19 12:16:33,0.0,0.0,9.5,9.5,NORMAL,167.0
zRYzhAEAHAABAAAKCRtcAAsANAB0gBAQ,2020-08-19 12:16:35,2.0,5.5,8.5,10.319883720275147,NORMAL,2.0
zRYzhAEAHAABAAAKCRtcAAsANAB0gBAQ,2020-08-19 12:16:40,-0.5,10.0,1.5,10.124228365658293,NORMAL,5.0
zRYzhAEAHAABAAAKCRtcAAsANAB0gBAQ,2020-08-19 12:16:49,-0.5,10.0,1.5,10.124228365658293,NORMAL,9.0
zRYzhAEAHAABAAAKCRtcAAsAtwB1gBAQ,2020-08-19 12:20:54,0.4,-8.400001,3.5,9.108787888627168,NORMAL,245.0
zRYzhAEAHAABAAAKCRtcAAsAtwB1gBAQ,2020-08-19 12:21:06,-0.6,-8.8,4.25,9.790939689325025,NORMAL,12.0
zRYzhAEAHAABAAAKCRtcAAsAtwB1gBAQ,2020-08-19 12:21:20,-0.5,-7.2000003,4.25,8.375709183108025,NORMAL,14.0
zRYzhAEAHAABAAAKCRtcAAsAtwB1gBAQ,2020-08-19 12:23:03,-0.19999999,-12.000001,7.5,14.15238580579264,ABNORMAL,103.0
zRYzhAEAHAABAAAKCRtcAAsAtwB1gBAQ,2020-08-19 12:23:08,0.6,-8.200001,2.75,8.66963184916182,NORMAL,5.0
zRYzhAEAHAABAAAKCRtcAAsAtwB1gBAQ,2020-08-19 12:23:13,0.70000005,-9.000001,4.5,10.086625702880077,NORMAL,5.0
zRYzhAEAHAABAAAKCRtcAAsAtwB1gBAQ,2020-08-19 12:23:25,1.0,-8.000001,4.25,9.113863944562755,NORMAL,12.0
zRYzhAEAHAABAAAKCRtcAAsAtwB1gBAQ,2020-08-19 12:23:35,-0.5,-8.800001,4.0,9.679360392092082,NORMAL,10.0
zRYzhAEAHAABAAAKCRtcAAsAtwB1gBAQ,2020-08-19 12:23:40,0.40000004,-8.800001,2.75,9.228354004479943,NORMAL,5.0
zRYzhAEAHAABAAAKCRtcAAsAtwB1gBAQ,2020-08-19 12:23:50,0.90000004,-8.600001,2.0,8.875247448494099,NORMAL,10.0
zRYzhAEAHAABAAAKCRtcAAsAtwB1gBAQ,2020-08-19 12:23:53,0.90000004,-8.600001,2.0,8.875247448494099,NORMAL,3.0
zRYzhAEAHAABAAAKCRtcAAsAtwB1gBAQ,2020-08-19 12:24:08,0.8,-9.000001,3.5,9.689686166228553,NORMAL,15.0
zRYzhAEAHAABAAAKCRtcAAsAtwB1gBAQ,2020-08-19 12:24:53,0.70000005,-8.800001,4.0,9.69174997975087,NORMAL,45.0
zRYzhAEAHAABAAAKCRtcAAsAtwB1gBAQ,2020-08-19 12:25:08,0.8,-8.600001,3.75,9.416077591014265,NORMAL,15.0
zRYzhAEAHAABAAAKCRtcAAsAtwB1gBAQ,2020-08-19 12:25:53,0.9000001,-8.600001,3.75,9.42510039097733,NORMAL,45.0
zRYzhAEAHAABAAAKCRtcAAsAtwB1gBAQ,2020-08-19 12:25:55,0.7,-8.600001,4.0,9.510521394750185,NORMAL,2.0
zRYzhAEAHAABAAAKCRtcAAsAtwB1gBAQ,2020-08-19 12:26:53,1.0,-8.400002,3.5,9.154782007235562,NORMAL,58.0
zRYzhAEAHAABAAAKCRtcAAsAtwB1gBAQ,2020-08-19 12:26:56,0.8000001,-8.600001,3.75,9.416077599510372,NORMAL,3.0
zRYzhAEAHAABAAAKCRtcAAsAtwB1gBAQ,2020-08-19 12:27:36,1.0000001,-8.600001,3.5,9.338630381378257,NORMAL,40.0
zRYzhAEAHAABAAAKCRtcAAsAtwB1gBAQ,2020-08-19 12:27:51,0.9000001,-8.600001,3.75,9.42510039097733,NORMAL,15.0
zRYzhAEAHAABAAAKCRtcAAsAtwB1gBAQ,2020-08-19 12:27:53,0.9000001,-8.600001,3.75,9.42510039097733,NORMAL,2.0
zRYzhAEAHAABAAAKCRtcAAsAtwB1gBAQ,2020-08-19 12:28:53,1.0000002,-8.400002,4.0,9.357351868985372,NORMAL,60.0
zRYzhAEAHAABAAAKCRtcAAsAtwB1gBAQ,2020-08-19 12:29:53,1.0999999,-8.600001,3.5,9.349867217239025,NORMAL,60.0
zRYzhAEAHAABAAAKCRtcAAsANAB0gBAQ,2020-08-19 12:32:30,0.0,10.0,0.5,10.012492197250394,NORMAL,157.0
zRYzhAEAHAABAAAKCRtcAAsANAB0gBAQ,2020-08-19 12:33:30,-0.5,10.5,0.5,10.523782589924593,NORMAL,60.0
zRYzhAEAHAABAAAKCRtcAAsAtwB1gBAQ,2020-08-19 12:58:47,0.7,-8.6,3.75,9.408108205160056,NORMAL,1517.0
zRYzhAEAHAABAAAKCRtcAAsAtwB1gBAQ,2020-08-19 12:58:52,0.7,-8.400001,3.75,9.225644519490277,NORMAL,5.0
zRYzhAEAHAABAAAKCRtcAAsAtwB1gBAQ,2020-08-19 12:59:23,0.7,-8.400001,4.0,9.330059849754502,NORMAL,31.0
zRYzhAEAHAABAAAKCRtcAAsAtwB1gBAQ,2020-08-19 13:57:09,0.4,-8.400001,3.75,9.207742220544676,NORMAL,3466.0
zRYzhAEAHAABAAAKCRtcAAsAtwB1gBAQ,2020-08-19 13:57:15,0.4,-8.400001,3.75,9.207742220544676,NORMAL,6.0
zRYzhAEAHAABAAAKCRtcAAsAtwB1gBAQ,2020-08-19 13:58:10,0.4,-8.6,3.75,9.390553764288876,NORMAL,55.0
zRYzhAEAHAABAAAKCRtcAAsAtwB1gBAQ,2020-08-19 13:59:10,0.4,-8.6,3.75,9.390553764288876,NORMAL,60.0
zRYzhAEAHAABAAAKCRtcAAsAtwB1gBAQ,2020-08-19 14:00:10,0.4,-8.6,3.75,9.390553764288876,NORMAL,60.0
zRYzhAEAHAABAAAKCRtcAAsAtwB1gBAQ,2020-08-19 14:16:56,0.5,-8.400001,3.75,9.212628115798498,NORMAL,1006.0
zRYzhAEAHAABAAAKCRtcAAsAtwB1gBAQ,2020-08-19 14:16:59,0.4,-8.6,3.75,9.390553764288876,NORMAL,3.0
zRYzhAEAHAABAAAKCRtcAAsAtwB1gBAQ,2020-08-19 14:17:57,0.4,-8.6,3.75,9.390553764288876,NORMAL,58.0
zRYzhAEAHAABAAAKCRtcAAsAtwB1gBAQ,2020-08-19 14:18:57,0.4,-8.6,3.75,9.390553764288876,NORMAL,60.0
zRYzhAEAHAABAAAKCRtcAAsAtwB1gBAQ,2020-08-19 14:19:57,0.4,-8.6,3.75,9.390553764288876,NORMAL,60.0
zRYzhAEAHAABAAAKCRtcAAsAtwB1gBAQ,2020-08-19 14:20:26,-0.29999995,-8.6,4.25,9.597525721247118,NORMAL,29.0
zRYzhAEAHAABAAAKCRtcAAsAtwB1gBAQ,2020-08-19 14:20:37,0.8000001,-8.0,3.5,8.768694324698519,NORMAL,11.0
zRYzhAEAHAABAAAKCRtcAAsAtwB1gBAQ,2020-08-19 14:20:42,0.3,-10.0,3.5,10.599056561788885,NORMAL,5.0
zRYzhAEAHAABAAAKCRtcAAsAtwB1gBAQ,2020-08-19 14:20:47,0.10000006,-8.2,5.5,9.874208829673393,NORMAL,5.0
zRYzhAEAHAABAAAKCRtcAAsAtwB1gBAQ,2020-08-19 14:20:57,0.70000005,-8.8,5.5,10.400961497380905,NORMAL,10.0
zRYzhAEAHAABAAAKCRtcAAsAtwB1gBAQ,2020-08-19 14:20:59,1.4000001,-7.3999996,2.0,7.792303533615729,NORMAL,2.0
zRYzhAEAHAABAAAKCRtcAAsAtwB1gBAQ,2020-08-19 14:21:14,0.4000001,-7.2,3.75,8.127884108425759,NORMAL,15.0
zRYzhAEAHAABAAAKCRtcAAsAtwB1gBAQ,2020-08-19 14:21:19,2.7,-6.6,1.25,7.239647781487715,NORMAL,5.0
zRYzhAEAHAABAAAKCRtcAAsAtwB1gBAQ,2020-08-19 14:21:24,0.20000009,-11.0,6.0,12.531560159692807,NORMAL,5.0
zRYzhAEAHAABAAAKCRtcAAsAtwB1gBAQ,2020-08-19 14:21:29,-2.6000001,-8.8,6.5,11.244998911516177,NORMAL,5.0
zRYzhAEAHAABAAAKCRtcAAsAtwB1gBAQ,2020-08-19 14:21:34,0.9000001,-8.6,3.5,9.328451113662975,NORMAL,5.0
zRYzhAEAHAABAAAKCRtcAAsAtwB1gBAQ,2020-08-19 14:21:39,1.9999999,-6.2000003,3.25,7.280281815973892,NORMAL,5.0
zRYzhAEAHAABAAAKCRtcAAsAtwB1gBAQ,2020-08-19 14:21:44,1.1000001,-10.6,3.75,11.29745547545995,NORMAL,5.0
zRYzhAEAHAABAAAKCRtcAAsAtwB1gBAQ,2020-08-19 14:21:54,0.70000017,-9.400001,3.75,10.144580771919607,NORMAL,10.0
zRYzhAEAHAABAAAKCRtcAAsAtwB1gBAQ,2020-08-19 14:21:57,0.70000017,-9.400001,3.75,10.144580771919607,NORMAL,3.0
zRYzhAEAHAABAAAKCRtcAAsAtwB1gBAQ,2020-08-19 14:22:00,0.19999985,-9.2,5.75,10.850921617079353,NORMAL,3.0
zRYzhAEAHAABAAAKCRtcAAsAtwB1gBAQ,2020-08-19 14:22:10,0.40000015,-8.599999,4.0,9.493154529449155,NORMAL,10.0
zRYzhAEAHAABAAAKCRtcAAsAtwB1gBAQ,2020-08-19 14:27:43,0.3,-8.400001,4.0,9.308599078271714,NORMAL,333.0
zRYzhAEAHAABAAAKCRtcAAsAtwB1gBAQ,2020-08-19 14:27:49,1.5,-9.0,4.25,10.065411069598698,NORMAL,6.0
zRYzhAEAHAABAAAKCRtcAAsAtwB1gBAQ,2020-08-19 14:28:00,0.09999998,-8.200001,3.5,8.916278169505537,NORMAL,11.0
zRYzhAEAHAABAAAKCRtcAAsAtwB1gBAQ,2020-08-19 14:28:11,-1.1,-9.2,5.5,10.774970997640782,NORMAL,11.0
zRYzhAEAHAABAAAKCRtcAAsAtwB1gBAQ,2020-08-19 14:28:16,0.4,-9.000001,3.75,9.758202600889213,NORMAL,5.0
zRYzhAEAHAABAAAKCRtcAAsAtwB1gBAQ,2020-08-19 14:28:26,0.19999999,-8.000001,4.25,9.061043869003228,NORMAL,10.0
zRYzhAEAHAABAAAKCRtcAAsAtwB1gBAQ,2020-08-19 14:28:32,0.90000004,-7.9999995,3.5,8.778382087378075,NORMAL,6.0
zRYzhAEAHAABAAAKCRtcAAsAtwB1gBAQ,2020-08-19 14:29:02,0.7,-9.600001,3.25,10.159356239447508,NORMAL,30.0
zRYzhAEAHAABAAAKCRtcAAsAtwB1gBAQ,2020-08-19 14:29:29,0.39999998,-8.799999,3.75,9.57405255803419,NORMAL,27.0
zRYzhAEAHAABAAAKCRtcAAsAtwB1gBAQ,2020-08-19 14:29:34,1.0000001,-8.200001,3.75,9.07207344546995,NORMAL,5.0
zRYzhAEAHAABAAAKCRtcAAsAtwB1gBAQ,2020-08-19 14:29:57,0.5000001,-5.3999987,-2.25,5.871327452970214,NORMAL,23.0
zRYzhAEAHAABAAAKCRtcAAsAtwB1gBAQ,2020-08-19 14:30:01,0.19999996,-7.4000006,4.0,8.414274113909077,NORMAL,4.0
zRYzhAEAHAABAAAKCRtcAAsAtwB1gBAQ,2020-08-19 14:30:06,0.30000013,-8.799998,5.5,10.381713003064766,NORMAL,5.0
zRYzhAEAHAABAAAKCRtcAAsAtwB1gBAQ,2020-08-19 14:30:11,0.49999997,-9.000001,4.25,9.965566615601995,NORMAL,5.0
zRYzhAEAHAABAAAKCRtcAAsAtwB1gBAQ,2020-08-19 14:30:27,2.6000001,-8.999998,2.25,9.634441578005651,NORMAL,16.0
zRYzhAEAHAABAAAKCRtcAAsAtwB1gBAQ,2020-08-19 14:30:32,1.1,-8.400001,3.5,9.166243330830847,NORMAL,5.0
zRYzhAEAHAABAAAKCRtcAAsAtwB1gBAQ,2020-08-19 14:30:37,1.2000002,-8.599998,2.75,9.108373404730617,NORMAL,5.0
zRYzhAEAHAABAAAKCRtcAAsAtwB1gBAQ,2020-08-19 14:30:47,1.6000001,-8.8,2.5,9.287087827731577,NORMAL,10.0
zRYzhAEAHAABAAAKCRtcAAsAtwB1gBAQ,2020-08-19 14:30:57,0.80000013,-8.399999,4.0,9.338093135539022,NORMAL,10.0
zRYzhAEAHAABAAAKCRtcAAsAtwB1gBAQ,2020-08-19 14:31:02,0.7,-8.400001,3.5,9.126884287641703,NORMAL,5.0
zRYzhAEAHAABAAAKCRtcAAsAtwB1gBAQ,2020-08-19 14:31:17,1.1,-9.200001,2.5,9.59687544985351,NORMAL,15.0
zRYzhAEAHAABAAAKCRtcAAsAtwB1gBAQ,2020-08-19 14:31:22,0.90000015,-9.199999,2.5,9.576010749263027,NORMAL,5.0
zRYzhAEAHAABAAAKCRtcAAsAtwB1gBAQ,2020-08-19 14:31:27,0.70000005,-8.800001,3.75,9.59127299528071,NORMAL,5.0
zRYzhAEAHAABAAAKCRtcAAsAtwB1gBAQ,2020-08-19 14:31:58,1.0000001,-8.799999,3.5,9.523128824078828,NORMAL,31.0
zRYzhAEAHAABAAAKCRtcAAsAtwB1gBAQ,2020-08-19 14:36:39,0.6,-7.8,3.25,8.471274992585236,NORMAL,281.0
zRYzhAEAHAABAAAKCRtcAAsAtwB1gBAQ,2020-08-19 14:36:50,0.6,-8.6,3.5,9.304300081145277,NORMAL,11.0
zRYzhAEAHAABAAAKCRtcAAsAtwB1gBAQ,2020-08-19 14:37:17,0.09999999,-9.0,4.75,10.177057531428227,NORMAL,27.0
zRYzhAEAHAABAAAKCRtcAAsAtwB1gBAQ,2020-08-19 14:37:26,-0.29999998,-8.8,4.5,9.888377014859415,NORMAL,9.0
zRYzhAEAHAABAAAKCRtcAAsAtwB1gBAQ,2020-08-19 14:38:02,-0.10000002,-8.8,4.75,10.00062498066996,NORMAL,36.0
zRYzhAEAHAABAAAKCRtcAAsAtwB1gBAQ,2020-08-19 14:38:09,0.70000005,-9.0,2.25,9.30335961198964,NORMAL,7.0
zRYzhAEAHAABAAAKCRtcAAsAtwB1gBAQ,2020-08-19 14:38:15,1.2,-8.400001,3.0,9.00000093333334,NORMAL,6.0
zRYzhAEAHAABAAAKCRtcAAsAtwB1gBAQ,2020-08-19 14:38:20,1.0,-8.2,3.25,8.877077221698592,NORMAL,5.0
zRYzhAEAHAABAAAKCRtcAAsAtwB1gBAQ,2020-08-19 14:38:30,0.6,-8.8,4.5,9.902019995940224,NORMAL,10.0
zRYzhAEAHAABAAAKCRtcAAsAtwB1gBAQ,2020-08-19 14:38:57,1.3000001,-8.4,4.25,9.503288918053581,NORMAL,27.0
zRYzhAEAHAABAAAKCRtcAAsAtwB1gBAQ,2020-08-19 14:39:02,0.90000004,-8.200001,4.0,9.167879606103094,NORMAL,5.0
zRYzhAEAHAABAAAKCRtcAAsAtwB1gBAQ,2020-08-19 14:39:07,1.6,-8.599999,4.75,9.954018424736866,NORMAL,5.0
zRYzhAEAHAABAAAKCRtcAAsAtwB1gBAQ,2020-08-19 14:39:17,0.90000004,-8.799999,5.0,10.161199853954306,NORMAL,10.0
zRYzhAEAHAABAAAKCRtcAAsAtwB1gBAQ,2020-08-19 14:39:22,1.7,-8.200001,2.75,8.814335845655135,NORMAL,5.0
zRYzhAEAHAABAAAKCRtcAAsAtwB1gBAQ,2020-08-19 14:39:32,0.8,-8.6,3.75,9.416076677682696,NORMAL,10.0
zRYzhAEAHAABAAAKCRtcAAsAtwB1gBAQ,2020-08-19 14:39:42,1.1,-9.2,4.5,10.300485425454472,NORMAL,10.0
zRYzhAEAHAABAAAKCRtcAAsAtwB1gBAQ,2020-08-19 14:39:52,1.6,-9.400001,2.5,9.857485419720437,NORMAL,10.0
zRYzhAEAHAABAAAKCRtcAAsAtwB1gBAQ,2020-08-19 14:39:57,1.6,-9.400001,2.5,9.857485419720437,NORMAL,5.0
zRYzhAEAHAABAAAKCRtcAAsAtwB1gBAQ,2020-08-19 14:39:59,1.0,-8.8,3.25,9.434113630861143,NORMAL,2.0
zRYzhAEAHAABAAAKCRtcAAsAtwB1gBAQ,2020-08-19 14:40:04,0.7,-8.6,3.5,9.311283477587823,NORMAL,5.0
zRYzhAEAHAABAAAKCRtcAAsAtwB1gBAQ,2020-08-19 14:44:29,0.0,-8.6,4.25,9.592835868501034,NORMAL,265.0
zRYzhAEAHAABAAAKCRtcAAsAtwB1gBAQ,2020-08-19 14:44:40,0.8,-8.400001,3.0,8.955446208872063,NORMAL,11.0
zRYzhAEAHAABAAAKCRtcAAsAtwB1gBAQ,2020-08-19 14:45:09,1.3000001,-8.6,4.0,9.573400663296194,NORMAL,29.0
zRYzhAEAHAABAAAKCRtcAAsAtwB1gBAQ,2020-08-19 14:45:46,0.70000005,-8.6,3.75,9.408108208880252,NORMAL,37.0
zRYzhAEAHAABAAAKCRtcAAsAtwB1gBAQ,2020-08-19 14:45:51,0.19999999,-8.8,4.75,10.00212477406676,NORMAL,5.0
zRYzhAEAHAABAAAKCRtcAAsAtwB1gBAQ,2020-08-19 14:46:07,2.3,-9.2,1.25,9.56517119554062,NORMAL,16.0
zRYzhAEAHAABAAAKCRtcAAsAtwB1gBAQ,2020-08-19 14:46:22,0.80000013,-8.2,3.75,9.052209686479872,NORMAL,15.0
zRYzhAEAHAABAAAKCRtcAAsAtwB1gBAQ,2020-08-19 14:46:27,0.9,-8.6,3.5,9.328451104015071,NORMAL,5.0
zRYzhAEAHAABAAAKCRtcAAsAtwB1gBAQ,2020-08-19 14:46:34,0.9,-8.599999,3.5,9.32845018210426,NORMAL,7.0
zRYzhAEAHAABAAAKCRtcAAsAtwB1gBAQ,2020-08-19 14:52:07,0.8,-8.6,3.5,9.31933474020544,NORMAL,333.0
zRYzhAEAHAABAAAKCRtcAAsAtwB1gBAQ,2020-08-19 14:52:12,0.8,-8.6,3.25,9.228353049163214,NORMAL,5.0
zRYzhAEAHAABAAAKCRtcAAsAtwB1gBAQ,2020-08-19 14:52:43,0.8,-8.6,3.25,9.228353049163214,NORMAL,31.0
zRYzhAEAHAABAAAKCRtcAAsAtwB1gBAQ,2020-08-19 14:55:25,0.8,-8.6,3.5,9.31933474020544,NORMAL,162.0
zRYzhAEAHAABAAAKCRtcAAsAtwB1gBAQ,2020-08-19 14:55:30,0.7,-8.6,3.5,9.311283477587823,NORMAL,5.0
zRYzhAEAHAABAAAKCRtcAAsAtwB1gBAQ,2020-08-19 14:56:01,0.7,-8.6,3.5,9.311283477587823,NORMAL,31.0
zRYzhAEAHAABAAAKCRtcAAsAtwB1gBAQ,2020-08-19 14:59:14,0.7,-8.6,3.5,9.311283477587823,NORMAL,193.0
zRYzhAEAHAABAAAKCRtcAAsAtwB1gBAQ,2020-08-19 14:59:19,0.7,-8.6,3.5,9.311283477587823,NORMAL,5.0
zRYzhAEAHAABAAAKCRtcAAsAtwB1gBAQ,2020-08-19 14:59:42,0.3,-7.8,6.25,9.999624992968487,NORMAL,23.0
zRYzhAEAHAABAAAKCRtcAAsAtwB1gBAQ,2020-08-19 15:00:14,0.3,-7.8,6.25,9.999624992968487,NORMAL,32.0
zRYzhAEAHAABAAAKCRtcAAsAtwB1gBAQ,2020-08-19 15:00:16,-1.0,-8.400001,6.0,10.371114539913297,NORMAL,2.0
zRYzhAEAHAABAAAKCRtcAAsAtwB1gBAQ,2020-08-19 15:00:23,0.4,-8.400001,2.75,8.847740773779542,NORMAL,7.0
zRYzhAEAHAABAAAKCRtcAAsAtwB1gBAQ,2020-08-19 15:00:33,0.90000004,-8.8,3.75,9.60793942903472,NORMAL,10.0
zRYzhAEAHAABAAAKCRtcAAsAtwB1gBAQ,2020-08-19 15:00:44,1.8000001,-7.8000007,2.0,8.251061221443003,NORMAL,11.0
zRYzhAEAHAABAAAKCRtcAAsAtwB1gBAQ,2020-08-19 15:00:49,0.6,-9.0,4.25,9.971083190907596,NORMAL,5.0
zRYzhAEAHAABAAAKCRtcAAsAtwB1gBAQ,2020-08-19 15:00:54,1.1,-8.6,4.0,9.54829827770373,NORMAL,5.0
zRYzhAEAHAABAAAKCRtcAAsAtwB1gBAQ,2020-08-19 15:00:59,-3.3,-6.8,5.0,9.062560344626677,NORMAL,5.0
zRYzhAEAHAABAAAKCRtcAAsAtwB1gBAQ,2020-08-19 15:01:04,0.90000004,-10.8,5.0,11.935241936048051,NORMAL,5.0
zRYzhAEAHAABAAAKCRtcAAsAtwB1gBAQ,2020-08-19 15:01:09,0.3000001,-8.8,3.0,9.302150292271138,NORMAL,5.0
zRYzhAEAHAABAAAKCRtcAAsAtwB1gBAQ,2020-08-19 15:01:14,1.7,-8.8,3.75,9.715580270884494,NORMAL,5.0
zRYzhAEAHAABAAAKCRtcAAsAtwB1gBAQ,2020-08-19 15:01:19,0.80000013,-9.0,3.75,9.782765468312117,NORMAL,5.0
zRYzhAEAHAABAAAKCRtcAAsAtwB1gBAQ,2020-08-19 15:01:24,-1.3,-11.6,7.25,13.740906083661296,NORMAL,5.0
zRYzhAEAHAABAAAKCRtcAAsAtwB1gBAQ,2020-08-19 15:02:36,0.4,-8.400001,3.5,9.108787888627168,NORMAL,72.0
zRYzhAEAHAABAAAKCRtcAAsAtwB1gBAQ,2020-08-19 15:03:03,0.4,-8.400001,3.5,9.108787888627168,NORMAL,27.0
zRYzhAEAHAABAAAKCRtcAAsANAB0gBAQ,2020-08-19 15:15:40,-0.5,10.0,0.5,10.024968827881711,NORMAL,757.0
zRYzhAEAHAABAAAKCRtcAAsANAB0gBAQ,2020-08-19 15:15:41,-0.5,10.0,0.5,10.024968827881711,NORMAL,1.0
zRYzhAEAHAABAAAKCRtcAAsANAB0gBAQ,2020-08-19 15:34:32,-0.5,10.0,2.0,10.21028892833107,NORMAL,1131.0
zRYzhAEAHAABAAAKCRtcAAsANAB0gBAQ,2020-08-19 15:35:32,0.0,10.5,3.0,10.920164833920778,NORMAL,60.0
zRYzhAEAHAABAAAKCRtcAAsANAB0gBAQ,2020-08-19 15:36:32,0.0,10.5,2.5,10.793516572461451,NORMAL,60.0
zRYzhAEAHAABAAAKCRtcAAsANAB0gBAQ,2020-08-19 15:37:32,0.0,11.5,1.0,11.543396380615196,NORMAL,60.0
zRYzhAEAHAABAAAKCRtcAAsANAB0gBAQ,2020-08-19 15:37:37,1.5,11.0,2.5,11.379806676741042,NORMAL,5.0
zRYzhAEAHAABAAAKCRtcAAsANAB0gBAQ,2020-08-19 15:37:42,0.5,14.5,0.5,14.517231140957975,ABNORMAL,5.0
zRYzhAEAHAABAAAKCRtcAAsANAB0gBAQ,2020-08-19 15:37:47,-0.5,9.0,6.0,10.828203913853857,NORMAL,5.0
zRYzhAEAHAABAAAKCRtcAAsANAB0gBAQ,2020-08-19 15:37:52,2.0,12.0,0.0,12.165525060596439,NORMAL,5.0
zRYzhAEAHAABAAAKCRtcAAsANAB0gBAQ,2020-08-19 15:37:57,0.5,9.5,1.5,9.630680142129112,NORMAL,5.0
zRYzhAEAHAABAAAKCRtcAAsANAB0gBAQ,2020-08-19 15:38:03,1.5,10.0,1.5,10.222524150130436,NORMAL,6.0
zRYzhAEAHAABAAAKCRtcAAsANAB0gBAQ,2020-08-19 15:38:13,-0.5,9.5,2.0,9.72111104761179,NORMAL,10.0
zRYzhAEAHAABAAAKCRtcAAsANAB0gBAQ,2020-08-19 15:38:18,0.5,15.5,-0.5,15.5161206491829,ABNORMAL,5.0
zRYzhAEAHAABAAAKCRtcAAsANAB0gBAQ,2020-08-19 15:38:23,2.0,7.0,4.5,8.558621384311845,NORMAL,5.0
zRYzhAEAHAABAAAKCRtcAAsANAB0gBAQ,2020-08-19 15:38:28,1.5,9.5,5.0,10.8397416943394,NORMAL,5.0
zRYzhAEAHAABAAAKCRtcAAsANAB0gBAQ,2020-08-19 15:38:32,1.5,9.5,5.0,10.8397416943394,NORMAL,4.0
zRYzhAEAHAABAAAKCRtcAAsANAB0gBAQ,2020-08-19 15:38:35,-3.0,5.0,1.0,5.916079783099616,NORMAL,3.0
zRYzhAEAHAABAAAKCRtcAAsANAB0gBAQ,2020-08-19 15:38:45,-0.5,10.5,2.0,10.700467279516348,NORMAL,10.0
zRYzhAEAHAABAAAKCRtcAAsANAB0gBAQ,2020-08-19 15:38:50,0.0,7.5,4.0,8.5,NORMAL,5.0
zRYzhAEAHAABAAAKCRtcAAsANAB0gBAQ,2020-08-19 15:39:10,-1.0,9.5,3.0,10.012492197250394,NORMAL,20.0
zRYzhAEAHAABAAAKCRtcAAsANAB0gBAQ,2020-08-19 15:39:33,-1.5,15.0,-2.0,15.20690632574555,ABNORMAL,23.0
zRYzhAEAHAABAAAKCRtcAAsANAB0gBAQ,2020-08-19 15:39:45,-2.0,9.5,1.0,9.759610647971568,NORMAL,12.0
zRYzhAEAHAABAAAKCRtcAAsANAB0gBAQ,2020-08-19 15:40:06,0.0,12.0,3.0,12.36931687685298,NORMAL,21.0
zRYzhAEAHAABAAAKCRtcAAsANAB0gBAQ,2020-08-19 15:40:21,-1.0,10.0,2.0,10.246950765959598,NORMAL,15.0
zRYzhAEAHAABAAAKCRtcAAsANAB0gBAQ,2020-08-19 15:40:26,-1.5,7.5,0.0,7.648529270389178,NORMAL,5.0
zRYzhAEAHAABAAAKCRtcAAsANAB0gBAQ,2020-08-19 15:40:34,-3.0,7.5,0.0,8.077747210701755,NORMAL,8.0
zRYzhAEAHAABAAAKCRtcAAsANAB0gBAQ,2020-08-19 15:41:34,0.5,9.5,2.0,9.72111104761179,NORMAL,60.0
zRYzhAEAHAABAAAKCRtcAAsANAB0gBAQ,2020-08-19 15:41:37,-1.0,10.0,3.5,10.641898326896381,NORMAL,3.0
zRYzhAEAHAABAAAKCRtcAAsANAB0gBAQ,2020-08-19 15:42:02,0.5,7.5,4.0,8.514693182963201,NORMAL,25.0
zRYzhAEAHAABAAAKCRtcAAsANAB0gBAQ,2020-08-19 15:42:07,0.5,10.0,0.5,10.024968827881711,NORMAL,5.0
zRYzhAEAHAABAAAKCRtcAAsANAB0gBAQ,2020-08-19 15:42:12,-0.5,10.0,2.0,10.21028892833107,NORMAL,5.0
zRYzhAEAHAABAAAKCRtcAAsANAB0gBAQ,2020-08-19 15:42:34,0.0,11.5,3.0,11.884864324004713,NORMAL,22.0
zRYzhAEAHAABAAAKCRtcAAsANAB0gBAQ,2020-08-19 15:42:52,1.5,9.5,2.0,9.82344135219425,NORMAL,18.0
zRYzhAEAHAABAAAKCRtcAAsANAB0gBAQ,2020-08-19 15:43:13,-2.5,12.0,1.5,12.349089035228468,NORMAL,21.0
zRYzhAEAHAABAAAKCRtcAAsANAB0gBAQ,2020-08-19 15:43:18,1.5,13.0,-2.0,13.238202294873727,NORMAL,5.0
zRYzhAEAHAABAAAKCRtcAAsANAB0gBAQ,2020-08-19 15:43:23,0.0,4.0,6.5,7.632168761236874,NORMAL,5.0
zRYzhAEAHAABAAAKCRtcAAsANAB0gBAQ,2020-08-19 15:43:28,-2.0,8.0,4.5,9.394147114027968,NORMAL,5.0
zRYzhAEAHAABAAAKCRtcAAsANAB0gBAQ,2020-08-19 15:43:33,-0.5,10.0,1.5,10.124228365658293,NORMAL,5.0
zRYzhAEAHAABAAAKCRtcAAsANAB0gBAQ,2020-08-19 15:43:34,-0.5,10.0,1.5,10.124228365658293,NORMAL,1.0
zRYzhAEAHAABAAAKCRtcAAsANAB0gBAQ,2020-08-19 15:43:38,-1.5,10.5,1.0,10.653637876331258,NORMAL,4.0
zRYzhAEAHAABAAAKCRtcAAsANAB0gBAQ,2020-08-19 15:44:23,1.5,11.5,1.5,11.6940155635265,NORMAL,45.0
zRYzhAEAHAABAAAKCRtcAAsANAB0gBAQ,2020-08-19 15:44:28,0.0,10.5,2.5,10.793516572461451,NORMAL,5.0
zRYzhAEAHAABAAAKCRtcAAsANAB0gBAQ,2020-08-19 15:44:33,0.0,11.0,1.0,11.045361017187261,NORMAL,5.0
zRYzhAEAHAABAAAKCRtcAAsANAB0gBAQ,2020-08-19 15:44:34,0.0,11.0,1.0,11.045361017187261,NORMAL,1.0
zRYzhAEAHAABAAAKCRtcAAsANAB0gBAQ,2020-08-19 15:45:34,-0.5,10.0,2.0,10.21028892833107,NORMAL,60.0
zRYzhAEAHAABAAAKCRtcAAsANAB0gBAQ,2020-08-19 15:46:45,0.0,10.0,2.0,10.198039027185569,NORMAL,71.0
zRYzhAEAHAABAAAKCRtcAAsAtwB1gBAQ,2020-08-19 16:31:07,0.3,-8.2,3.75,9.021779203682609,NORMAL,2662.0
zRYzhAEAHAABAAAKCRtcAAsAtwB1gBAQ,2020-08-19 16:31:12,0.4,-8.8,3.25,9.389488803976498,NORMAL,5.0
zRYzhAEAHAABAAAKCRtcAAsAtwB1gBAQ,2020-08-19 16:31:22,0.7,-8.6,4.25,9.618341852939102,NORMAL,10.0
zRYzhAEAHAABAAAKCRtcAAsAtwB1gBAQ,2020-08-19 16:31:53,0.099999994,-7.5999994,3.25,8.266346888366128,NORMAL,31.0
zRYzhAEAHAABAAAKCRtcAAsAtwB1gBAQ,2020-08-19 16:32:23,0.5,-9.400001,3.75,10.132744879843813,NORMAL,30.0
zRYzhAEAHAABAAAKCRtcAAsAtwB1gBAQ,2020-08-19 16:32:29,0.6,-8.799999,4.25,9.790938790534899,NORMAL,6.0
zRYzhAEAHAABAAAKCRtcAAsAtwB1gBAQ,2020-08-19 16:32:34,1.2,-7.8000007,5.0,9.342377155735068,NORMAL,5.0
zRYzhAEAHAABAAAKCRtcAAsAtwB1gBAQ,2020-08-19 16:32:39,1.1,-7.999999,1.75,8.26271650245856,NORMAL,5.0
zRYzhAEAHAABAAAKCRtcAAsAtwB1gBAQ,2020-08-19 16:32:44,-0.9,-9.400001,7.25,11.90514673576101,NORMAL,5.0
zRYzhAEAHAABAAAKCRtcAAsAtwB1gBAQ,2020-08-19 16:32:55,0.70000005,-7.799999,2.75,8.300149665518147,NORMAL,11.0
zRYzhAEAHAABAAAKCRtcAAsAtwB1gBAQ,2020-08-19 16:33:05,-0.19999996,-9.999999,4.75,11.07260041652371,NORMAL,10.0
zRYzhAEAHAABAAAKCRtcAAsAtwB1gBAQ,2020-08-19 16:33:10,-0.49999997,-8.800001,4.25,9.785321536362563,NORMAL,5.0
zRYzhAEAHAABAAAKCRtcAAsAtwB1gBAQ,2020-08-19 16:33:15,-0.59999996,-9.199999,5.0,10.488087602227633,NORMAL,5.0
zRYzhAEAHAABAAAKCRtcAAsAtwB1gBAQ,2020-08-19 16:33:17,-0.59999996,-9.199999,5.0,10.488087602227633,NORMAL,2.0
zRYzhAEAHAABAAAKCRtcAAsAtwB1gBAQ,2020-08-19 16:33:22,0.50000006,-9.000001,3.25,9.581884890771805,NORMAL,5.0
zRYzhAEAHAABAAAKCRtcAAsAtwB1gBAQ,2020-08-19 16:33:27,-0.79999995,-8.999999,3.0,9.520503238799986,NORMAL,5.0
zRYzhAEAHAABAAAKCRtcAAsAtwB1gBAQ,2020-08-19 16:33:32,2.5,-7.800001,2.5,8.563878537205033,NORMAL,5.0
zRYzhAEAHAABAAAKCRtcAAsAtwB1gBAQ,2020-08-19 16:33:37,-0.09999994,-9.399999,6.75,11.572920166837797,NORMAL,5.0
zRYzhAEAHAABAAAKCRtcAAsAtwB1gBAQ,2020-08-19 16:33:42,1.4,-8.200001,3.75,9.124829664163656,NORMAL,5.0
zRYzhAEAHAABAAAKCRtcAAsAtwB1gBAQ,2020-08-19 16:33:47,1.1,-8.399999,2.0,8.70459552190686,NORMAL,5.0
zRYzhAEAHAABAAAKCRtcAAsAtwB1gBAQ,2020-08-19 16:33:52,1.3,-7.200001,0.75,7.354761342151151,NORMAL,5.0
zRYzhAEAHAABAAAKCRtcAAsAtwB1gBAQ,2020-08-19 16:33:57,-0.6,-7.9999986,6.5,10.325210777509675,NORMAL,5.0
zRYzhAEAHAABAAAKCRtcAAsAtwB1gBAQ,2020-08-19 16:34:02,1.5,-9.800001,3.5,10.513801386748801,NORMAL,5.0
zRYzhAEAHAABAAAKCRtcAAsAtwB1gBAQ,2020-08-19 16:34:07,1.8,-7.5999985,3.75,8.663860409771285,NORMAL,5.0
zRYzhAEAHAABAAAKCRtcAAsAtwB1gBAQ,2020-08-19 16:34:17,1.9,-9.400002,3.75,10.297210185288247,NORMAL,10.0
zRYzhAEAHAABAAAKCRtcAAsAtwB1gBAQ,2020-08-19 16:34:24,0.99999994,-8.400002,-2.25,8.753429812365209,NORMAL,7.0
zRYzhAEAHAABAAAKCRtcAAsAtwB1gBAQ,2020-08-19 16:34:29,1.4,-8.199998,1.0,8.37854206888072,NORMAL,5.0
zRYzhAEAHAABAAAKCRtcAAsAtwB1gBAQ,2020-08-19 16:34:39,0.29999995,-9.800001,3.5,10.410572490021911,NORMAL,10.0
zRYzhAEAHAABAAAKCRtcAAsAtwB1gBAQ,2020-08-19 16:34:44,0.9,-8.5999975,3.5,9.328448799238073,NORMAL,5.0
zRYzhAEAHAABAAAKCRtcAAsAtwB1gBAQ,2020-08-19 16:34:49,2.8,-6.6000013,0.75,7.208503115071927,NORMAL,5.0
zRYzhAEAHAABAAAKCRtcAAsAtwB1gBAQ,2020-08-19 16:34:55,0.49999997,-8.399998,4.5,9.54253458835775,NORMAL,6.0
zRYzhAEAHAABAAAKCRtcAAsAtwB1gBAQ,2020-08-19 16:35:00,1.3,-7.800001,3.0,8.457541936047436,NORMAL,5.0
zRYzhAEAHAABAAAKCRtcAAsAtwB1gBAQ,2020-08-19 16:35:05,1.9,-7.199998,2.75,7.938039506074784,NORMAL,5.0
zRYzhAEAHAABAAAKCRtcAAsAtwB1gBAQ,2020-08-19 16:35:10,0.49999994,-8.400002,1.5,8.547516220517164,NORMAL,5.0
zRYzhAEAHAABAAAKCRtcAAsAtwB1gBAQ,2020-08-19 16:35:15,-0.10000005,-7.599998,3.75,8.475403802179812,NORMAL,5.0
zRYzhAEAHAABAAAKCRtcAAsAtwB1gBAQ,2020-08-19 16:35:17,-0.10000005,-7.599998,3.75,8.475403802179812,NORMAL,2.0
zRYzhAEAHAABAAAKCRtcAAsAtwB1gBAQ,2020-08-19 16:35:20,0.19999993,-9.800001,6.25,11.62508148668219,NORMAL,3.0
zRYzhAEAHAABAAAKCRtcAAsAtwB1gBAQ,2020-08-19 16:35:25,3.0,-8.999998,-1.25,9.568827723394543,NORMAL,5.0
zRYzhAEAHAABAAAKCRtcAAsAtwB1gBAQ,2020-08-19 16:35:30,-1.5000001,-9.200001,6.5,11.363978999452657,NORMAL,5.0
zRYzhAEAHAABAAAKCRtcAAsAtwB1gBAQ,2020-08-19 16:35:35,1.0,-9.399998,2.0,9.662295917638003,NORMAL,5.0
zRYzhAEAHAABAAAKCRtcAAsAtwB1gBAQ,2020-08-19 16:35:40,0.099999905,-9.400001,4.25,10.316613726460877,NORMAL,5.0
zRYzhAEAHAABAAAKCRtcAAsAtwB1gBAQ,2020-08-19 16:35:45,0.09999999,-8.799997,4.0,9.666951287660913,NORMAL,5.0
zRYzhAEAHAABAAAKCRtcAAsAtwB1gBAQ,2020-08-19 16:35:50,0.8999999,-8.8,3.5,9.513148785759636,NORMAL,5.0
zRYzhAEAHAABAAAKCRtcAAsAtwB1gBAQ,2020-08-19 16:35:55,0.5,-7.7999973,5.5,9.557194038001285,NORMAL,5.0
zRYzhAEAHAABAAAKCRtcAAsAtwB1gBAQ,2020-08-19 16:36:00,0.099999905,-8.6,4.25,9.593357075653966,NORMAL,5.0
zRYzhAEAHAABAAAKCRtcAAsAtwB1gBAQ,2020-08-19 16:36:05,1.3,-7.5999975,4.75,9.05607321083516,NORMAL,5.0
zRYzhAEAHAABAAAKCRtcAAsAtwB1gBAQ,2020-08-19 16:36:10,2.7,-6.2000003,2.25,7.126885976357422,NORMAL,5.0
zRYzhAEAHAABAAAKCRtcAAsAtwB1gBAQ,2020-08-19 16:36:15,-0.70000005,-9.5999975,9.5,13.524050875015455,NORMAL,5.0
zRYzhAEAHAABAAAKCRtcAAsAtwB1gBAQ,2020-08-19 16:36:17,-0.70000005,-9.5999975,9.5,13.524050875015455,NORMAL,2.0
zRYzhAEAHAABAAAKCRtcAAsAtwB1gBAQ,2020-08-19 16:36:21,-1.2,-6.8,5.0,8.525256594378845,NORMAL,4.0
zRYzhAEAHAABAAAKCRtcAAsAtwB1gBAQ,2020-08-19 16:36:34,-2.6000001,-8.5999975,6.5,11.08918200409779,NORMAL,13.0
zRYzhAEAHAABAAAKCRtcAAsAtwB1gBAQ,2020-08-19 16:36:39,1.6,-7.6000004,3.75,8.624529325128425,NORMAL,5.0
zRYzhAEAHAABAAAKCRtcAAsAtwB1gBAQ,2020-08-19 16:36:44,-0.7000001,-6.1999974,0.25,6.2443949186455825,NORMAL,5.0
zRYzhAEAHAABAAAKCRtcAAsAtwB1gBAQ,2020-08-19 16:36:54,-0.6000001,-9.199998,5.5,10.73545356843408,NORMAL,10.0
zRYzhAEAHAABAAAKCRtcAAsAtwB1gBAQ,2020-08-19 16:36:59,0.4,-3.1999998,1.5,3.556683668812851,NORMAL,5.0
zRYzhAEAHAABAAAKCRtcAAsAtwB1gBAQ,2020-08-19 16:37:04,0.99999994,-8.5999975,2.75,9.084187188736605,NORMAL,5.0
zRYzhAEAHAABAAAKCRtcAAsAtwB1gBAQ,2020-08-19 16:37:09,0.5,-8.4,3.75,9.212627204006466,NORMAL,5.0
zRYzhAEAHAABAAAKCRtcAAsAtwB1gBAQ,2020-08-19 16:37:14,0.5999999,-8.199998,4.0,9.14330176030541,NORMAL,5.0
zRYzhAEAHAABAAAKCRtcAAsAtwB1gBAQ,2020-08-19 16:37:17,0.5999999,-8.199998,4.0,9.14330176030541,NORMAL,3.0
zRYzhAEAHAABAAAKCRtcAAsAtwB1gBAQ,2020-08-19 16:37:24,2.1,-4.9999995,2.75,6.0805012128935765,NORMAL,7.0
zRYzhAEAHAABAAAKCRtcAAsAtwB1gBAQ,2020-08-19 16:37:29,-0.3,-8.799998,6.25,10.797799072033337,NORMAL,5.0
zRYzhAEAHAABAAAKCRtcAAsAtwB1gBAQ,2020-08-19 16:37:34,0.5999999,-8.799999,4.75,10.01810771952473,NORMAL,5.0
zRYzhAEAHAABAAAKCRtcAAsAtwB1gBAQ,2020-08-19 16:37:39,-0.4,-10.199998,4.5,11.155714194976673,NORMAL,5.0
zRYzhAEAHAABAAAKCRtcAAsAtwB1gBAQ,2020-08-19 16:37:44,1.3,-8.4,2.75,8.933784192602818,NORMAL,5.0
zRYzhAEAHAABAAAKCRtcAAsAtwB1gBAQ,2020-08-19 16:37:49,2.7,-8.799998,2.25,9.475888602131413,NORMAL,5.0
zRYzhAEAHAABAAAKCRtcAAsAtwB1gBAQ,2020-08-19 16:37:54,3.2,-7.9999995,2.5,8.971621481092493,NORMAL,5.0
zRYzhAEAHAABAAAKCRtcAAsAtwB1gBAQ,2020-08-19 16:37:59,2.5,-7.999998,0.25,8.385253007512892,NORMAL,5.0
zRYzhAEAHAABAAAKCRtcAAsAtwB1gBAQ,2020-08-19 16:38:05,-0.8,-10.0,7.5,12.525573839150045,NORMAL,6.0
zRYzhAEAHAABAAAKCRtcAAsAtwB1gBAQ,2020-08-19 16:38:10,-1.3000001,-8.999998,5.0,10.377377523247576,NORMAL,5.0
zRYzhAEAHAABAAAKCRtcAAsAtwB1gBAQ,2020-08-19 16:38:15,0.2,-9.0,4.75,10.17853132824181,NORMAL,5.0
zRYzhAEAHAABAAAKCRtcAAsAtwB1gBAQ,2020-08-19 16:38:17,0.2,-9.0,4.75,10.17853132824181,NORMAL,2.0
zRYzhAEAHAABAAAKCRtcAAsAtwB1gBAQ,2020-08-19 16:38:20,1.4,-9.199998,1.75,9.469026518074813,NORMAL,3.0
zRYzhAEAHAABAAAKCRtcAAsAtwB1gBAQ,2020-08-19 16:38:25,0.7,-8.8,2.75,9.24621544200653,NORMAL,5.0
zRYzhAEAHAABAAAKCRtcAAsAtwB1gBAQ,2020-08-19 16:38:30,0.19999996,-9.5999975,5.75,11.192070942591736,NORMAL,5.0
zRYzhAEAHAABAAAKCRtcAAsAtwB1gBAQ,2020-08-19 16:38:35,0.29999998,-9.2,3.25,9.761787745490064,NORMAL,5.0
zRYzhAEAHAABAAAKCRtcAAsAtwB1gBAQ,2020-08-19 16:38:40,-0.100000046,-8.399998,4.5,9.529951018195424,NORMAL,5.0
zRYzhAEAHAABAAAKCRtcAAsAtwB1gBAQ,2020-08-19 16:38:45,0.9,-8.0,4.0,8.98943824718764,NORMAL,5.0
zRYzhAEAHAABAAAKCRtcAAsAtwB1gBAQ,2020-08-19 16:39:05,0.59999996,-8.5999975,2.5,8.976076924358784,NORMAL,20.0
zRYzhAEAHAABAAAKCRtcAAsAtwB1gBAQ,2020-08-19 16:39:10,0.09999993,-8.6,5.0,9.948366699413528,NORMAL,5.0
zRYzhAEAHAABAAAKCRtcAAsAtwB1gBAQ,2020-08-19 16:39:17,0.09999993,-8.6,4.5,9.70669871717465,NORMAL,7.0
zRYzhAEAHAABAAAKCRtcAAsAtwB1gBAQ,2020-08-19 16:39:20,0.9,-7.5999975,3.25,8.314593315370647,NORMAL,3.0
zRYzhAEAHAABAAAKCRtcAAsAtwB1gBAQ,2020-08-19 16:39:25,-7.4505806e-08,-8.200001,3.5,8.915717379998146,NORMAL,5.0
zRYzhAEAHAABAAAKCRtcAAsAtwB1gBAQ,2020-08-19 16:39:35,1.3,-7.200001,4.25,8.461235985362954,NORMAL,10.0
zRYzhAEAHAABAAAKCRtcAAsAtwB1gBAQ,2020-08-19 16:39:40,-0.100000076,-8.399998,4.75,9.65051638075414,NORMAL,5.0
zRYzhAEAHAABAAAKCRtcAAsAtwB1gBAQ,2020-08-19 16:39:50,1.1999999,-9.399998,5.5,10.95673136295693,NORMAL,10.0
zRYzhAEAHAABAAAKCRtcAAsAtwB1gBAQ,2020-08-19 16:39:55,-0.50000006,-8.200001,3.5,8.929726561323198,NORMAL,5.0
zRYzhAEAHAABAAAKCRtcAAsAtwB1gBAQ,2020-08-19 16:40:05,0.59999996,-8.799997,2.25,9.102881255515145,NORMAL,10.0
zRYzhAEAHAABAAAKCRtcAAsAtwB1gBAQ,2020-08-19 16:40:11,-0.100000106,-8.400001,3.25,9.007359036987534,NORMAL,6.0
zRYzhAEAHAABAAAKCRtcAAsAtwB1gBAQ,2020-08-19 16:40:16,2.0,-8.399998,1.25,8.724818989526602,NORMAL,5.0
zRYzhAEAHAABAAAKCRtcAAsAtwB1gBAQ,2020-08-19 16:40:17,2.0,-8.399998,1.25,8.724818989526602,NORMAL,1.0
zRYzhAEAHAABAAAKCRtcAAsAtwB1gBAQ,2020-08-19 16:40:26,-1.6,-8.5999975,3.75,9.517481652202239,NORMAL,9.0
zRYzhAEAHAABAAAKCRtcAAsAtwB1gBAQ,2020-08-19 16:40:31,-0.4000001,-9.400001,4.5,10.429286594969044,NORMAL,5.0
zRYzhAEAHAABAAAKCRtcAAsAtwB1gBAQ,2020-08-19 16:40:36,0.5,-8.399998,2.5,8.77838062514972,NORMAL,5.0
zRYzhAEAHAABAAAKCRtcAAsAtwB1gBAQ,2020-08-19 16:40:41,0.6999999,-8.200001,3.75,9.043921508947378,NORMAL,5.0
zRYzhAEAHAABAAAKCRtcAAsAtwB1gBAQ,2020-08-19 16:40:51,0.39999992,-8.5999975,4.25,9.601169560840297,NORMAL,10.0
zRYzhAEAHAABAAAKCRtcAAsAtwB1gBAQ,2020-08-19 16:41:01,0.09999991,-9.6,5.0,10.824509225918744,NORMAL,10.0
zRYzhAEAHAABAAAKCRtcAAsAtwB1gBAQ,2020-08-19 16:41:06,0.6,-8.199998,4.0,9.14330176686759,NORMAL,5.0
zRYzhAEAHAABAAAKCRtcAAsAtwB1gBAQ,2020-08-19 16:41:17,4.1,-8.199998,2.0,9.383494402407027,NORMAL,11.0
zRYzhAEAHAABAAAKCRtcAAsAtwB1gBAQ,2020-08-19 16:41:21,-0.20000009,-9.200001,3.25,9.759227348309958,NORMAL,4.0
zRYzhAEAHAABAAAKCRtcAAsAtwB1gBAQ,2020-08-19 16:41:26,0.49999985,-8.5999975,3.5,9.298384636591793,NORMAL,5.0
zRYzhAEAHAABAAAKCRtcAAsAtwB1gBAQ,2020-08-19 16:41:31,1.9,-8.400001,3.0,9.119759689816448,NORMAL,5.0
zRYzhAEAHAABAAAKCRtcAAsAtwB1gBAQ,2020-08-19 16:41:36,1.6999998,-7.3999977,3.0,8.163942998331464,NORMAL,5.0
zRYzhAEAHAABAAAKCRtcAAsAtwB1gBAQ,2020-08-19 16:41:41,0.59999996,-8.6,4.5,9.724710790146922,NORMAL,5.0
zRYzhAEAHAABAAAKCRtcAAsAtwB1gBAQ,2020-08-19 16:41:46,0.6999998,-7.799998,3.5,8.577876690650434,NORMAL,5.0
zRYzhAEAHAABAAAKCRtcAAsAtwB1gBAQ,2020-08-19 16:41:51,1.1,-8.0,4.0,9.011659114724658,NORMAL,5.0
zRYzhAEAHAABAAAKCRtcAAsAtwB1gBAQ,2020-08-19 16:41:56,-0.4000002,-8.399998,5.0,9.78365813793614,NORMAL,5.0
zRYzhAEAHAABAAAKCRtcAAsAtwB1gBAQ,2020-08-19 16:42:06,1.0999998,-8.199998,3.75,9.083637308920038,NORMAL,10.0
zRYzhAEAHAABAAAKCRtcAAsAtwB1gBAQ,2020-08-19 16:42:11,0.6,-7.5999994,4.25,8.72825818133265,NORMAL,5.0
zRYzhAEAHAABAAAKCRtcAAsAtwB1gBAQ,2020-08-19 16:42:17,-0.50000024,-8.399998,5.5,10.052858630260552,NORMAL,6.0
zRYzhAEAHAABAAAKCRtcAAsAtwB1gBAQ,2020-08-19 16:42:22,-0.39999998,-8.2,6.25,10.318066678598273,NORMAL,5.0
zRYzhAEAHAABAAAKCRtcAAsAtwB1gBAQ,2020-08-19 16:42:27,0.99999976,-8.5999975,3.0,9.162966578570845,NORMAL,5.0
zRYzhAEAHAABAAAKCRtcAAsAtwB1gBAQ,2020-08-19 16:42:37,-0.60000026,-7.7999973,5.75,9.708885527804279,NORMAL,10.0
zRYzhAEAHAABAAAKCRtcAAsAtwB1gBAQ,2020-08-19 16:42:42,0.20000005,-9.2,5.25,10.594456098356346,NORMAL,5.0
zRYzhAEAHAABAAAKCRtcAAsAtwB1gBAQ,2020-08-19 16:42:47,-2.5331974e-07,-8.799997,6.0,10.650819085873586,NORMAL,5.0
zRYzhAEAHAABAAAKCRtcAAsAtwB1gBAQ,2020-08-19 16:42:52,-0.7,-9.8,3.25,10.348550623154917,NORMAL,5.0
zRYzhAEAHAABAAAKCRtcAAsAtwB1gBAQ,2020-08-19 16:42:57,0.5999998,-8.199997,4.5,9.37283044549559,NORMAL,5.0
zRYzhAEAHAABAAAKCRtcAAsAtwB1gBAQ,2020-08-19 16:43:02,-1.5,-8.8,4.75,10.111997824366854,NORMAL,5.0
zRYzhAEAHAABAAAKCRtcAAsAtwB1gBAQ,2020-08-19 16:43:12,1.6999998,-8.400001,4.0,9.457801865127067,NORMAL,10.0
zRYzhAEAHAABAAAKCRtcAAsAtwB1gBAQ,2020-08-19 16:43:17,1.1,-8.400001,2.25,8.76541595133973,NORMAL,5.0
zRYzhAEAHAABAAAKCRtcAAsAtwB1gBAQ,2020-08-19 16:43:42,0.99999976,-7.8000007,4.0,8.822698591700872,NORMAL,25.0
zRYzhAEAHAABAAAKCRtcAAsAtwB1gBAQ,2020-08-19 16:43:47,-0.19999997,-9.5999975,5.75,11.192070942770433,NORMAL,5.0
zRYzhAEAHAABAAAKCRtcAAsAtwB1gBAQ,2020-08-19 16:44:02,0.7999998,-9.199998,2.5,9.56712929148572,NORMAL,15.0
zRYzhAEAHAABAAAKCRtcAAsAtwB1gBAQ,2020-08-19 16:44:07,0.40000004,-8.400001,3.75,9.207742222282343,NORMAL,5.0
zRYzhAEAHAABAAAKCRtcAAsAtwB1gBAQ,2020-08-19 16:44:12,0.39999977,-8.5999975,3.75,9.390551464957014,NORMAL,5.0
zRYzhAEAHAABAAAKCRtcAAsAtwB1gBAQ,2020-08-19 16:44:17,-0.19999997,-8.8,5.75,10.513919344754363,NORMAL,5.0
zRYzhAEAHAABAAAKCRtcAAsAtwB1gBAQ,2020-08-19 16:44:18,-0.19999997,-8.8,5.75,10.513919344754363,NORMAL,1.0
zRYzhAEAHAABAAAKCRtcAAsAtwB1gBAQ,2020-08-19 16:44:22,0.8999998,-7.7999973,2.5,8.24014305215676,NORMAL,4.0
zRYzhAEAHAABAAAKCRtcAAsAtwB1gBAQ,2020-08-19 16:44:27,0.50000006,-8.400001,3.75,9.212628119054898,NORMAL,5.0
zRYzhAEAHAABAAAKCRtcAAsAtwB1gBAQ,2020-08-19 16:44:32,0.19999978,-8.799997,4.75,10.002122130428573,NORMAL,5.0
zRYzhAEAHAABAAAKCRtcAAsAtwB1gBAQ,2020-08-19 16:44:37,0.10000005,-8.6,4.5,9.706698718410909,NORMAL,5.0
zRYzhAEAHAABAAAKCRtcAAsAtwB1gBAQ,2020-08-19 16:44:43,0.7999998,-8.399998,3.0,8.955443377075422,NORMAL,6.0
zRYzhAEAHAABAAAKCRtcAAsAtwB1gBAQ,2020-08-19 16:44:48,0.40000007,-8.8,4.0,9.674709300852404,NORMAL,5.0
zRYzhAEAHAABAAAKCRtcAAsAtwB1gBAQ,2020-08-19 16:45:03,0.09999977,-9.199998,2.75,9.60273206717776,NORMAL,15.0
zRYzhAEAHAABAAAKCRtcAAsAtwB1gBAQ,2020-08-19 16:45:18,1.3000001,-8.5999975,3.0,9.200541139520341,NORMAL,15.0
zRYzhAEAHAABAAAKCRtcAAsAtwB1gBAQ,2020-08-19 16:45:23,0.7999998,-8.2,4.0,9.158602496014337,NORMAL,5.0
zRYzhAEAHAABAAAKCRtcAAsAtwB1gBAQ,2020-08-19 16:45:28,0.8000001,-8.799997,2.75,9.254320469921549,NORMAL,5.0
zRYzhAEAHAABAAAKCRtcAAsAtwB1gBAQ,2020-08-19 16:45:48,5.9604645e-08,-8.2,4.5,9.353608929178085,NORMAL,20.0
zRYzhAEAHAABAAAKCRtcAAsAtwB1gBAQ,2020-08-19 16:45:53,-0.30000025,-8.999998,3.0,9.491573323216972,NORMAL,5.0
zRYzhAEAHAABAAAKCRtcAAsAtwB1gBAQ,2020-08-19 16:45:58,0.20000006,-9.0,3.25,9.57091949731059,NORMAL,5.0
zRYzhAEAHAABAAAKCRtcAAsAtwB1gBAQ,2020-08-19 16:46:03,0.29999977,-8.799998,3.5,9.475229003143093,NORMAL,5.0
zRYzhAEAHAABAAAKCRtcAAsAtwB1gBAQ,2020-08-19 16:46:19,-2.30968e-07,-8.8,3.75,9.56569391105528,NORMAL,16.0
zRYzhAEAHAABAAAKCRtcAAsAtwB1gBAQ,2020-08-19 16:46:28,0.5999998,-7.999998,1.75,8.211118544997632,NORMAL,9.0
zRYzhAEAHAABAAAKCRtcAAsAtwB1gBAQ,2020-08-19 16:46:48,0.70000005,-8.199998,4.25,9.262422321941708,NORMAL,20.0
zRYzhAEAHAABAAAKCRtcAAsAtwB1gBAQ,2020-08-19 16:46:53,0.6999998,-8.6,4.5,9.731392486175862,NORMAL,5.0
zRYzhAEAHAABAAAKCRtcAAsAtwB1gBAQ,2020-08-19 16:47:04,0.49999982,-9.0,2.5,9.35414345731345,NORMAL,11.0
zRYzhAEAHAABAAAKCRtcAAsAtwB1gBAQ,2020-08-19 16:47:09,0.70000005,-8.599998,3.75,9.408106380670022,NORMAL,5.0
zRYzhAEAHAABAAAKCRtcAAsAtwB1gBAQ,2020-08-19 16:47:14,0.79999983,-8.8,3.75,9.599088484225991,NORMAL,5.0
zRYzhAEAHAABAAAKCRtcAAsAtwB1gBAQ,2020-08-19 16:47:19,0.30000004,-8.399999,3.25,9.011796892074354,NORMAL,5.0
zRYzhAEAHAABAAAKCRtcAAsAtwB1gBAQ,2020-08-19 16:47:24,2.8,-7.8,3.5,8.996110270555825,NORMAL,5.0
zRYzhAEAHAABAAAKCRtcAAsAtwB1gBAQ,2020-08-19 16:47:29,-0.29999995,-9.199999,5.25,10.596814689801885,NORMAL,5.0
zRYzhAEAHAABAAAKCRtcAAsAtwB1gBAQ,2020-08-19 16:47:34,0.19999991,-8.6,3.25,9.195787076917343,NORMAL,5.0
zRYzhAEAHAABAAAKCRtcAAsAtwB1gBAQ,2020-08-19 16:47:39,1.8000001,-8.199999,2.0,8.630178674859577,NORMAL,5.0
zRYzhAEAHAABAAAKCRtcAAsAtwB1gBAQ,2020-08-19 16:47:44,1.1999999,-9.0,4.0,9.92169339175526,NORMAL,5.0
zRYzhAEAHAABAAAKCRtcAAsAtwB1gBAQ,2020-08-19 16:47:49,-0.19999996,-8.999999,5.5,10.549406712417577,NORMAL,5.0
zRYzhAEAHAABAAAKCRtcAAsAtwB1gBAQ,2020-08-19 16:47:54,1.4,-8.0,3.25,8.747713987093999,NORMAL,5.0
zRYzhAEAHAABAAAKCRtcAAsAtwB1gBAQ,2020-08-19 16:47:59,0.30000004,-9.199999,3.75,9.939440709818687,NORMAL,5.0
zRYzhAEAHAABAAAKCRtcAAsAtwB1gBAQ,2020-08-19 16:48:04,2.0,-8.2,2.75,8.877077221698592,NORMAL,5.0
zRYzhAEAHAABAAAKCRtcAAsAtwB1gBAQ,2020-08-19 16:48:20,1.0,-8.599999,3.75,9.435172642829647,NORMAL,16.0
zRYzhAEAHAABAAAKCRtcAAsAtwB1gBAQ,2020-08-19 16:48:29,0.19999999,-8.999998,3.0,9.488939034265316,NORMAL,9.0
zRYzhAEAHAABAAAKCRtcAAsAtwB1gBAQ,2020-08-19 16:48:39,1.2,-7.3999996,1.5,7.645259582250962,NORMAL,10.0
zRYzhAEAHAABAAAKCRtcAAsAtwB1gBAQ,2020-08-19 16:48:44,0.19999993,-9.399998,5.25,10.76858683263519,NORMAL,5.0
zRYzhAEAHAABAAAKCRtcAAsAtwB1gBAQ,2020-08-19 16:48:49,0.30000004,-7.9999995,4.5,9.183680744886566,NORMAL,5.0
zRYzhAEAHAABAAAKCRtcAAsAtwB1gBAQ,2020-08-19 16:48:54,1.1999999,-8.199998,2.25,8.58734341691329,NORMAL,5.0
zRYzhAEAHAABAAAKCRtcAAsAtwB1gBAQ,2020-08-19 16:49:04,2.0,-8.399998,1.25,8.724818989526602,NORMAL,10.0
zRYzhAEAHAABAAAKCRtcAAsAtwB1gBAQ,2020-08-19 16:49:20,0.29999998,-9.4,2.25,9.670186140297405,NORMAL,16.0
zRYzhAEAHAABAAAKCRtcAAsAtwB1gBAQ,2020-08-19 16:49:30,1.2,-8.599999,1.75,8.85790510222372,NORMAL,10.0
zRYzhAEAHAABAAAKCRtcAAsAtwB1gBAQ,2020-08-19 16:49:40,0.9,-7.799999,4.25,8.928184832316196,NORMAL,10.0
zRYzhAEAHAABAAAKCRtcAAsAtwB1gBAQ,2020-08-19 16:49:50,1.0,-9.399998,2.5,9.778034690059348,NORMAL,10.0
zRYzhAEAHAABAAAKCRtcAAsAtwB1gBAQ,2020-08-19 16:49:55,1.0,-8.999999,3.75,9.801146973696548,NORMAL,5.0
zRYzhAEAHAABAAAKCRtcAAsAtwB1gBAQ,2020-08-19 16:50:15,-0.39999998,-7.799999,5.75,9.698581565569318,NORMAL,20.0
zRYzhAEAHAABAAAKCRtcAAsAtwB1gBAQ,2020-08-19 16:50:20,0.29999995,-8.5999975,5.75,10.34951481809685,NORMAL,5.0
zRYzhAEAHAABAAAKCRtcAAsAtwB1gBAQ,2020-08-19 16:50:25,-0.09999997,-8.199999,3.5,8.916276330060716,NORMAL,5.0
zRYzhAEAHAABAAAKCRtcAAsAtwB1gBAQ,2020-08-19 16:50:30,-1.0000001,-8.999997,4.75,10.22557803745143,NORMAL,5.0
zRYzhAEAHAABAAAKCRtcAAsAtwB1gBAQ,2020-08-19 16:50:35,1.0,-9.199999,3.0,9.728308259918629,NORMAL,5.0
zRYzhAEAHAABAAAKCRtcAAsAtwB1gBAQ,2020-08-19 16:50:40,0.5999999,-8.5999975,4.5,9.72470857558242,NORMAL,5.0
zRYzhAEAHAABAAAKCRtcAAsAtwB1gBAQ,2020-08-19 16:50:50,0.7999999,-8.999999,3.25,9.602212340913995,NORMAL,10.0
zRYzhAEAHAABAAAKCRtcAAsAtwB1gBAQ,2020-08-19 16:51:00,0.19999988,-8.799997,4.5,9.885845798514612,NORMAL,10.0
zRYzhAEAHAABAAAKCRtcAAsAtwB1gBAQ,2020-08-19 16:51:05,1.1999999,-9.599999,4.0,10.469000934186653,NORMAL,5.0
zRYzhAEAHAABAAAKCRtcAAsAtwB1gBAQ,2020-08-19 16:51:10,1.1999999,-8.399998,5.5,10.111872534798092,NORMAL,5.0
zRYzhAEAHAABAAAKCRtcAAsAtwB1gBAQ,2020-08-19 16:51:15,1.8,-9.2,2.5,9.702061636580133,NORMAL,5.0
zRYzhAEAHAABAAAKCRtcAAsAtwB1gBAQ,2020-08-19 16:51:20,3.0,-9.5999975,-0.25,10.060936934500994,NORMAL,5.0
zRYzhAEAHAABAAAKCRtcAAsAtwB1gBAQ,2020-08-19 16:51:21,3.0,-9.5999975,-0.25,10.060936934500994,NORMAL,1.0
zRYzhAEAHAABAAAKCRtcAAsAtwB1gBAQ,2020-08-19 16:51:25,0.09999993,-8.599999,4.75,9.825094543361963,NORMAL,4.0
zRYzhAEAHAABAAAKCRtcAAsAtwB1gBAQ,2020-08-19 16:51:30,0.49999997,-9.199998,3.5,9.855960793854855,NORMAL,5.0
zRYzhAEAHAABAAAKCRtcAAsAtwB1gBAQ,2020-08-19 16:51:41,-3.7252903e-08,-8.799999,4.75,10.00012411922977,NORMAL,11.0
zRYzhAEAHAABAAAKCRtcAAsAtwB1gBAQ,2020-08-19 16:51:46,-0.40000004,-8.799998,5.5,10.385083766248783,NORMAL,5.0
zRYzhAEAHAABAAAKCRtcAAsAtwB1gBAQ,2020-08-19 16:51:51,0.29999995,-9.599999,3.75,10.310794381132864,NORMAL,5.0
zRYzhAEAHAABAAAKCRtcAAsAtwB1gBAQ,2020-08-19 16:51:56,-2.9802322e-08,-9.199998,2.25,9.471138432100124,NORMAL,5.0
zRYzhAEAHAABAAAKCRtcAAsAtwB1gBAQ,2020-08-19 16:52:01,-1.0000001,-9.4,3.25,9.99612425893156,NORMAL,5.0
zRYzhAEAHAABAAAKCRtcAAsAtwB1gBAQ,2020-08-19 16:52:11,3.5,-5.9999995,-2.25,7.301540522382949,NORMAL,10.0
zRYzhAEAHAABAAAKCRtcAAsAtwB1gBAQ,2020-08-19 16:52:21,-0.40000007,-5.9999995,7.75,9.809306502296698,NORMAL,10.0
zRYzhAEAHAABAAAKCRtcAAsAtwB1gBAQ,2020-08-19 16:52:26,4.6000004,-10.399998,3.0,11.760950730277045,NORMAL,5.0
zRYzhAEAHAABAAAKCRtcAAsAtwB1gBAQ,2020-08-19 16:52:31,1.8,-7.7999997,1.75,8.194052435760957,NORMAL,5.0
zRYzhAEAHAABAAAKCRtcAAsAtwB1gBAQ,2020-08-19 16:52:36,1.8000003,-8.799997,3.25,9.552091304002966,NORMAL,5.0
zRYzhAEAHAABAAAKCRtcAAsAtwB1gBAQ,2020-08-19 16:52:41,1.3,-8.599999,2.5,9.049860927108272,NORMAL,5.0
zRYzhAEAHAABAAAKCRtcAAsAtwB1gBAQ,2020-08-19 16:52:51,-0.20000008,-8.399998,4.0,9.305910295720887,NORMAL,10.0
zRYzhAEAHAABAAAKCRtcAAsAtwB1gBAQ,2020-08-19 16:52:56,2.5331974e-07,-8.2,4.0,9.123595782365639,NORMAL,5.0
zRYzhAEAHAABAAAKCRtcAAsAtwB1gBAQ,2020-08-19 16:53:01,0.09999993,-9.199998,4.5,10.242068306060258,NORMAL,5.0
zRYzhAEAHAABAAAKCRtcAAsAtwB1gBAQ,2020-08-19 16:53:11,-0.4000001,-10.199998,6.25,11.96922968615792,NORMAL,10.0
zRYzhAEAHAABAAAKCRtcAAsAtwB1gBAQ,2020-08-19 16:53:21,2.3841858e-07,-10.199998,6.25,11.962544010368534,NORMAL,10.0
zRYzhAEAHAABAAAKCRtcAAsAtwB1gBAQ,2020-08-19 16:53:23,1.3,-8.0,2.75,8.558767434625151,NORMAL,2.0
zRYzhAEAHAABAAAKCRtcAAsAtwB1gBAQ,2020-08-19 16:53:29,2.3000002,-9.799998,2.75,10.435155088450006,NORMAL,6.0
zRYzhAEAHAABAAAKCRtcAAsAtwB1gBAQ,2020-08-19 16:53:44,1.4000002,-9.0,3.25,9.67070320917771,NORMAL,15.0
zRYzhAEAHAABAAAKCRtcAAsAtwB1gBAQ,2020-08-19 16:53:49,0.7,-5.399998,2.75,6.100203144158725,NORMAL,5.0
zRYzhAEAHAABAAAKCRtcAAsAtwB1gBAQ,2020-08-19 16:54:04,-0.19999984,-8.4,5.0,9.777525245991443,NORMAL,15.0
zRYzhAEAHAABAAAKCRtcAAsAtwB1gBAQ,2020-08-19 16:54:14,0.59999996,-8.799999,4.0,9.685039099146735,NORMAL,10.0
zRYzhAEAHAABAAAKCRtcAAsAtwB1gBAQ,2020-08-19 16:54:19,1.8000002,-8.799998,1.75,9.151090946985722,NORMAL,5.0
zRYzhAEAHAABAAAKCRtcAAsAtwB1gBAQ,2020-08-19 16:54:21,1.8000002,-8.799998,1.75,9.151090946985722,NORMAL,2.0
zRYzhAEAHAABAAAKCRtcAAsAtwB1gBAQ,2020-08-19 16:54:24,0.29999995,-8.999999,3.0,9.49157426194417,NORMAL,3.0
zRYzhAEAHAABAAAKCRtcAAsAtwB1gBAQ,2020-08-19 16:54:39,1.5000002,-9.399999,2.0,9.72676625605864,NORMAL,15.0
zRYzhAEAHAABAAAKCRtcAAsAtwB1gBAQ,2020-08-19 16:54:45,1.5999999,-7.199999,1.5,7.526618449210841,NORMAL,6.0
zRYzhAEAHAABAAAKCRtcAAsAtwB1gBAQ,2020-08-19 16:54:50,-0.5999998,-8.799998,5.75,10.529124586593325,NORMAL,5.0
zRYzhAEAHAABAAAKCRtcAAsAtwB1gBAQ,2020-08-19 16:54:55,5.3,-8.799999,-1.25,10.348549772794302,NORMAL,5.0
zRYzhAEAHAABAAAKCRtcAAsAtwB1gBAQ,2020-08-19 16:55:00,2.2000003,-9.199998,2.25,9.72329494153109,NORMAL,5.0
zRYzhAEAHAABAAAKCRtcAAsAtwB1gBAQ,2020-08-19 16:55:15,2.2,-6.1999993,2.0,6.876044743891686,NORMAL,15.0
zRYzhAEAHAABAAAKCRtcAAsAtwB1gBAQ,2020-08-19 16:55:20,-2.3999996,-8.799998,7.5,11.808893380838196,NORMAL,5.0
zRYzhAEAHAABAAAKCRtcAAsAtwB1gBAQ,2020-08-19 16:55:21,-2.3999996,-8.799998,7.5,11.808893380838196,NORMAL,1.0
zRYzhAEAHAABAAAKCRtcAAsAtwB1gBAQ,2020-08-19 16:55:30,0.8,-9.399999,3.75,10.151969326194843,NORMAL,9.0
zRYzhAEAHAABAAAKCRtcAAsAtwB1gBAQ,2020-08-19 16:55:35,0.10000042,-8.399999,3.0,8.920200854465172,NORMAL,5.0
zRYzhAEAHAABAAAKCRtcAAsAtwB1gBAQ,2020-08-19 16:55:40,-0.1,-7.3999987,5.25,9.073724745659948,NORMAL,5.0
zRYzhAEAHAABAAAKCRtcAAsAtwB1gBAQ,2020-08-19 16:55:50,1.8000001,-8.799998,3.5,9.640018939815628,NORMAL,10.0
zRYzhAEAHAABAAAKCRtcAAsAtwB1gBAQ,2020-08-19 16:56:05,0.7000004,-7.9999986,4.0,8.97162070977157,NORMAL,15.0
zRYzhAEAHAABAAAKCRtcAAsAtwB1gBAQ,2020-08-19 16:56:10,1.3000001,-8.199999,3.0,8.827796093023501,NORMAL,5.0
zRYzhAEAHAABAAAKCRtcAAsAtwB1gBAQ,2020-08-19 16:56:20,1.5000001,-7.999999,3.25,8.764273175797353,NORMAL,10.0
zRYzhAEAHAABAAAKCRtcAAsAtwB1gBAQ,2020-08-19 16:56:21,1.5000001,-7.999999,3.25,8.764273175797353,NORMAL,1.0
zRYzhAEAHAABAAAKCRtcAAsAtwB1gBAQ,2020-08-19 16:56:25,1.7000004,-7.7999988,1.25,8.080376392223421,NORMAL,4.0
zRYzhAEAHAABAAAKCRtcAAsAtwB1gBAQ,2020-08-19 16:56:35,-1.1999997,-8.999999,7.25,11.619056815421859,NORMAL,10.0
zRYzhAEAHAABAAAKCRtcAAsAtwB1gBAQ,2020-08-19 16:56:40,1.9000001,-8.2,1.75,8.597237950644383,NORMAL,5.0
zRYzhAEAHAABAAAKCRtcAAsAtwB1gBAQ,2020-08-19 16:56:45,1.1000004,-8.399999,3.75,9.264582239907051,NORMAL,5.0
zRYzhAEAHAABAAAKCRtcAAsAtwB1gBAQ,2020-08-19 16:56:51,0.40000007,-9.2,3.0,9.685040013133657,NORMAL,6.0
zRYzhAEAHAABAAAKCRtcAAsAtwB1gBAQ,2020-08-19 16:57:01,-0.09999964,-9.199999,4.0,10.032446437833652,NORMAL,10.0
zRYzhAEAHAABAAAKCRtcAAsAtwB1gBAQ,2020-08-19 16:57:11,1.2000004,-8.599999,4.0,9.560333872831071,NORMAL,10.0
zRYzhAEAHAABAAAKCRtcAAsAtwB1gBAQ,2020-08-19 16:57:21,1.2,-8.4,4.0,9.38083151964686,NORMAL,10.0
zRYzhAEAHAABAAAKCRtcAAsAtwB1gBAQ,2020-08-19 17:32:02,1.2,-8.6,4.25,9.667600529604023,NORMAL,2081.0
zRYzhAEAHAABAAAKCRtcAAsAtwB1gBAQ,2020-08-19 17:32:07,1.0,-8.8,4.25,9.823568598019765,NORMAL,5.0
zRYzhAEAHAABAAAKCRtcAAsAtwB1gBAQ,2020-08-19 17:32:38,1.1,-9.6,4.25,10.556159339456752,NORMAL,31.0
zRYzhAEAHAABAAAKCRtcAAsAtwB1gBAQ,2020-08-19 17:33:09,1.1,-9.599999,3.5,10.277158206430462,NORMAL,31.0
zRYzhAEAHAABAAAKCRtcAAsAtwB1gBAQ,2020-08-19 17:33:14,-0.8,-8.0,5.75,9.88445749649418,NORMAL,5.0
zRYzhAEAHAABAAAKCRtcAAsAtwB1gBAQ,2020-08-19 17:33:24,0.70000005,-8.4,3.25,9.033963696517715,NORMAL,10.0
zRYzhAEAHAABAAAKCRtcAAsAtwB1gBAQ,2020-08-19 17:33:29,0.2,-8.8,3.25,9.383096503820049,NORMAL,5.0
zRYzhAEAHAABAAAKCRtcAAsAtwB1gBAQ,2020-08-19 17:33:41,0.3,-8.599999,3.75,9.386824958419167,NORMAL,12.0
zRYzhAEAHAABAAAKCRtcAAsAtwB1gBAQ,2020-08-19 17:33:46,0.30000004,-8.2,3.75,9.021779205012724,NORMAL,5.0
zRYzhAEAHAABAAAKCRtcAAsAtwB1gBAQ,2020-08-19 17:33:51,1.5,-8.4,5.25,10.018607687697926,NORMAL,5.0
zRYzhAEAHAABAAAKCRtcAAsAtwB1gBAQ,2020-08-19 17:33:56,0.8000001,-9.0,4.0,9.881295469724606,NORMAL,5.0
zRYzhAEAHAABAAAKCRtcAAsAtwB1gBAQ,2020-08-19 17:34:01,-1.1,-9.599999,2.5,9.980980953794122,NORMAL,5.0
zRYzhAEAHAABAAAKCRtcAAsAtwB1gBAQ,2020-08-19 17:34:04,-1.1,-9.599999,2.5,9.980980953794122,NORMAL,3.0
zRYzhAEAHAABAAAKCRtcAAsAtwB1gBAQ,2020-08-19 17:34:08,0.6000001,-10.6,4.5,11.531261861565715,NORMAL,4.0
zRYzhAEAHAABAAAKCRtcAAsAtwB1gBAQ,2020-08-19 17:34:13,0.8,-8.799999,3.75,9.5990875816403,NORMAL,5.0
zRYzhAEAHAABAAAKCRtcAAsAtwB1gBAQ,2020-08-19 17:34:18,-2.5,-9.200001,6.5,11.538631565311416,NORMAL,5.0
zRYzhAEAHAABAAAKCRtcAAsAtwB1gBAQ,2020-08-19 17:34:29,0.30000004,-8.599999,3.5,9.289778405538046,NORMAL,11.0
zRYzhAEAHAABAAAKCRtcAAsAtwB1gBAQ,2020-08-19 17:34:34,3.1000001,-7.8000007,0.5,8.408329890055485,NORMAL,5.0
zRYzhAEAHAABAAAKCRtcAAsAtwB1gBAQ,2020-08-19 17:34:39,4.6,-6.3999996,0.25,7.885587795465862,NORMAL,5.0
zRYzhAEAHAABAAAKCRtcAAsAtwB1gBAQ,2020-08-19 17:34:44,0.9000001,-9.800001,3.25,10.364001147240433,NORMAL,5.0
zRYzhAEAHAABAAAKCRtcAAsAtwB1gBAQ,2020-08-19 17:34:49,-2.9,-8.2,7.5,11.484772527133481,NORMAL,5.0
zRYzhAEAHAABAAAKCRtcAAsAtwB1gBAQ,2020-08-19 17:34:54,-2.8,-7.800001,4.25,9.313566212788794,NORMAL,5.0
zRYzhAEAHAABAAAKCRtcAAsAtwB1gBAQ,2020-08-19 17:34:59,-1.0000001,-8.8,6.75,11.1356409873882,NORMAL,5.0
zRYzhAEAHAABAAAKCRtcAAsAtwB1gBAQ,2020-08-19 17:35:04,-1.0000001,-8.8,6.75,11.1356409873882,NORMAL,5.0
zRYzhAEAHAABAAAKCRtcAAsAtwB1gBAQ,2020-08-19 17:35:11,2.6,-9.400002,2.5,10.068268848218347,NORMAL,7.0
zRYzhAEAHAABAAAKCRtcAAsAtwB1gBAQ,2020-08-19 17:35:16,2.3000002,-8.400001,2.0,8.935883712314133,NORMAL,5.0
zRYzhAEAHAABAAAKCRtcAAsAtwB1gBAQ,2020-08-19 17:35:21,1.5999999,-6.8000016,-1.25,7.096655651784337,NORMAL,5.0
zRYzhAEAHAABAAAKCRtcAAsAtwB1gBAQ,2020-08-19 17:35:26,0.70000017,-7.6000004,0.25,7.636262588334701,NORMAL,5.0
zRYzhAEAHAABAAAKCRtcAAsAtwB1gBAQ,2020-08-19 17:35:31,-0.60000014,-8.800002,6.5,10.956734703733773,NORMAL,5.0
zRYzhAEAHAABAAAKCRtcAAsAtwB1gBAQ,2020-08-19 17:35:36,-0.29999983,-8.400001,7.75,11.432957478185644,NORMAL,5.0
zRYzhAEAHAABAAAKCRtcAAsAtwB1gBAQ,2020-08-19 17:35:41,0.7999999,-10.000002,4.5,10.995000674852367,NORMAL,5.0
zRYzhAEAHAABAAAKCRtcAAsAtwB1gBAQ,2020-08-19 17:35:46,0.40000018,-8.8,1.75,8.981230435970344,NORMAL,5.0
zRYzhAEAHAABAAAKCRtcAAsAtwB1gBAQ,2020-08-19 17:35:51,2.1,-7.000002,3.75,8.214166299753373,NORMAL,5.0
zRYzhAEAHAABAAAKCRtcAAsAtwB1gBAQ,2020-08-19 17:35:56,-0.19999982,-8.6,7.0,11.090536503163408,NORMAL,5.0
zRYzhAEAHAABAAAKCRtcAAsAtwB1gBAQ,2020-08-19 17:36:01,-0.30000013,-8.200002,1.25,8.30015258160981,NORMAL,5.0
zRYzhAEAHAABAAAKCRtcAAsAtwB1gBAQ,2020-08-19 17:36:04,-0.30000013,-8.200002,1.25,8.30015258160981,NORMAL,3.0
zRYzhAEAHAABAAAKCRtcAAsAtwB1gBAQ,2020-08-19 17:36:06,-2.8999999,-11.8,10.5,16.059265220426493,ABNORMAL,2.0
zRYzhAEAHAABAAAKCRtcAAsAtwB1gBAQ,2020-08-19 17:36:11,-0.90000015,-9.000002,5.25,10.458132542189547,NORMAL,5.0
zRYzhAEAHAABAAAKCRtcAAsAtwB1gBAQ,2020-08-19 17:36:16,1.7000002,-8.400001,3.75,9.354812530457307,NORMAL,5.0
zRYzhAEAHAABAAAKCRtcAAsAtwB1gBAQ,2020-08-19 17:36:22,0.29999986,-8.800002,4.5,9.888378791086232,NORMAL,6.0
zRYzhAEAHAABAAAKCRtcAAsAtwB1gBAQ,2020-08-19 17:36:27,-1.4999999,-9.000001,0.25,9.127569101354478,NORMAL,5.0
zRYzhAEAHAABAAAKCRtcAAsAtwB1gBAQ,2020-08-19 17:36:37,-0.89999986,-12.000001,3.0,12.402016922581625,NORMAL,10.0
zRYzhAEAHAABAAAKCRtcAAsAtwB1gBAQ,2020-08-19 17:36:42,2.6999998,-7.6000023,-2.5,8.443934739208098,NORMAL,5.0
zRYzhAEAHAABAAAKCRtcAAsAtwB1gBAQ,2020-08-19 17:36:47,2.3000002,-10.000001,1.75,10.40925169836915,NORMAL,5.0
zRYzhAEAHAABAAAKCRtcAAsAtwB1gBAQ,2020-08-19 17:36:52,-2.1000004,-9.000002,2.0,9.455688112454014,NORMAL,5.0
zRYzhAEAHAABAAAKCRtcAAsAtwB1gBAQ,2020-08-19 17:36:57,2.0000002,-7.800001,3.25,8.683462235767543,NORMAL,5.0
zRYzhAEAHAABAAAKCRtcAAsAtwB1gBAQ,2020-08-19 17:37:02,2.5999997,-9.400002,1.5,9.867625653621245,NORMAL,5.0
zRYzhAEAHAABAAAKCRtcAAsAtwB1gBAQ,2020-08-19 17:37:04,2.5999997,-9.400002,1.5,9.867625653621245,NORMAL,2.0
zRYzhAEAHAABAAAKCRtcAAsAtwB1gBAQ,2020-08-19 17:37:07,1.5000002,-7.000001,2.0,7.433035355761537,NORMAL,3.0
zRYzhAEAHAABAAAKCRtcAAsAtwB1gBAQ,2020-08-19 17:37:12,-0.30000037,-12.000002,3.5,12.503601410073985,NORMAL,5.0
zRYzhAEAHAABAAAKCRtcAAsAtwB1gBAQ,2020-08-19 17:37:22,2.4999998,-7.400002,2.75,8.280853132377366,NORMAL,10.0
zRYzhAEAHAABAAAKCRtcAAsAtwB1gBAQ,2020-08-19 17:37:27,0.80000025,-9.600001,6.0,11.349009630800436,NORMAL,5.0
zRYzhAEAHAABAAAKCRtcAAsAtwB1gBAQ,2020-08-19 17:37:32,-1.9000003,-6.600002,3.25,7.598192386351117,NORMAL,5.0
zRYzhAEAHAABAAAKCRtcAAsAtwB1gBAQ,2020-08-19 17:37:37,2.6000004,-8.600001,4.25,9.938939545042075,NORMAL,5.0
zRYzhAEAHAABAAAKCRtcAAsAtwB1gBAQ,2020-08-19 17:37:42,2.4999998,-9.200002,-1.25,9.615224167953862,NORMAL,5.0
zRYzhAEAHAABAAAKCRtcAAsAtwB1gBAQ,2020-08-19 17:37:47,0.6000004,-9.400002,2.75,9.81236658915698,NORMAL,5.0
zRYzhAEAHAABAAAKCRtcAAsAtwB1gBAQ,2020-08-19 17:37:52,-2.7567148e-07,-8.600001,5.5,10.208330774421501,NORMAL,5.0
zRYzhAEAHAABAAAKCRtcAAsAtwB1gBAQ,2020-08-19 17:38:02,1.7000004,-6.2000012,1.5,6.601516207660298,NORMAL,10.0
zRYzhAEAHAABAAAKCRtcAAsAtwB1gBAQ,2020-08-19 17:38:04,1.7000004,-6.2000012,1.5,6.601516207660298,NORMAL,2.0
zRYzhAEAHAABAAAKCRtcAAsAtwB1gBAQ,2020-08-19 17:38:07,1.6999998,-10.400002,5.0,11.664049079115024,NORMAL,3.0
zRYzhAEAHAABAAAKCRtcAAsAtwB1gBAQ,2020-08-19 17:38:12,0.50000036,-7.400001,1.25,7.521470279140982,NORMAL,5.0
zRYzhAEAHAABAAAKCRtcAAsAtwB1gBAQ,2020-08-19 17:38:17,0.29999977,-9.400002,3.75,10.124847527839817,NORMAL,5.0
zRYzhAEAHAABAAAKCRtcAAsAtwB1gBAQ,2020-08-19 17:38:22,0.6000004,-7.600001,3.75,8.496029406728837,NORMAL,5.0
zRYzhAEAHAABAAAKCRtcAAsAtwB1gBAQ,2020-08-19 17:38:38,0.19999976,-9.000001,4.25,9.95502475657399,NORMAL,16.0
zRYzhAEAHAABAAAKCRtcAAsAtwB1gBAQ,2020-08-19 17:38:48,0.7000004,-8.600001,3.75,9.408109149026767,NORMAL,10.0
zRYzhAEAHAABAAAKCRtcAAsAtwB1gBAQ,2020-08-19 17:38:53,0.5999998,-8.000001,3.75,8.855648805141328,NORMAL,5.0
zRYzhAEAHAABAAAKCRtcAAsAtwB1gBAQ,2020-08-19 17:38:58,0.5000004,-8.400002,4.0,9.31719024169863,NORMAL,5.0
zRYzhAEAHAABAAAKCRtcAAsAtwB1gBAQ,2020-08-19 17:39:04,0.5000004,-9.600001,4.0,10.412013234720805,NORMAL,6.0
zRYzhAEAHAABAAAKCRtcAAsAtwB1gBAQ,2020-08-19 17:39:18,-1.0999997,-7.2000012,2.5,7.700650402401185,NORMAL,14.0
zRYzhAEAHAABAAAKCRtcAAsAtwB1gBAQ,2020-08-19 17:39:23,-0.100000225,-7.600002,2.75,8.082854102667204,NORMAL,5.0
zRYzhAEAHAABAAAKCRtcAAsAtwB1gBAQ,2020-08-19 17:39:28,0.80000037,-8.000001,2.75,8.497206399282126,NORMAL,5.0
zRYzhAEAHAABAAAKCRtcAAsAtwB1gBAQ,2020-08-19 17:39:33,-0.9000002,-7.000002,4.75,8.507204497365985,NORMAL,5.0
zRYzhAEAHAABAAAKCRtcAAsAtwB1gBAQ,2020-08-19 17:39:43,-1.8000002,-8.800001,7.25,11.54307230853212,NORMAL,10.0
zRYzhAEAHAABAAAKCRtcAAsAtwB1gBAQ,2020-08-19 17:39:48,0.40000042,-8.400002,7.75,11.43601914723844,NORMAL,5.0
zRYzhAEAHAABAAAKCRtcAAsAtwB1gBAQ,2020-08-19 17:39:53,0.9999999,-8.400002,3.0,8.975524129542743,NORMAL,5.0
zRYzhAEAHAABAAAKCRtcAAsAtwB1gBAQ,2020-08-19 17:40:03,0.39999986,-8.000002,3.25,8.64421956500435,NORMAL,10.0
zRYzhAEAHAABAAAKCRtcAAsAtwB1gBAQ,2020-08-19 17:40:04,0.39999986,-8.000002,3.25,8.64421956500435,NORMAL,1.0
zRYzhAEAHAABAAAKCRtcAAsAtwB1gBAQ,2020-08-19 17:40:08,1.6000004,-8.600001,4.0,9.618732685754457,NORMAL,4.0
zRYzhAEAHAABAAAKCRtcAAsAtwB1gBAQ,2020-08-19 17:40:18,2.1,-9.200002,3.75,10.154434341705302,NORMAL,10.0
zRYzhAEAHAABAAAKCRtcAAsAtwB1gBAQ,2020-08-19 17:40:23,1.0000004,-9.000002,2.5,9.394149072694352,NORMAL,5.0
zRYzhAEAHAABAAAKCRtcAAsAtwB1gBAQ,2020-08-19 17:40:33,3.427267e-07,-9.000002,3.75,9.750001846153882,NORMAL,10.0
zRYzhAEAHAABAAAKCRtcAAsAtwB1gBAQ,2020-08-19 17:40:38,0.39999986,-8.000002,5.25,9.5771880992285,NORMAL,5.0
zRYzhAEAHAABAAAKCRtcAAsAtwB1gBAQ,2020-08-19 17:40:43,0.6000004,-7.600002,3.5,8.388684693085333,NORMAL,5.0
zRYzhAEAHAABAAAKCRtcAAsAtwB1gBAQ,2020-08-19 17:40:48,0.09999985,-9.800002,3.75,10.49345220458949,NORMAL,5.0
zRYzhAEAHAABAAAKCRtcAAsAtwB1gBAQ,2020-08-19 17:40:53,1.7000004,-8.400002,2.25,8.860729933814943,NORMAL,5.0
zRYzhAEAHAABAAAKCRtcAAsAtwB1gBAQ,2020-08-19 17:40:59,1.5999999,-9.000002,4.5,10.188721003148727,NORMAL,6.0
zRYzhAEAHAABAAAKCRtcAAsAtwB1gBAQ,2020-08-19 17:41:04,0.7000004,-9.000002,5.75,10.702921870218626,NORMAL,5.0
zRYzhAEAHAABAAAKCRtcAAsAtwB1gBAQ,2020-08-19 17:41:09,0.5999999,-9.400002,3.25,9.964062298079233,NORMAL,5.0
zRYzhAEAHAABAAAKCRtcAAsAtwB1gBAQ,2020-08-19 17:41:14,0.4000004,-8.400002,5.25,9.913754784137248,NORMAL,5.0
zRYzhAEAHAABAAAKCRtcAAsAtwB1gBAQ,2020-08-19 17:41:25,0.59999996,-8.600001,3.75,9.401197644555772,NORMAL,11.0
zRYzhAEAHAABAAAKCRtcAAsAtwB1gBAQ,2020-08-19 17:42:04,0.59999996,-8.800001,3.5,9.489468770800661,NORMAL,39.0
zRYzhAEAHAABAAAKCRtcAAsAtwB1gBAQ,2020-08-19 17:42:11,0.8000004,-7.800001,4.5,9.0404654880156,NORMAL,7.0
zRYzhAEAHAABAAAKCRtcAAsAtwB1gBAQ,2020-08-19 17:42:16,0.39999998,-9.600001,4.25,10.506308542204584,NORMAL,5.0
zRYzhAEAHAABAAAKCRtcAAsAtwB1gBAQ,2020-08-19 17:42:21,1.4000005,-9.000001,2.25,9.382031730920614,NORMAL,5.0
zRYzhAEAHAABAAAKCRtcAAsAtwB1gBAQ,2020-08-19 17:42:31,1.3,-8.400001,2.5,8.86002352141353,NORMAL,10.0
zRYzhAEAHAABAAAKCRtcAAsAtwB1gBAQ,2020-08-19 17:42:36,0.40000045,-9.400002,2.5,9.73499039342126,NORMAL,5.0
zRYzhAEAHAABAAAKCRtcAAsAtwB1gBAQ,2020-08-19 17:42:42,-2.2,-9.000001,5.75,10.904243119079885,NORMAL,6.0
zRYzhAEAHAABAAAKCRtcAAsAtwB1gBAQ,2020-08-19 17:42:59,0.6000005,-8.000001,5.5,9.726768044936675,NORMAL,17.0
zRYzhAEAHAABAAAKCRtcAAsAtwB1gBAQ,2020-08-19 17:43:04,0.7,-8.800002,1.25,8.915858635039251,NORMAL,5.0
zRYzhAEAHAABAAAKCRtcAAsAtwB1gBAQ,2020-08-19 17:43:09,1.9000006,-10.200001,2.5,10.672395358119065,NORMAL,5.0
zRYzhAEAHAABAAAKCRtcAAsAtwB1gBAQ,2020-08-19 17:43:14,0.39999998,-9.800002,5.0,11.0090889352391,NORMAL,5.0
zRYzhAEAHAABAAAKCRtcAAsAtwB1gBAQ,2020-08-19 17:43:19,-0.09999946,-8.400001,4.0,9.304300978149906,NORMAL,5.0
zRYzhAEAHAABAAAKCRtcAAsAtwB1gBAQ,2020-08-19 17:43:24,1.0,-8.800002,2.5,9.202718902585474,NORMAL,5.0
zRYzhAEAHAABAAAKCRtcAAsAtwB1gBAQ,2020-08-19 17:43:29,0.50000054,-8.8,3.75,9.578752556570208,NORMAL,5.0
zRYzhAEAHAABAAAKCRtcAAsAtwB1gBAQ,2020-08-19 17:43:34,1.3,-8.000002,4.25,9.151640945754155,NORMAL,5.0
zRYzhAEAHAABAAAKCRtcAAsAtwB1gBAQ,2020-08-19 17:43:44,0.49999994,-8.6,3.75,9.395344588677949,NORMAL,10.0
zRYzhAEAHAABAAAKCRtcAAsAtwB1gBAQ,2020-08-19 17:43:49,0.40000054,-8.600002,4.0,9.493157263629644,NORMAL,5.0
zRYzhAEAHAABAAAKCRtcAAsAtwB1gBAQ,2020-08-19 17:44:05,0.40000054,-8.600002,4.0,9.493157263629644,NORMAL,16.0
zRYzhAEAHAABAAAKCRtcAAsAtwB1gBAQ,2020-08-19 18:40:22,0.7,-8.2,3.75,9.043920610000951,NORMAL,3377.0
zRYzhAEAHAABAAAKCRtcAAsAtwB1gBAQ,2020-08-19 18:43:02,0.8,-8.400001,3.75,9.233770454153655,NORMAL,160.0
zRYzhAEAHAABAAAKCRtcAAsAtwB1gBAQ,2020-08-19 18:43:07,0.8,-8.6,5.75,10.376054163312757,NORMAL,5.0
zRYzhAEAHAABAAAKCRtcAAsAtwB1gBAQ,2020-08-19 18:43:12,-1.1,-8.8,3.0,9.362157870918436,NORMAL,5.0
zRYzhAEAHAABAAAKCRtcAAsAtwB1gBAQ,2020-08-19 18:43:17,-2.7,-5.8,3.75,7.415692819959576,NORMAL,5.0
zRYzhAEAHAABAAAKCRtcAAsAtwB1gBAQ,2020-08-19 18:45:05,0.29999998,-8.400001,3.5,9.104944633988776,NORMAL,108.0
zRYzhAEAHAABAAAKCRtcAAsAtwB1gBAQ,2020-08-19 18:45:42,0.9,-9.000001,2.75,9.453703930206457,NORMAL,37.0
zRYzhAEAHAABAAAKCRtcAAsAtwB1gBAQ,2020-08-19 18:45:49,0.7,-8.6,4.5,9.73139250056229,NORMAL,7.0
zRYzhAEAHAABAAAKCRtcAAsAtwB1gBAQ,2020-08-19 18:45:59,0.9,-8.400001,4.5,9.571834557701099,NORMAL,10.0
zRYzhAEAHAABAAAKCRtcAAsAtwB1gBAQ,2020-08-19 18:46:02,0.9,-8.400001,4.5,9.571834557701099,NORMAL,3.0
zRYzhAEAHAABAAAKCRtcAAsAtwB1gBAQ,2020-08-19 18:46:04,1.1,-8.600001,3.5,9.349867229003896,NORMAL,2.0
zRYzhAEAHAABAAAKCRtcAAsAtwB1gBAQ,2020-08-19 18:57:38,1.4,-9.0,2.75,9.51433129547211,NORMAL,694.0
zRYzhAEAHAABAAAKCRtcAAsAtwB1gBAQ,2020-08-19 18:57:41,1.4,-9.0,2.75,9.51433129547211,NORMAL,3.0
zRYzhAEAHAABAAAKCRtcAAsAtwB1gBAQ,2020-08-19 18:58:09,0.9999999,-8.6,3.75,9.435173543713969,NORMAL,28.0
zRYzhAEAHAABAAAKCRtcAAsAtwB1gBAQ,2020-08-19 19:00:02,0.90000004,-8.6,3.75,9.425099472790725,NORMAL,113.0
zRYzhAEAHAABAAAKCRtcAAsAtwB1gBAQ,2020-08-19 19:00:07,0.8,-8.400001,4.0,9.33809492348418,NORMAL,5.0
zRYzhAEAHAABAAAKCRtcAAsAtwB1gBAQ,2020-08-19 19:00:14,0.70000005,-8.8,4.0,9.691749071762022,NORMAL,7.0
zRYzhAEAHAABAAAKCRtcAAsAtwB1gBAQ,2020-08-19 19:01:04,0.90000004,-8.6,3.75,9.425099472790725,NORMAL,50.0
zRYzhAEAHAABAAAKCRtcAAsAtwB1gBAQ,2020-08-19 19:02:27,0.6,-8.400001,3.75,9.218596248887408,NORMAL,83.0
zRYzhAEAHAABAAAKCRtcAAsAtwB1gBAQ,2020-08-19 19:02:32,1.0,-8.400001,3.5,9.154781089682102,NORMAL,5.0
zRYzhAEAHAABAAAKCRtcAAsAtwB1gBAQ,2020-08-19 19:03:13,0.79999995,-8.6,3.75,9.416076673434642,NORMAL,41.0
zRYzhAEAHAABAAAKCRtcAAsAtwB1gBAQ,2020-08-19 19:08:38,-0.7,-9.400001,3.0,9.891916841542946,NORMAL,325.0
zRYzhAEAHAABAAAKCRtcAAsAtwB1gBAQ,2020-08-19 19:08:43,-0.5,-7.4,7.5,10.547985589675406,NORMAL,5.0
zRYzhAEAHAABAAAKCRtcAAsAtwB1gBAQ,2020-08-19 19:08:51,1.9000001,-6.8000007,3.5,7.88035595008249,NORMAL,8.0
zRYzhAEAHAABAAAKCRtcAAsAtwB1gBAQ,2020-08-19 19:08:56,3.2,-7.0,1.75,7.893193270153722,NORMAL,5.0
zRYzhAEAHAABAAAKCRtcAAsAtwB1gBAQ,2020-08-19 19:09:02,0.5,-8.4,5.5,10.052860289489754,NORMAL,6.0
zRYzhAEAHAABAAAKCRtcAAsAtwB1gBAQ,2020-08-19 19:09:30,0.70000005,-7.000001,2.0,7.313686763185924,NORMAL,28.0
zRYzhAEAHAABAAAKCRtcAAsAtwB1gBAQ,2020-08-19 19:09:35,-0.3,-8.599999,5.0,9.952385784323324,NORMAL,5.0
zRYzhAEAHAABAAAKCRtcAAsAtwB1gBAQ,2020-08-19 19:09:38,-0.3,-8.599999,5.0,9.952385784323324,NORMAL,3.0
zRYzhAEAHAABAAAKCRtcAAsAtwB1gBAQ,2020-08-19 19:09:43,1.7,-8.200001,2.75,8.814335845655135,NORMAL,5.0
zRYzhAEAHAABAAAKCRtcAAsAtwB1gBAQ,2020-08-19 19:09:48,-1.3000001,-9.799999,5.75,11.436454024740405,NORMAL,5.0
zRYzhAEAHAABAAAKCRtcAAsAtwB1gBAQ,2020-08-19 19:09:53,1.4000001,-8.400001,3.25,9.114961167223973,NORMAL,5.0
zRYzhAEAHAABAAAKCRtcAAsAtwB1gBAQ,2020-08-19 19:09:58,-0.70000005,-8.599999,5.5,10.232300956774141,NORMAL,5.0
zRYzhAEAHAABAAAKCRtcAAsAtwB1gBAQ,2020-08-19 19:10:03,-0.6999999,-8.000001,5.25,9.594400234511847,NORMAL,5.0
zRYzhAEAHAABAAAKCRtcAAsAtwB1gBAQ,2020-08-19 19:10:08,1.3,-8.4,3.75,9.290452088031023,NORMAL,5.0
zRYzhAEAHAABAAAKCRtcAAsAtwB1gBAQ,2020-08-19 19:10:13,1.5000001,-8.600001,2.5,9.080749831374115,NORMAL,5.0
zRYzhAEAHAABAAAKCRtcAAsAtwB1gBAQ,2020-08-19 19:10:18,0.6999999,-9.2,4.25,10.158370925497847,NORMAL,5.0
zRYzhAEAHAABAAAKCRtcAAsAtwB1gBAQ,2020-08-19 19:10:23,0.3000001,-8.400002,4.75,9.654663829466255,NORMAL,5.0
zRYzhAEAHAABAAAKCRtcAAsAtwB1gBAQ,2020-08-19 19:10:38,0.1000001,-9.8,5.75,11.36276814953117,NORMAL,15.0
zRYzhAEAHAABAAAKCRtcAAsAtwB1gBAQ,2020-08-19 19:10:45,0.5999999,-8.000002,4.5,9.198371153633886,NORMAL,7.0
zRYzhAEAHAABAAAKCRtcAAsAtwB1gBAQ,2020-08-19 19:10:50,0.2000001,-8.400001,4.5,9.531527518713935,NORMAL,5.0
zRYzhAEAHAABAAAKCRtcAAsAtwB1gBAQ,2020-08-19 19:10:55,-0.80000013,-8.600002,4.25,9.626138094168606,NORMAL,5.0
zRYzhAEAHAABAAAKCRtcAAsAtwB1gBAQ,2020-08-19 19:11:05,1.5000001,-8.6,3.25,9.315175806177788,NORMAL,10.0
zRYzhAEAHAABAAAKCRtcAAsAtwB1gBAQ,2020-08-19 19:11:10,0.49999988,-8.800002,2.25,9.096842038861839,NORMAL,5.0
zRYzhAEAHAABAAAKCRtcAAsAtwB1gBAQ,2020-08-19 19:11:15,0.80000013,-9.0,2.75,9.444707523687539,NORMAL,5.0
zRYzhAEAHAABAAAKCRtcAAsAtwB1gBAQ,2020-08-19 19:11:20,-2.7000003,-10.200002,5.75,12.016344802809384,NORMAL,5.0
zRYzhAEAHAABAAAKCRtcAAsAtwB1gBAQ,2020-08-19 19:11:25,-1.8999999,-7.0,5.75,9.255944015604245,NORMAL,5.0
zRYzhAEAHAABAAAKCRtcAAsAtwB1gBAQ,2020-08-19 19:11:30,0.89999974,-8.800002,-0.25,8.849436972599108,NORMAL,5.0
zRYzhAEAHAABAAAKCRtcAAsAtwB1gBAQ,2020-08-19 19:11:35,-0.19999984,-7.8,5.0,9.267146267109418,NORMAL,5.0
zRYzhAEAHAABAAAKCRtcAAsAtwB1gBAQ,2020-08-19 19:11:39,-0.19999984,-7.8,5.0,9.267146267109418,NORMAL,4.0
zRYzhAEAHAABAAAKCRtcAAsAtwB1gBAQ,2020-08-19 19:11:41,2.1999998,-8.000002,1.75,8.47953602032588,NORMAL,2.0
zRYzhAEAHAABAAAKCRtcAAsAtwB1gBAQ,2020-08-19 19:11:51,1.6000001,-8.800002,5.0,10.246952499158176,NORMAL,10.0
zRYzhAEAHAABAAAKCRtcAAsAtwB1gBAQ,2020-08-19 19:11:56,1.7999998,-6.2,2.5,6.9231495202689395,NORMAL,5.0
zRYzhAEAHAABAAAKCRtcAAsAtwB1gBAQ,2020-08-19 19:12:01,3.3000002,-8.200002,2.0,9.062562227096928,NORMAL,5.0
zRYzhAEAHAABAAAKCRtcAAsAtwB1gBAQ,2020-08-19 19:12:06,2.1,-9.4,1.0,9.683491106000977,NORMAL,5.0
zRYzhAEAHAABAAAKCRtcAAsAtwB1gBAQ,2020-08-19 19:12:11,0.70000017,-10.400002,3.75,11.077569310909503,NORMAL,5.0
zRYzhAEAHAABAAAKCRtcAAsAtwB1gBAQ,2020-08-19 19:12:16,2.1999998,-4.9999995,-1.25,5.603792833429899,NORMAL,5.0
zRYzhAEAHAABAAAKCRtcAAsAtwB1gBAQ,2020-08-19 19:12:21,0.5000002,-6.4000015,1.25,6.540070290142323,NORMAL,5.0
zRYzhAEAHAABAAAKCRtcAAsAtwB1gBAQ,2020-08-19 19:12:26,1.6999998,-8.799999,2.0,9.183135723705767,NORMAL,5.0
zRYzhAEAHAABAAAKCRtcAAsAtwB1gBAQ,2020-08-19 19:12:31,2.2000003,-6.8000016,1.5,7.302740792332879,NORMAL,5.0
zRYzhAEAHAABAAAKCRtcAAsAtwB1gBAQ,2020-08-19 19:12:36,-0.4000002,-5.799999,5.75,8.176948609353065,NORMAL,5.0
zRYzhAEAHAABAAAKCRtcAAsAtwB1gBAQ,2020-08-19 19:12:39,-0.4000002,-5.799999,5.75,8.176948609353065,NORMAL,3.0
zRYzhAEAHAABAAAKCRtcAAsAtwB1gBAQ,2020-08-19 19:12:42,0.20000026,-10.400002,4.5,11.333580268564921,NORMAL,3.0
zRYzhAEAHAABAAAKCRtcAAsAtwB1gBAQ,2020-08-19 19:12:47,1.0999998,-8.799999,4.5,9.94484700535916,NORMAL,5.0
zRYzhAEAHAABAAAKCRtcAAsAtwB1gBAQ,2020-08-19 19:12:52,-1.0999998,-8.400002,4.75,9.712493663318604,NORMAL,5.0
zRYzhAEAHAABAAAKCRtcAAsAtwB1gBAQ,2020-08-19 19:12:57,-1.0000002,-10.199999,1.75,10.397234247625713,NORMAL,5.0
zRYzhAEAHAABAAAKCRtcAAsAtwB1gBAQ,2020-08-19 19:13:07,0.3999998,-8.600001,2.5,8.964932628860133,NORMAL,10.0
zRYzhAEAHAABAAAKCRtcAAsAtwB1gBAQ,2020-08-19 19:13:12,-0.099999785,-8.999999,3.75,9.750511881793749,NORMAL,5.0
zRYzhAEAHAABAAAKCRtcAAsAtwB1gBAQ,2020-08-19 19:13:17,0.1999998,-8.800001,3.75,9.567785403111895,NORMAL,5.0
zRYzhAEAHAABAAAKCRtcAAsAtwB1gBAQ,2020-08-19 19:13:27,0.6999998,-8.599999,3.25,9.220221392135931,NORMAL,10.0
zRYzhAEAHAABAAAKCRtcAAsAtwB1gBAQ,2020-08-19 19:13:37,0.49999982,-8.600001,3.5,9.298387872099175,NORMAL,10.0
zRYzhAEAHAABAAAKCRtcAAsAtwB1gBAQ,2020-08-19 19:13:40,0.49999982,-8.600001,3.5,9.298387872099175,NORMAL,3.0
zRYzhAEAHAABAAAKCRtcAAsAtwB1gBAQ,2020-08-19 19:13:42,0.30000022,-8.799999,3.75,9.570396153347104,NORMAL,2.0
zRYzhAEAHAABAAAKCRtcAAsAtwB1gBAQ,2020-08-19 19:14:40,0.19999984,-8.999999,3.5,9.658673922231822,NORMAL,58.0
zRYzhAEAHAABAAAKCRtcAAsAtwB1gBAQ,2020-08-19 19:14:42,1.1000003,-7.400001,4.25,8.604214982205006,NORMAL,2.0
zRYzhAEAHAABAAAKCRtcAAsAtwB1gBAQ,2020-08-19 19:14:47,1.0999999,-8.599999,4.0,9.548297365499307,NORMAL,5.0
zRYzhAEAHAABAAAKCRtcAAsAtwB1gBAQ,2020-08-19 19:14:53,-1.6999998,-9.800001,4.75,11.022364488620445,NORMAL,6.0
zRYzhAEAHAABAAAKCRtcAAsAtwB1gBAQ,2020-08-19 19:15:03,3.8000002,-7.3999996,0.75,8.352394602747179,NORMAL,10.0
zRYzhAEAHAABAAAKCRtcAAsAtwB1gBAQ,2020-08-19 19:15:08,-2.6000001,-7.2000012,4.5,8.879753251076375,NORMAL,5.0
zRYzhAEAHAABAAAKCRtcAAsAtwB1gBAQ,2020-08-19 19:15:13,-0.29999986,-2.5999994,1.75,3.148411789458358,NORMAL,5.0
zRYzhAEAHAABAAAKCRtcAAsAtwB1gBAQ,2020-08-19 19:15:23,-1.6999999,-10.600001,4.0,11.456440147794646,NORMAL,10.0
zRYzhAEAHAABAAAKCRtcAAsAtwB1gBAQ,2020-08-19 19:15:28,-0.80000013,-8.799999,3.5,9.504208678685513,NORMAL,5.0
zRYzhAEAHAABAAAKCRtcAAsAtwB1gBAQ,2020-08-19 19:15:33,-0.5999999,-10.400002,2.25,10.657511035884692,NORMAL,5.0
zRYzhAEAHAABAAAKCRtcAAsAtwB1gBAQ,2020-08-19 19:15:41,1.8999999,-10.400002,3.25,11.060404206899674,NORMAL,8.0
zRYzhAEAHAABAAAKCRtcAAsAtwB1gBAQ,2020-08-19 19:16:15,0.59999985,-8.799999,3.75,9.584491755956652,NORMAL,34.0
zRYzhAEAHAABAAAKCRtcAAsAtwB1gBAQ,2020-08-20 14:18:29,0.3,-8.6,3.5,9.289779329994873,NORMAL,68534.0
zRYzhAEAHAABAAAKCRtcAAsAtwB1gBAQ,2020-08-20 14:18:58,0.3,-8.6,3.5,9.289779329994873,NORMAL,29.0
zRYzhAEAHAABAAAKCRtcAAsAtwB1gBAQ,2020-08-20 14:21:19,0.3,-8.6,3.5,9.289779329994873,NORMAL,141.0
zRYzhAEAHAABAAAKCRtcAAsAtwB1gBAQ,2020-08-20 14:21:24,0.3,-8.6,3.25,9.198505313364775,NORMAL,5.0
zRYzhAEAHAABAAAKCRtcAAsAtwB1gBAQ,2020-08-20 14:22:21,0.4,-8.6,3.25,9.202309492730615,NORMAL,57.0
zRYzhAEAHAABAAAKCRtcAAsAtwB1gBAQ,2020-08-20 14:23:21,0.4,-8.6,3.25,9.202309492730615,NORMAL,60.0
zRYzhAEAHAABAAAKCRtcAAsAtwB1gBAQ,2020-08-20 14:24:22,0.0,-8.6,3.5,9.284934033152847,NORMAL,61.0
zRYzhAEAHAABAAAKCRtcAAsAtwB1gBAQ,2020-08-20 14:30:50,0.6,-9.0,3.75,9.768444093098962,NORMAL,388.0
zRYzhAEAHAABAAAKCRtcAAsAtwB1gBAQ,2020-08-20 14:31:19,-1.1,-11.8,4.5,12.67675037223657,NORMAL,29.0
zRYzhAEAHAABAAAKCRtcAAsAtwB1gBAQ,2020-08-20 14:31:48,2.1000001,-11.6,2.25,12.00135410776634,NORMAL,29.0
zRYzhAEAHAABAAAKCRtcAAsAtwB1gBAQ,2020-08-20 14:31:50,2.1000001,-11.6,2.25,12.00135410776634,NORMAL,2.0
zRYzhAEAHAABAAAKCRtcAAsAtwB1gBAQ,2020-08-20 14:31:53,-0.10000001,-10.0,2.25,10.250487793368665,NORMAL,3.0
zRYzhAEAHAABAAAKCRtcAAsAtwB1gBAQ,2020-08-20 14:31:58,2.2,-3.0000002,1.0,3.852272212603886,NORMAL,5.0
zRYzhAEAHAABAAAKCRtcAAsAtwB1gBAQ,2020-08-20 14:32:05,-0.90000004,-9.0,3.75,9.791450355897231,NORMAL,7.0
zRYzhAEAHAABAAAKCRtcAAsAtwB1gBAQ,2020-08-20 14:32:10,1.5,-9.0,2.25,9.39747306460625,NORMAL,5.0
zRYzhAEAHAABAAAKCRtcAAsAtwB1gBAQ,2020-08-20 14:32:15,0.5,-10.0,4.5,10.977249200050075,NORMAL,5.0
zRYzhAEAHAABAAAKCRtcAAsAtwB1gBAQ,2020-08-20 14:32:20,0.29999998,-8.4,3.0,8.924684867713818,NORMAL,5.0
zRYzhAEAHAABAAAKCRtcAAsAtwB1gBAQ,2020-08-20 14:32:26,2.3,-8.6,0.0,8.902246907382429,NORMAL,6.0
zRYzhAEAHAABAAAKCRtcAAsAtwB1gBAQ,2020-08-20 14:32:31,2.9,-8.599999,2.5,9.413818715059314,NORMAL,5.0
zRYzhAEAHAABAAAKCRtcAAsAtwB1gBAQ,2020-08-20 14:32:41,1.6,-10.400001,4.5,11.444213419890465,NORMAL,10.0
zRYzhAEAHAABAAAKCRtcAAsAtwB1gBAQ,2020-08-20 14:32:46,1.4,-9.4,5.25,10.857370768284557,NORMAL,5.0
zRYzhAEAHAABAAAKCRtcAAsAtwB1gBAQ,2020-08-20 14:32:50,1.4,-9.4,5.25,10.857370768284557,NORMAL,4.0
zRYzhAEAHAABAAAKCRtcAAsAtwB1gBAQ,2020-08-20 14:33:02,-0.30000004,-9.2,3.25,9.761787747333988,NORMAL,12.0
zRYzhAEAHAABAAAKCRtcAAsAtwB1gBAQ,2020-08-20 14:33:08,-0.10000005,-10.200001,4.0,10.95673402113974,NORMAL,6.0
zRYzhAEAHAABAAAKCRtcAAsAtwB1gBAQ,2020-08-20 14:33:14,0.6999999,-8.800001,3.75,9.591272984333258,NORMAL,6.0
zRYzhAEAHAABAAAKCRtcAAsAtwB1gBAQ,2020-08-20 14:33:52,0.7,-8.599999,3.75,9.408107291054934,NORMAL,38.0
zRYzhAEAHAABAAAKCRtcAAsAtwB1gBAQ,2020-08-20 14:41:20,0.0,-7.8,4.0,8.765842800324451,NORMAL,448.0
zRYzhAEAHAABAAAKCRtcAAsAtwB1gBAQ,2020-08-20 14:41:26,0.90000004,-8.2,3.75,9.061594786349696,NORMAL,6.0
zRYzhAEAHAABAAAKCRtcAAsAtwB1gBAQ,2020-08-20 14:41:47,0.9,-8.4,4.5,9.571833680126291,NORMAL,21.0
zRYzhAEAHAABAAAKCRtcAAsAtwB1gBAQ,2020-08-20 14:42:14,0.90000004,-6.600001,3.0,7.305478305491092,NORMAL,27.0
zRYzhAEAHAABAAAKCRtcAAsAtwB1gBAQ,2020-08-20 14:42:21,0.7,-7.3999996,3.0,8.015609401661246,NORMAL,7.0
zRYzhAEAHAABAAAKCRtcAAsAtwB1gBAQ,2020-08-20 14:42:27,0.3,-9.000001,3.75,9.754615215373747,NORMAL,6.0
zRYzhAEAHAABAAAKCRtcAAsAtwB1gBAQ,2020-08-20 14:42:32,1.0,-8.799999,3.25,9.434112698076115,NORMAL,5.0
zRYzhAEAHAABAAAKCRtcAAsAtwB1gBAQ,2020-08-20 14:42:37,-1.1,-8.600001,5.75,10.403485819666454,NORMAL,5.0
zRYzhAEAHAABAAAKCRtcAAsAtwB1gBAQ,2020-08-20 14:42:42,0.9,-6.999999,3.5,7.877816067921426,NORMAL,5.0
zRYzhAEAHAABAAAKCRtcAAsAtwB1gBAQ,2020-08-20 14:42:47,0.7,-9.200002,4.25,10.158372743702802,NORMAL,5.0
zRYzhAEAHAABAAAKCRtcAAsAtwB1gBAQ,2020-08-20 14:42:52,1.3,-7.799999,3.25,8.549414272334742,NORMAL,5.0
zRYzhAEAHAABAAAKCRtcAAsAtwB1gBAQ,2020-08-20 14:42:57,1.1,-8.600001,3.5,9.349867229003896,NORMAL,5.0
zRYzhAEAHAABAAAKCRtcAAsAtwB1gBAQ,2020-08-20 14:43:02,0.39999995,-8.199999,3.75,9.025656960022411,NORMAL,5.0
zRYzhAEAHAABAAAKCRtcAAsAtwB1gBAQ,2020-08-20 14:43:17,0.99999994,-8.200002,3.25,8.877079062394566,NORMAL,15.0
zRYzhAEAHAABAAAKCRtcAAsAtwB1gBAQ,2020-08-20 14:43:22,0.99999994,-8.200002,3.25,8.877079062394566,NORMAL,5.0
zRYzhAEAHAABAAAKCRtcAAsAtwB1gBAQ,2020-08-20 14:43:39,2.0,-8.800001,2.25,9.300672964898885,NORMAL,17.0
zRYzhAEAHAABAAAKCRtcAAsAtwB1gBAQ,2020-08-20 14:43:44,0.4999999,-8.799999,3.75,9.578751604462923,NORMAL,5.0
zRYzhAEAHAABAAAKCRtcAAsAtwB1gBAQ,2020-08-20 14:43:54,1.4,-8.199999,3.0,8.843075460494555,NORMAL,10.0
zRYzhAEAHAABAAAKCRtcAAsAtwB1gBAQ,2020-08-20 14:44:19,0.59999996,-8.999999,3.0,9.50578676133654,NORMAL,25.0
zRYzhAEAHAABAAAKCRtcAAsAtwB1gBAQ,2020-08-20 14:44:22,0.59999996,-8.999999,3.0,9.50578676133654,NORMAL,3.0
zRYzhAEAHAABAAAKCRtcAAsAtwB1gBAQ,2020-08-20 14:45:48,0.3,-8.0,4.5,9.183681179135085,NORMAL,86.0
zRYzhAEAHAABAAAKCRtcAAsAtwB1gBAQ,2020-08-20 14:46:26,1.5,-7.4,1.75,7.750645134438811,NORMAL,38.0
zRYzhAEAHAABAAAKCRtcAAsAtwB1gBAQ,2020-08-20 14:46:54,0.70000005,-8.4,3.25,9.033963696517715,NORMAL,28.0
zRYzhAEAHAABAAAKCRtcAAsAtwB1gBAQ,2020-08-20 14:46:59,1.9,-9.0,2.75,9.60065101959237,NORMAL,5.0
zRYzhAEAHAABAAAKCRtcAAsAtwB1gBAQ,2020-08-20 14:47:04,1.9000001,-8.599999,3.5,9.47734051197914,NORMAL,5.0
zRYzhAEAHAABAAAKCRtcAAsAtwB1gBAQ,2020-08-20 14:47:09,0.9,-7.8,3.75,8.701293007363907,NORMAL,5.0
zRYzhAEAHAABAAAKCRtcAAsAtwB1gBAQ,2020-08-20 14:47:32,1.2,-8.0,2.75,8.544150045498967,NORMAL,23.0
zRYzhAEAHAABAAAKCRtcAAsAtwB1gBAQ,2020-08-20 14:47:37,0.20000008,-8.999999,4.0,9.850887372820837,NORMAL,5.0
zRYzhAEAHAABAAAKCRtcAAsAtwB1gBAQ,2020-08-20 14:47:42,2.9802322e-08,-7.6,4.5,8.832326986700616,NORMAL,5.0
zRYzhAEAHAABAAAKCRtcAAsAtwB1gBAQ,2020-08-20 14:47:47,-0.5999999,-8.399999,4.5,9.548297391681984,NORMAL,5.0
zRYzhAEAHAABAAAKCRtcAAsAtwB1gBAQ,2020-08-20 14:47:49,-0.5999999,-8.399999,4.5,9.548297391681984,NORMAL,2.0
zRYzhAEAHAABAAAKCRtcAAsAtwB1gBAQ,2020-08-20 14:47:54,-0.79999995,-9.0,4.75,10.207962574382805,NORMAL,5.0
zRYzhAEAHAABAAAKCRtcAAsAtwB1gBAQ,2020-08-20 14:47:59,0.80000013,-9.799998,4.0,10.615081771140721,NORMAL,5.0
zRYzhAEAHAABAAAKCRtcAAsAtwB1gBAQ,2020-08-20 14:48:04,1.4000001,-8.8,3.5,9.573400664340756,NORMAL,5.0
zRYzhAEAHAABAAAKCRtcAAsAtwB1gBAQ,2020-08-20 14:48:14,0.10000012,-9.400001,4.5,10.42209282361278,NORMAL,10.0
zRYzhAEAHAABAAAKCRtcAAsAtwB1gBAQ,2020-08-20 14:48:19,0.6000001,-8.799998,4.25,9.790937897872912,NORMAL,5.0
zRYzhAEAHAABAAAKCRtcAAsAtwB1gBAQ,2020-08-20 14:48:24,2.0000002,-5.8000007,1.5,6.3158537760148095,NORMAL,5.0
zRYzhAEAHAABAAAKCRtcAAsAtwB1gBAQ,2020-08-20 14:48:29,0.100000076,-9.799998,4.75,10.890934799878476,NORMAL,5.0
zRYzhAEAHAABAAAKCRtcAAsAtwB1gBAQ,2020-08-20 14:48:35,-0.1999998,-10.6,4.5,11.517378170399722,NORMAL,6.0
zRYzhAEAHAABAAAKCRtcAAsAtwB1gBAQ,2020-08-20 14:48:40,0.7000001,-8.599998,4.0,9.510518689325204,NORMAL,5.0
zRYzhAEAHAABAAAKCRtcAAsAtwB1gBAQ,2020-08-20 14:48:45,0.8000002,-8.6,4.25,9.62613631318402,NORMAL,5.0
zRYzhAEAHAABAAAKCRtcAAsAtwB1gBAQ,2020-08-20 14:48:49,0.8000002,-8.6,4.25,9.62613631318402,NORMAL,4.0
zRYzhAEAHAABAAAKCRtcAAsAtwB1gBAQ,2020-08-20 14:49:59,-0.4,-9.0,4.5,10.070253224224304,NORMAL,70.0
zRYzhAEAHAABAAAKCRtcAAsAtwB1gBAQ,2020-08-20 14:50:04,0.3,-7.0,4.5,8.32706430862642,NORMAL,5.0
zRYzhAEAHAABAAAKCRtcAAsAtwB1gBAQ,2020-08-20 14:50:11,-0.5,-9.2,4.25,10.146551138194692,NORMAL,7.0
zRYzhAEAHAABAAAKCRtcAAsAtwB1gBAQ,2020-08-20 14:50:16,1.1,-7.2,3.25,7.975744479357398,NORMAL,5.0
zRYzhAEAHAABAAAKCRtcAAsAtwB1gBAQ,2020-08-20 14:50:55,-0.19999999,-9.8,5.25,11.11946491500378,NORMAL,39.0
zRYzhAEAHAABAAAKCRtcAAsAtwB1gBAQ,2020-08-20 14:50:59,-0.19999999,-9.8,5.25,11.11946491500378,NORMAL,4.0
zRYzhAEAHAABAAAKCRtcAAsAtwB1gBAQ,2020-08-20 14:51:01,0.49999994,-10.2,4.25,11.061306430074161,NORMAL,2.0
zRYzhAEAHAABAAAKCRtcAAsAtwB1gBAQ,2020-08-20 14:51:06,0.10000002,-8.6,4.25,9.593357076852712,NORMAL,5.0
zRYzhAEAHAABAAAKCRtcAAsAtwB1gBAQ,2020-08-20 14:51:13,0.79999995,-6.3999996,3.75,7.460730178742572,NORMAL,7.0
zRYzhAEAHAABAAAKCRtcAAsAtwB1gBAQ,2020-08-20 14:51:18,1.6,-7.2000003,3.25,8.059932029490081,NORMAL,5.0
zRYzhAEAHAABAAAKCRtcAAsAtwB1gBAQ,2020-08-20 14:51:29,-0.40000007,-9.400001,4.25,10.323880997764405,NORMAL,11.0
zRYzhAEAHAABAAAKCRtcAAsAtwB1gBAQ,2020-08-20 14:51:34,0.7,-7.9999995,3.25,8.663284134784005,NORMAL,5.0
zRYzhAEAHAABAAAKCRtcAAsAtwB1gBAQ,2020-08-20 14:51:49,0.39999995,-9.4,4.5,10.429285687907875,NORMAL,15.0
zRYzhAEAHAABAAAKCRtcAAsAtwB1gBAQ,2020-08-20 14:51:54,-0.20000002,-8.400001,5.0,9.777526108786466,NORMAL,5.0
zRYzhAEAHAABAAAKCRtcAAsAtwB1gBAQ,2020-08-20 14:55:33,0.0,-9.6,5.25,10.94177773490213,NORMAL,219.0
zRYzhAEAHAABAAAKCRtcAAsAtwB1gBAQ,2020-08-20 14:55:38,-1.5,-8.8,5.5,10.485227703774488,NORMAL,5.0
zRYzhAEAHAABAAAKCRtcAAsAtwB1gBAQ,2020-08-20 14:55:45,0.3,-8.0,3.75,8.840390262878671,NORMAL,7.0
zRYzhAEAHAABAAAKCRtcAAsAtwB1gBAQ,2020-08-20 14:55:50,3.2,-6.0,1.75,7.02157389763862,NORMAL,5.0
zRYzhAEAHAABAAAKCRtcAAsAtwB1gBAQ,2020-08-20 14:56:00,0.90000004,-8.6,4.25,9.634962380414363,NORMAL,10.0
zRYzhAEAHAABAAAKCRtcAAsAtwB1gBAQ,2020-08-20 14:56:05,1.4000001,-8.4,3.5,9.207062521781852,NORMAL,5.0
zRYzhAEAHAABAAAKCRtcAAsAtwB1gBAQ,2020-08-20 14:56:17,-0.29999992,-9.2,6.0,10.987720416537726,NORMAL,12.0
zRYzhAEAHAABAAAKCRtcAAsAtwB1gBAQ,2020-08-20 14:56:48,0.8,-7.8000007,4.75,9.167470257382922,NORMAL,31.0
zRYzhAEAHAABAAAKCRtcAAsAtwB1gBAQ,2020-08-20 14:56:55,-0.19999993,-9.4,4.75,10.533873929946191,NORMAL,7.0
zRYzhAEAHAABAAAKCRtcAAsAtwB1gBAQ,2020-08-20 14:57:05,1.6,-8.599999,3.0,9.247701487396801,NORMAL,10.0
zRYzhAEAHAABAAAKCRtcAAsAtwB1gBAQ,2020-08-20 14:57:10,-1.0999999,-10.8,4.0,11.569356065918276,NORMAL,5.0
zRYzhAEAHAABAAAKCRtcAAsAtwB1gBAQ,2020-08-20 14:57:21,0.7000001,-9.6,3.75,10.330174255064627,NORMAL,11.0
zRYzhAEAHAABAAAKCRtcAAsAtwB1gBAQ,2020-08-20 14:57:26,0.40000007,-9.0,3.0,9.495261979324214,NORMAL,5.0
zRYzhAEAHAABAAAKCRtcAAsAtwB1gBAQ,2020-08-20 14:57:41,5.9604645e-08,-8.200001,5.0,9.604166616630566,NORMAL,15.0
zRYzhAEAHAABAAAKCRtcAAsAtwB1gBAQ,2020-08-20 14:57:43,5.9604645e-08,-8.200001,5.0,9.604166616630566,NORMAL,2.0
zRYzhAEAHAABAAAKCRtcAAsAtwB1gBAQ,2020-08-20 14:57:48,0.60000014,-8.599999,3.5,9.304299165869562,NORMAL,5.0
zRYzhAEAHAABAAAKCRtcAAsAtwB1gBAQ,2020-08-20 14:57:53,1.6000001,-8.800001,1.5,9.06917956157011,NORMAL,5.0
zRYzhAEAHAABAAAKCRtcAAsAtwB1gBAQ,2020-08-20 15:15:00,0.2,-8.400001,4.5,9.531527516615634,NORMAL,1027.0
zRYzhAEAHAABAAAKCRtcAAsAtwB1gBAQ,2020-08-20 15:15:05,0.6,-8.8,4.25,9.790939689325025,NORMAL,5.0
zRYzhAEAHAABAAAKCRtcAAsAtwB1gBAQ,2020-08-20 15:15:15,1.6,-8.200001,4.0,9.262829826786252,NORMAL,10.0
zRYzhAEAHAABAAAKCRtcAAsAtwB1gBAQ,2020-08-20 15:15:20,2.2,-7.6000004,2.5,8.29759037793504,NORMAL,5.0
zRYzhAEAHAABAAAKCRtcAAsAtwB1gBAQ,2020-08-20 15:15:27,1.4000001,-9.400001,3.75,10.216776354604274,NORMAL,7.0
zRYzhAEAHAABAAAKCRtcAAsAtwB1gBAQ,2020-08-20 15:16:00,0.8,-8.400002,4.5,9.562951092628468,NORMAL,33.0
zRYzhAEAHAABAAAKCRtcAAsAtwB1gBAQ,2020-08-20 15:16:02,0.8,-8.400002,4.5,9.562951092628468,NORMAL,2.0
zRYzhAEAHAABAAAKCRtcAAsAtwB1gBAQ,2020-08-20 15:16:10,1.0000001,-8.600001,4.0,9.537296126261417,NORMAL,8.0
zRYzhAEAHAABAAAKCRtcAAsAtwB1gBAQ,2020-08-20 15:16:15,2.0,-7.600001,3.0,8.411897241407612,NORMAL,5.0
zRYzhAEAHAABAAAKCRtcAAsAtwB1gBAQ,2020-08-20 15:16:20,3.0000002,-6.6000013,2.5,7.6687690250783875,NORMAL,5.0
zRYzhAEAHAABAAAKCRtcAAsAtwB1gBAQ,2020-08-20 15:16:25,0.29999998,-8.800001,3.25,9.385761428248696,NORMAL,5.0
zRYzhAEAHAABAAAKCRtcAAsAtwB1gBAQ,2020-08-20 15:16:30,0.3000002,-10.000001,4.5,10.96995989600696,NORMAL,5.0
zRYzhAEAHAABAAAKCRtcAAsAtwB1gBAQ,2020-08-20 15:16:42,-2.2351742e-08,-9.600001,3.25,10.135211847810632,NORMAL,12.0
zRYzhAEAHAABAAAKCRtcAAsAtwB1gBAQ,2020-08-20 15:16:47,0.6000002,-9.600001,5.25,10.958216982703028,NORMAL,5.0
zRYzhAEAHAABAAAKCRtcAAsAtwB1gBAQ,2020-08-20 15:16:52,1.1,-8.800001,2.75,9.285069606631982,NORMAL,5.0
zRYzhAEAHAABAAAKCRtcAAsAtwB1gBAQ,2020-08-20 15:17:03,1.1000003,-9.400002,4.75,10.58926523702207,NORMAL,11.0
zRYzhAEAHAABAAAKCRtcAAsAtwB1gBAQ,2020-08-20 15:17:07,-0.19999999,-8.600001,3.5,9.287088736304883,NORMAL,4.0
zRYzhAEAHAABAAAKCRtcAAsAtwB1gBAQ,2020-08-20 15:17:12,0.30000025,-9.000002,4.0,9.853427634585037,NORMAL,5.0
zRYzhAEAHAABAAAKCRtcAAsAtwB1gBAQ,2020-08-20 15:17:17,0.5,-7.6000013,4.0,8.602907634050343,NORMAL,5.0
zRYzhAEAHAABAAAKCRtcAAsAtwB1gBAQ,2020-08-20 15:17:23,-0.19999975,-9.400002,3.5,10.032449227382319,NORMAL,6.0
zRYzhAEAHAABAAAKCRtcAAsAtwB1gBAQ,2020-08-20 15:17:28,0.19999999,-7.800001,4.25,8.88496007846974,NORMAL,5.0
zRYzhAEAHAABAAAKCRtcAAsAtwB1gBAQ,2020-08-20 15:17:33,-0.7999998,-8.800001,4.5,9.916149317149326,NORMAL,5.0
zRYzhAEAHAABAAAKCRtcAAsAtwB1gBAQ,2020-08-20 15:17:53,1.3000003,-8.6,1.0,8.754998616790301,NORMAL,20.0
zRYzhAEAHAABAAAKCRtcAAsAtwB1gBAQ,2020-08-20 15:17:58,0.70000005,-8.400001,4.0,9.330059853505817,NORMAL,5.0
zRYzhAEAHAABAAAKCRtcAAsAtwB1gBAQ,2020-08-20 15:18:03,0.8000003,-8.400001,3.75,9.233770480145209,NORMAL,5.0
zRYzhAEAHAABAAAKCRtcAAsAtwB1gBAQ,2020-08-20 15:19:18,0.5,-8.2,3.75,9.03064228059112,NORMAL,75.0
zRYzhAEAHAABAAAKCRtcAAsAtwB1gBAQ,2020-08-20 15:19:23,0.6,-9.0,3.5,9.675226095549396,NORMAL,5.0
zRYzhAEAHAABAAAKCRtcAAsAtwB1gBAQ,2020-08-20 15:19:33,0.6,-8.6,3.0,9.12797896579522,NORMAL,10.0
zRYzhAEAHAABAAAKCRtcAAsAtwB1gBAQ,2020-08-20 15:19:44,0.8,-7.9999995,3.5,8.768693859406898,NORMAL,11.0
zRYzhAEAHAABAAAKCRtcAAsAtwB1gBAQ,2020-08-20 15:22:25,0.4,-8.0,4.5,9.187491496594705,NORMAL,161.0
zRYzhAEAHAABAAAKCRtcAAsAtwB1gBAQ,2020-08-20 15:22:30,-0.1,-9.6,5.25,10.94223468949556,NORMAL,5.0
zRYzhAEAHAABAAAKCRtcAAsAtwB1gBAQ,2020-08-20 15:22:37,1.3000001,-9.0,3.0,9.575489557197585,NORMAL,7.0
zRYzhAEAHAABAAAKCRtcAAsAtwB1gBAQ,2020-08-20 15:22:42,0.3,-8.200001,4.5,9.358419546055895,NORMAL,5.0
zRYzhAEAHAABAAAKCRtcAAsAtwB1gBAQ,2020-08-20 15:23:25,0.70000005,-10.8,5.25,12.028819562617107,NORMAL,43.0
zRYzhAEAHAABAAAKCRtcAAsAtwB1gBAQ,2020-08-20 15:23:27,0.70000005,-10.8,5.25,12.028819562617107,NORMAL,2.0
zRYzhAEAHAABAAAKCRtcAAsAtwB1gBAQ,2020-08-20 15:23:30,2.4,-8.6,3.0,9.419129471453294,NORMAL,3.0
zRYzhAEAHAABAAAKCRtcAAsAtwB1gBAQ,2020-08-20 15:23:35,-1.0,-8.400001,5.0,9.826495652062388,NORMAL,5.0
zRYzhAEAHAABAAAKCRtcAAsAtwB1gBAQ,2020-08-20 15:23:40,0.9000001,-8.0,5.25,9.611061345137696,NORMAL,5.0
zRYzhAEAHAABAAAKCRtcAAsAtwB1gBAQ,2020-08-20 15:23:47,0.5,-7.8000007,3.75,8.669054788153117,NORMAL,7.0
zRYzhAEAHAABAAAKCRtcAAsAtwB1gBAQ,2020-08-20 15:23:52,1.5000001,-8.6,2.25,9.015126194346921,NORMAL,5.0
zRYzhAEAHAABAAAKCRtcAAsAtwB1gBAQ,2020-08-20 15:23:57,1.0,-8.6,3.5,9.338629449764028,NORMAL,5.0
zRYzhAEAHAABAAAKCRtcAAsAtwB1gBAQ,2020-08-20 15:24:02,1.0000001,-10.200001,4.0,11.001818967788964,NORMAL,5.0
zRYzhAEAHAABAAAKCRtcAAsAtwB1gBAQ,2020-08-20 15:24:12,1.5,-8.6,4.75,9.938435490558863,NORMAL,10.0
zRYzhAEAHAABAAAKCRtcAAsAtwB1gBAQ,2020-08-20 15:24:17,1.4000001,-8.400001,3.25,9.114961167223973,NORMAL,5.0
zRYzhAEAHAABAAAKCRtcAAsAtwB1gBAQ,2020-08-20 15:24:22,1.6,-8.200001,4.25,9.373500754787456,NORMAL,5.0
zRYzhAEAHAABAAAKCRtcAAsAtwB1gBAQ,2020-08-20 15:24:27,1.6,-8.200001,4.25,9.373500754787456,NORMAL,5.0
zRYzhAEAHAABAAAKCRtcAAsAtwB1gBAQ,2020-08-20 15:24:29,1.3000001,-8.6,4.25,9.68052169358656,NORMAL,2.0
zRYzhAEAHAABAAAKCRtcAAsAtwB1gBAQ,2020-08-20 15:24:34,-0.2,-9.000001,4.5,10.064294212710646,NORMAL,5.0
zRYzhAEAHAABAAAKCRtcAAsAtwB1gBAQ,2020-08-20 15:24:39,0.30000007,-8.8,4.5,9.888377017589894,NORMAL,5.0
zRYzhAEAHAABAAAKCRtcAAsAtwB1gBAQ,2020-08-20 15:24:44,0.90000004,-8.600001,3.0,9.152596203919465,NORMAL,5.0
zRYzhAEAHAABAAAKCRtcAAsAtwB1gBAQ,2020-08-20 15:24:49,1.7,-9.0,1.75,9.324832438172816,NORMAL,5.0
zRYzhAEAHAABAAAKCRtcAAsAtwB1gBAQ,2020-08-20 15:24:55,0.100000024,-8.800001,3.25,9.381498686499988,NORMAL,6.0
zRYzhAEAHAABAAAKCRtcAAsAtwB1gBAQ,2020-08-20 15:25:00,1.5,-8.4,3.25,9.130854286429063,NORMAL,5.0
zRYzhAEAHAABAAAKCRtcAAsAtwB1gBAQ,2020-08-20 15:25:05,0.5,-8.600001,3.5,9.298387881778272,NORMAL,5.0
zRYzhAEAHAABAAAKCRtcAAsAtwB1gBAQ,2020-08-20 15:25:10,-0.100000024,-8.799999,3.0,9.297848267464952,NORMAL,5.0
zRYzhAEAHAABAAAKCRtcAAsAtwB1gBAQ,2020-08-20 15:25:15,2.1,-7.2000012,4.25,8.620470827048917,NORMAL,5.0
zRYzhAEAHAABAAAKCRtcAAsAtwB1gBAQ,2020-08-20 15:25:20,0.59999996,-8.199999,4.0,9.143302661073896,NORMAL,5.0
zRYzhAEAHAABAAAKCRtcAAsAtwB1gBAQ,2020-08-20 15:25:25,0.5999999,-8.200002,4.0,9.143305347630253,NORMAL,5.0
zRYzhAEAHAABAAAKCRtcAAsAtwB1gBAQ,2020-08-20 15:25:28,0.5999999,-8.200002,4.0,9.143305347630253,NORMAL,3.0
zRYzhAEAHAABAAAKCRtcAAsAtwB1gBAQ,2020-08-20 15:25:30,1.1999999,-8.599998,3.75,9.458459988814457,NORMAL,2.0
zRYzhAEAHAABAAAKCRtcAAsAtwB1gBAQ,2020-08-20 15:25:35,0.8999999,-8.400002,3.75,9.24297210966278,NORMAL,5.0
zRYzhAEAHAABAAAKCRtcAAsAtwB1gBAQ,2020-08-20 15:25:40,0.4999999,-9.999998,4.75,11.082078320423657,NORMAL,5.0
zRYzhAEAHAABAAAKCRtcAAsAtwB1gBAQ,2020-08-20 15:25:55,-8.940697e-08,-9.400002,4.25,10.316129972039128,NORMAL,15.0
zRYzhAEAHAABAAAKCRtcAAsAtwB1gBAQ,2020-08-20 15:26:00,0.59999996,-8.999998,4.5,10.080176781783344,NORMAL,5.0
zRYzhAEAHAABAAAKCRtcAAsAtwB1gBAQ,2020-08-20 15:26:05,0.8999999,-9.800001,3.0,10.288343861866254,NORMAL,5.0
zRYzhAEAHAABAAAKCRtcAAsAtwB1gBAQ,2020-08-20 15:26:10,0.29999995,-7.999998,3.75,8.840388451307103,NORMAL,5.0
zRYzhAEAHAABAAAKCRtcAAsAtwB1gBAQ,2020-08-20 15:26:15,-0.2000001,-7.800001,3.5,8.551608950367235,NORMAL,5.0
zRYzhAEAHAABAAAKCRtcAAsAtwB1gBAQ,2020-08-20 15:26:25,0.7999999,-8.800001,3.25,9.415015530523624,NORMAL,10.0
zRYzhAEAHAABAAAKCRtcAAsAtwB1gBAQ,2020-08-20 15:26:28,0.7999999,-8.800001,3.25,9.415015530523624,NORMAL,3.0
zRYzhAEAHAABAAAKCRtcAAsAtwB1gBAQ,2020-08-20 15:26:30,1.0999999,-8.199998,3.0,8.800566287461507,NORMAL,2.0
zRYzhAEAHAABAAAKCRtcAAsAtwB1gBAQ,2020-08-20 15:26:46,0.49999988,-9.200001,2.5,9.54672814528627,NORMAL,16.0
zRYzhAEAHAABAAAKCRtcAAsAtwB1gBAQ,2020-08-20 15:26:51,1.7999998,-8.5999975,2.25,9.069865284556673,NORMAL,5.0
zRYzhAEAHAABAAAKCRtcAAsAtwB1gBAQ,2020-08-20 15:26:56,0.5999999,-9.000001,2.75,9.429873693745902,NORMAL,5.0
zRYzhAEAHAABAAAKCRtcAAsAtwB1gBAQ,2020-08-20 15:29:13,0.90000004,-8.2,3.25,8.866369046684218,NORMAL,137.0
zRYzhAEAHAABAAAKCRtcAAsAtwB1gBAQ,2020-08-20 15:29:20,0.5,-9.0,3.5,9.669539802906858,NORMAL,7.0
zRYzhAEAHAABAAAKCRtcAAsAtwB1gBAQ,2020-08-20 15:29:25,0.100000024,-9.4,3.75,10.120894229503637,NORMAL,5.0
zRYzhAEAHAABAAAKCRtcAAsAtwB1gBAQ,2020-08-20 15:29:30,1.0,-9.4,3.25,9.996124248927682,NORMAL,5.0
zRYzhAEAHAABAAAKCRtcAAsAtwB1gBAQ,2020-08-20 15:29:35,1.5,-9.0,3.0,9.604686356149273,NORMAL,5.0
zRYzhAEAHAABAAAKCRtcAAsAtwB1gBAQ,2020-08-20 15:29:40,0.19999999,-9.599999,4.25,10.500594306800021,NORMAL,5.0
zRYzhAEAHAABAAAKCRtcAAsAtwB1gBAQ,2020-08-20 15:29:50,-0.20000002,-8.0,5.25,9.570919496474724,NORMAL,10.0
zRYzhAEAHAABAAAKCRtcAAsAtwB1gBAQ,2020-08-20 15:29:59,0.39999998,-9.2,4.0,10.039920317612086,NORMAL,9.0
zRYzhAEAHAABAAAKCRtcAAsAtwB1gBAQ,2020-08-20 15:30:34,0.8999999,-8.4,3.5,9.144397181881374,NORMAL,35.0
zRYzhAEAHAABAAAKCRtcAAsAtwB1gBAQ,2020-08-20 15:30:44,-0.3000001,-8.599999,4.0,9.489466942879405,NORMAL,10.0
zRYzhAEAHAABAAAKCRtcAAsAtwB1gBAQ,2020-08-20 15:30:56,0.4999999,-8.799999,5.0,10.133606579101096,NORMAL,12.0
zRYzhAEAHAABAAAKCRtcAAsAtwB1gBAQ,2020-08-20 15:31:01,0.29999995,-8.999999,4.5,10.066776145817538,NORMAL,5.0
zRYzhAEAHAABAAAKCRtcAAsAtwB1gBAQ,2020-08-20 15:31:16,0.99999994,-8.799999,3.25,9.434112691716217,NORMAL,15.0
zRYzhAEAHAABAAAKCRtcAAsAtwB1gBAQ,2020-08-20 15:31:26,0.49999994,-8.799999,2.75,9.233227081578846,NORMAL,10.0
zRYzhAEAHAABAAAKCRtcAAsAtwB1gBAQ,2020-08-20 15:31:29,0.49999994,-8.799999,2.75,9.233227081578846,NORMAL,3.0
zRYzhAEAHAABAAAKCRtcAAsAtwB1gBAQ,2020-08-20 15:31:34,2.9,-2.5999992,-1.25,4.090537353453779,NORMAL,5.0
zRYzhAEAHAABAAAKCRtcAAsAtwB1gBAQ,2020-08-20 15:31:39,0.99999994,-5.1999993,7.25,8.977889094881965,NORMAL,5.0
zRYzhAEAHAABAAAKCRtcAAsAtwB1gBAQ,2020-08-20 15:31:44,1.7,-9.199999,1.5,9.475229896947145,NORMAL,5.0
zRYzhAEAHAABAAAKCRtcAAsAtwB1gBAQ,2020-08-20 15:31:49,4.7,-9.999999,2.0,11.228979472774942,NORMAL,5.0
zRYzhAEAHAABAAAKCRtcAAsAtwB1gBAQ,2020-08-20 15:31:54,1.0,-7.599999,2.25,7.988897596039206,NORMAL,5.0
zRYzhAEAHAABAAAKCRtcAAsAtwB1gBAQ,2020-08-20 15:31:59,2.2999997,-8.999999,1.75,9.452644107338491,NORMAL,5.0
zRYzhAEAHAABAAAKCRtcAAsAtwB1gBAQ,2020-08-20 15:32:04,1.9,-7.7999988,2.5,8.40832809064926,NORMAL,5.0
zRYzhAEAHAABAAAKCRtcAAsAtwB1gBAQ,2020-08-20 15:32:09,-3.2037497e-07,-9.399999,4.75,10.531974230883833,NORMAL,5.0
zRYzhAEAHAABAAAKCRtcAAsAtwB1gBAQ,2020-08-20 15:32:14,2.0,-8.199999,0.5,8.455174959751039,NORMAL,5.0
zRYzhAEAHAABAAAKCRtcAAsAtwB1gBAQ,2020-08-20 15:32:19,-3.0000005,-10.799998,7.0,13.21514130836308,NORMAL,5.0
zRYzhAEAHAABAAAKCRtcAAsAtwB1gBAQ,2020-08-20 15:32:24,1.1,-9.799999,5.0,11.056671307405361,NORMAL,5.0
zRYzhAEAHAABAAAKCRtcAAsAtwB1gBAQ,2020-08-20 15:32:29,1.1,-9.799999,5.0,11.056671307405361,NORMAL,5.0
zRYzhAEAHAABAAAKCRtcAAsAtwB1gBAQ,2020-08-20 15:32:31,2.7999997,-6.399998,1.75,7.20156043646126,NORMAL,2.0
zRYzhAEAHAABAAAKCRtcAAsAtwB1gBAQ,2020-08-20 15:32:36,0.4,-7.999999,4.25,9.067661440525942,NORMAL,5.0
zRYzhAEAHAABAAAKCRtcAAsAtwB1gBAQ,2020-08-20 15:32:41,1.1999997,-8.399999,2.75,8.919780405368794,NORMAL,5.0
zRYzhAEAHAABAAAKCRtcAAsAtwB1gBAQ,2020-08-20 15:32:56,-3.2782555e-07,-9.599999,4.75,10.710858079537845,NORMAL,15.0
zRYzhAEAHAABAAAKCRtcAAsAtwB1gBAQ,2020-08-20 15:33:01,1.8000001,-8.199999,2.25,8.691517931869036,NORMAL,5.0
zRYzhAEAHAABAAAKCRtcAAsAtwB1gBAQ,2020-08-20 15:33:06,1.1999997,-6.5999994,3.75,7.685212512351265,NORMAL,5.0
zRYzhAEAHAABAAAKCRtcAAsAtwB1gBAQ,2020-08-20 15:33:11,0.20000005,-8.399999,3.75,9.20122183299593,NORMAL,5.0
zRYzhAEAHAABAAAKCRtcAAsAtwB1gBAQ,2020-08-20 15:33:29,0.6,-8.8,2.0,9.044335243676011,NORMAL,18.0
zRYzhAEAHAABAAAKCRtcAAsAtwB1gBAQ,2020-08-20 15:35:40,0.5,-8.0,3.25,8.649421946003097,NORMAL,131.0
zRYzhAEAHAABAAAKCRtcAAsAtwB1gBAQ,2020-08-20 15:36:06,-0.4999999,-10.6,5.25,11.83944677339275,NORMAL,26.0
zRYzhAEAHAABAAAKCRtcAAsAtwB1gBAQ,2020-08-20 15:36:38,0.39999998,-7.3999996,4.25,8.542979226475982,NORMAL,32.0
zRYzhAEAHAABAAAKCRtcAAsAtwB1gBAQ,2020-08-20 15:36:40,0.39999998,-7.3999996,4.25,8.542979226475982,NORMAL,2.0
zRYzhAEAHAABAAAKCRtcAAsAtwB1gBAQ,2020-08-20 15:36:45,0.5000001,-8.8,4.75,10.012617045508133,NORMAL,5.0
zRYzhAEAHAABAAAKCRtcAAsAtwB1gBAQ,2020-08-20 15:36:50,0.7,-8.2,5.5,9.898484732523459,NORMAL,5.0
zRYzhAEAHAABAAAKCRtcAAsAtwB1gBAQ,2020-08-20 15:37:05,0.30000013,-8.000001,4.0,8.949302547014543,NORMAL,15.0
zRYzhAEAHAABAAAKCRtcAAsAtwB1gBAQ,2020-08-20 15:37:10,-0.6,-9.0,4.75,10.19423856891725,NORMAL,5.0
zRYzhAEAHAABAAAKCRtcAAsAtwB1gBAQ,2020-08-20 15:37:15,1.8000002,-8.600001,3.5,9.4578019602866,NORMAL,5.0
zRYzhAEAHAABAAAKCRtcAAsAtwB1gBAQ,2020-08-20 15:37:20,-0.40000004,-9.6,5.0,10.831435732717985,NORMAL,5.0
zRYzhAEAHAABAAAKCRtcAAsAtwB1gBAQ,2020-08-20 15:37:25,0.40000015,-8.400002,3.75,9.207743139336806,NORMAL,5.0
zRYzhAEAHAABAAAKCRtcAAsAtwB1gBAQ,2020-08-20 15:37:30,1.6,-8.400001,3.25,9.147814864764207,NORMAL,5.0
zRYzhAEAHAABAAAKCRtcAAsAtwB1gBAQ,2020-08-20 15:37:40,1.7000002,-8.400001,1.75,8.747143389701636,NORMAL,10.0
zRYzhAEAHAABAAAKCRtcAAsAtwB1gBAQ,2020-08-20 15:37:52,0.9,-9.200001,3.5,9.884331965287336,NORMAL,12.0
zRYzhAEAHAABAAAKCRtcAAsAtwB1gBAQ,2020-08-20 15:37:57,-0.89999986,-9.600001,4.0,10.438870578180431,NORMAL,5.0
zRYzhAEAHAABAAAKCRtcAAsAtwB1gBAQ,2020-08-20 15:38:02,1.1,-7.4000006,3.0,8.060397563396013,NORMAL,5.0
zRYzhAEAHAABAAAKCRtcAAsAtwB1gBAQ,2020-08-20 15:38:07,0.90000015,-10.400002,1.75,10.58454259143984,NORMAL,5.0
zRYzhAEAHAABAAAKCRtcAAsAtwB1gBAQ,2020-08-20 15:38:13,0.4,-8.8,4.5,9.891915891272024,NORMAL,6.0
zRYzhAEAHAABAAAKCRtcAAsAtwB1gBAQ,2020-08-20 15:38:18,1.1000001,-8.200002,3.25,8.888899426813422,NORMAL,5.0
zRYzhAEAHAABAAAKCRtcAAsAtwB1gBAQ,2020-08-20 15:38:23,0.5,-10.0,6.25,11.803071634112877,NORMAL,5.0
zRYzhAEAHAABAAAKCRtcAAsAtwB1gBAQ,2020-08-20 15:38:33,0.80000013,-9.0,2.25,9.311417733514055,NORMAL,10.0
zRYzhAEAHAABAAAKCRtcAAsAtwB1gBAQ,2020-08-20 15:38:38,1.1,-8.600002,3.75,9.446297391041847,NORMAL,5.0
zRYzhAEAHAABAAAKCRtcAAsAtwB1gBAQ,2020-08-20 15:38:40,1.1,-8.600002,3.75,9.446297391041847,NORMAL,2.0
zRYzhAEAHAABAAAKCRtcAAsAtwB1gBAQ,2020-08-20 15:38:46,1.0000001,-8.6,3.75,9.435173564911247,NORMAL,6.0
zRYzhAEAHAABAAAKCRtcAAsAtwB1gBAQ,2020-08-20 15:45:46,1.1,-8.0,3.75,8.903510543600204,NORMAL,420.0
zRYzhAEAHAABAAAKCRtcAAsAtwB1gBAQ,2020-08-20 15:45:51,0.5,-8.6,3.75,9.395344591871018,NORMAL,5.0
zRYzhAEAHAABAAAKCRtcAAsAtwB1gBAQ,2020-08-20 15:45:56,0.70000005,-8.2,4.0,9.150409830712503,NORMAL,5.0
zRYzhAEAHAABAAAKCRtcAAsAtwB1gBAQ,2020-08-20 15:46:01,1.0,-9.8,4.25,10.728583317474866,NORMAL,5.0
zRYzhAEAHAABAAAKCRtcAAsAtwB1gBAQ,2020-08-20 15:46:12,0.8,-8.2,3.75,9.052209674990962,NORMAL,11.0
zRYzhAEAHAABAAAKCRtcAAsAtwB1gBAQ,2020-08-20 15:46:42,-0.19999996,-10.599999,5.5,11.943616654263524,NORMAL,30.0
zRYzhAEAHAABAAAKCRtcAAsAtwB1gBAQ,2020-08-20 15:46:46,-0.19999996,-10.599999,5.5,11.943616654263524,NORMAL,4.0
zRYzhAEAHAABAAAKCRtcAAsAtwB1gBAQ,2020-08-20 15:46:48,2.8,-9.2,2.0,9.82242332624694,NORMAL,2.0
zRYzhAEAHAABAAAKCRtcAAsAtwB1gBAQ,2020-08-20 15:46:53,1.4000001,-7.1999993,0.75,7.373092309201106,NORMAL,5.0
zRYzhAEAHAABAAAKCRtcAAsAtwB1gBAQ,2020-08-20 15:46:58,0.6999999,-9.4,4.25,10.339850088855256,NORMAL,5.0
zRYzhAEAHAABAAAKCRtcAAsAtwB1gBAQ,2020-08-20 15:47:03,1.5000001,-8.799999,3.5,9.588533918175449,NORMAL,5.0
zRYzhAEAHAABAAAKCRtcAAsAtwB1gBAQ,2020-08-20 15:47:08,0.39999992,-8.799999,5.0,10.129164937742944,NORMAL,5.0
zRYzhAEAHAABAAAKCRtcAAsAtwB1gBAQ,2020-08-20 15:47:13,0.7000001,-7.5999994,3.75,8.503675147840513,NORMAL,5.0
zRYzhAEAHAABAAAKCRtcAAsAtwB1gBAQ,2020-08-20 15:47:18,0.5999999,-9.199999,1.75,9.384161202792768,NORMAL,5.0
zRYzhAEAHAABAAAKCRtcAAsAtwB1gBAQ,2020-08-20 15:47:23,0.80000013,-8.999999,3.5,9.689684319316138,NORMAL,5.0
zRYzhAEAHAABAAAKCRtcAAsAtwB1gBAQ,2020-08-20 15:47:30,0.8999999,-8.799999,3.25,9.42403746915307,NORMAL,7.0
zRYzhAEAHAABAAAKCRtcAAsAtwB1gBAQ,2020-08-20 15:47:46,0.90000015,-8.799999,3.25,9.424037493028187,NORMAL,16.0
zRYzhAEAHAABAAAKCRtcAAsAtwB1gBAQ,2020-08-20 15:49:04,1.0,-8.0,4.0,9.0,NORMAL,78.0
zRYzhAEAHAABAAAKCRtcAAsAtwB1gBAQ,2020-08-20 15:49:09,0.6,-8.0,4.75,9.323223691406316,NORMAL,5.0
zRYzhAEAHAABAAAKCRtcAAsAtwB1gBAQ,2020-08-20 15:49:14,0.8,-8.8,3.5,9.504209593648492,NORMAL,5.0
zRYzhAEAHAABAAAKCRtcAAsAtwB1gBAQ,2020-08-20 15:49:19,-0.5,-10.2,4.5,11.1597491011223,NORMAL,5.0
zRYzhAEAHAABAAAKCRtcAAsAtwB1gBAQ,2020-08-20 15:49:30,0.6,-8.8,3.75,9.584492683496608,NORMAL,11.0
zRYzhAEAHAABAAAKCRtcAAsAtwB1gBAQ,2020-08-20 15:50:01,1.5,-8.8,3.75,9.682587464102765,NORMAL,31.0
zRYzhAEAHAABAAAKCRtcAAsAtwB1gBAQ,2020-08-20 15:50:04,1.5,-8.8,3.75,9.682587464102765,NORMAL,3.0
zRYzhAEAHAABAAAKCRtcAAsAtwB1gBAQ,2020-08-20 15:50:11,1.8,-5.8,2.0,6.393746945258313,NORMAL,7.0
zRYzhAEAHAABAAAKCRtcAAsAtwB1gBAQ,2020-08-20 15:50:19,0.6,-9.000001,2.5,9.360022329033248,NORMAL,8.0
zRYzhAEAHAABAAAKCRtcAAsAtwB1gBAQ,2020-08-20 15:50:24,3.1,-9.0,2.5,9.841747812253676,NORMAL,5.0
zRYzhAEAHAABAAAKCRtcAAsAtwB1gBAQ,2020-08-20 15:50:29,-0.39999998,-9.600001,4.5,10.60990194035746,NORMAL,5.0
zRYzhAEAHAABAAAKCRtcAAsAtwB1gBAQ,2020-08-20 15:50:39,0.70000005,-8.8,3.75,9.591272077779882,NORMAL,10.0
zRYzhAEAHAABAAAKCRtcAAsAtwB1gBAQ,2020-08-20 15:51:05,0.69999987,-8.800001,3.75,9.591272982143769,NORMAL,26.0
zRYzhAEAHAABAAAKCRtcAAsAtwB1gBAQ,2020-08-20 15:53:05,0.0,-9.0,5.25,10.419332992087353,NORMAL,120.0
zRYzhAEAHAABAAAKCRtcAAsAtwB1gBAQ,2020-08-20 15:53:10,0.7,-8.8,3.5,9.496315074806649,NORMAL,5.0
zRYzhAEAHAABAAAKCRtcAAsAtwB1gBAQ,2020-08-20 15:53:15,1.2,-9.4,4.75,10.600117923872357,NORMAL,5.0
zRYzhAEAHAABAAAKCRtcAAsAtwB1gBAQ,2020-08-20 15:53:20,1.3,-7.6000004,3.75,8.573943438115284,NORMAL,5.0
zRYzhAEAHAABAAAKCRtcAAsAtwB1gBAQ,2020-08-20 15:53:25,0.50000006,-9.0,4.5,10.074720842782693,NORMAL,5.0
zRYzhAEAHAABAAAKCRtcAAsAtwB1gBAQ,2020-08-20 15:53:35,1.9000001,-8.8,2.75,9.413421289839313,NORMAL,10.0
zRYzhAEAHAABAAAKCRtcAAsAtwB1gBAQ,2020-08-20 15:53:41,1.1999999,-8.2,2.5,8.656211628651416,NORMAL,6.0
zRYzhAEAHAABAAAKCRtcAAsAtwB1gBAQ,2020-08-20 15:53:51,-8.940697e-08,-7.6,3.5,8.36719785830358,NORMAL,10.0
zRYzhAEAHAABAAAKCRtcAAsAtwB1gBAQ,2020-08-20 15:54:21,0.30000007,-9.8,4.75,10.894608760391536,NORMAL,30.0
zRYzhAEAHAABAAAKCRtcAAsAtwB1gBAQ,2020-08-20 15:54:28,0.6999999,-8.6,3.75,9.408108197719667,NORMAL,7.0
zRYzhAEAHAABAAAKCRtcAAsAtwB1gBAQ,2020-08-20 15:54:33,6.7055225e-08,-8.6,5.25,10.075837434178858,NORMAL,5.0
zRYzhAEAHAABAAAKCRtcAAsAtwB1gBAQ,2020-08-20 15:54:44,1.1000001,-10.8,2.0,11.03856875776928,NORMAL,11.0
zRYzhAEAHAABAAAKCRtcAAsAtwB1gBAQ,2020-08-20 15:55:16,0.60000014,-8.400001,4.0,9.323090526644103,NORMAL,32.0
zRYzhAEAHAABAAAKCRtcAAsAtwB1gBAQ,2020-08-20 16:24:50,0.4,-7.8,6.25,10.003124511871277,NORMAL,1774.0
zRYzhAEAHAABAAAKCRtcAAsAtwB1gBAQ,2020-08-20 16:24:56,0.8,-8.400001,2.5,8.800569117960553,NORMAL,6.0
zRYzhAEAHAABAAAKCRtcAAsAtwB1gBAQ,2020-08-20 16:25:03,-1.1,-7.2000003,4.0,8.30963322415617,NORMAL,7.0
zRYzhAEAHAABAAAKCRtcAAsAtwB1gBAQ,2020-08-20 16:25:13,-3.3,-8.8,7.75,12.181646029991185,NORMAL,10.0
zRYzhAEAHAABAAAKCRtcAAsAtwB1gBAQ,2020-08-20 16:25:18,0.90000004,-8.400001,3.0,8.964932619490288,NORMAL,5.0
zRYzhAEAHAABAAAKCRtcAAsAtwB1gBAQ,2020-08-20 16:25:23,0.7000001,-8.2,3.0,8.759566207295885,NORMAL,5.0
zRYzhAEAHAABAAAKCRtcAAsAtwB1gBAQ,2020-08-20 16:25:28,-0.39999998,-12.200001,6.25,13.713589040947705,NORMAL,5.0
zRYzhAEAHAABAAAKCRtcAAsAtwB1gBAQ,2020-08-20 16:25:37,0.40000004,-9.000001,2.75,9.419263136360561,NORMAL,9.0
zRYzhAEAHAABAAAKCRtcAAsAtwB1gBAQ,2020-08-20 16:26:10,0.30000007,-8.6,4.25,9.597525724998084,NORMAL,33.0
zRYzhAEAHAABAAAKCRtcAAsAtwB1gBAQ,2020-08-20 16:26:20,-0.29999995,-8.000001,2.0,8.251667466033819,NORMAL,10.0
zRYzhAEAHAABAAAKCRtcAAsAtwB1gBAQ,2020-08-20 16:26:27,1.0,-9.0,3.5,9.7082439194738,NORMAL,7.0
zRYzhAEAHAABAAAKCRtcAAsAtwB1gBAQ,2020-08-20 16:26:32,0.6000001,-9.000001,2.75,9.429873706471419,NORMAL,5.0
zRYzhAEAHAABAAAKCRtcAAsAtwB1gBAQ,2020-08-20 16:26:37,0.19999999,-8.6,3.75,9.384162189348604,NORMAL,5.0
zRYzhAEAHAABAAAKCRtcAAsAtwB1gBAQ,2020-08-20 16:26:52,0.1000001,-8.400001,4.0,9.30430098502843,NORMAL,15.0
zRYzhAEAHAABAAAKCRtcAAsAtwB1gBAQ,2020-08-20 16:27:05,0.5000001,-8.600001,3.25,9.207199210400578,NORMAL,13.0
zRYzhAEAHAABAAAKCRtcAAsAtwB1gBAQ,2020-08-20 18:04:22,-0.4,-7.2000003,8.0,10.770329814819975,NORMAL,5837.0
zRYzhAEAHAABAAAKCRtcAAsAtwB1gBAQ,2020-08-20 18:04:27,0.4,-7.8,4.75,9.141252649391111,NORMAL,5.0
zRYzhAEAHAABAAAKCRtcAAsAtwB1gBAQ,2020-08-20 18:04:34,0.7,-8.8,2.75,9.24621544200653,NORMAL,7.0
zRYzhAEAHAABAAAKCRtcAAsAtwB1gBAQ,2020-08-20 18:04:39,1.2,-8.400001,3.5,9.178780790497232,NORMAL,5.0
zRYzhAEAHAABAAAKCRtcAAsAtwB1gBAQ,2020-08-20 18:04:50,0.39999998,-8.6,3.0,9.117017055155705,NORMAL,11.0
zRYzhAEAHAABAAAKCRtcAAsAtwB1gBAQ,2020-08-20 18:07:53,0.0,-8.400001,3.75,9.19904977701507,NORMAL,183.0
zRYzhAEAHAABAAAKCRtcAAsAtwB1gBAQ,2020-08-20 18:07:58,0.6,-8.6,3.5,9.304300081145277,NORMAL,5.0
zRYzhAEAHAABAAAKCRtcAAsAtwB1gBAQ,2020-08-20 18:08:09,-0.5,-7.4000006,4.0,8.426743670006841,NORMAL,11.0
zRYzhAEAHAABAAAKCRtcAAsAtwB1gBAQ,2020-08-20 18:08:14,7.4505806e-09,-8.200001,4.25,9.23593614096595,NORMAL,5.0
zRYzhAEAHAABAAAKCRtcAAsAtwB1gBAQ,2020-08-20 18:08:20,3.8,-4.0000005,1.0,5.607138664238672,NORMAL,6.0
zRYzhAEAHAABAAAKCRtcAAsAtwB1gBAQ,2020-08-20 18:08:49,1.8000001,-6.4000006,1.75,6.874773308262635,NORMAL,29.0
zRYzhAEAHAABAAAKCRtcAAsAtwB1gBAQ,2020-08-20 18:08:54,1.8000001,-6.4000006,1.75,6.874773308262635,NORMAL,5.0
zRYzhAEAHAABAAAKCRtcAAsAtwB1gBAQ,2020-08-20 18:09:01,0.6999999,-12.6,9.5,15.79556899449969,ABNORMAL,7.0
zRYzhAEAHAABAAAKCRtcAAsAtwB1gBAQ,2020-08-20 18:09:06,1.3000001,-8.200001,1.75,8.484840402741881,NORMAL,5.0
zRYzhAEAHAABAAAKCRtcAAsAtwB1gBAQ,2020-08-20 18:09:11,0.99999994,-9.0,5.0,10.344080426988182,NORMAL,5.0
zRYzhAEAHAABAAAKCRtcAAsAtwB1gBAQ,2020-08-20 18:09:16,2.6000001,-11.800001,2.5,12.338963656644792,NORMAL,5.0
zRYzhAEAHAABAAAKCRtcAAsAtwB1gBAQ,2020-08-20 18:09:21,2.3,-7.8,3.0,8.667756341753037,NORMAL,5.0
zRYzhAEAHAABAAAKCRtcAAsAtwB1gBAQ,2020-08-20 18:09:28,-0.5999999,-11.600001,2.75,11.936604336242405,NORMAL,7.0
zRYzhAEAHAABAAAKCRtcAAsAtwB1gBAQ,2020-08-20 18:09:33,-1.1000001,-8.400001,4.5,9.592706449172779,NORMAL,5.0
zRYzhAEAHAABAAAKCRtcAAsAtwB1gBAQ,2020-08-20 18:10:39,2.0000002,-8.000002,2.75,8.692671212004054,NORMAL,66.0
zRYzhAEAHAABAAAKCRtcAAsAtwB1gBAQ,2020-08-20 18:10:44,4.2,-7.8,0.0,8.85889383614004,NORMAL,5.0
zRYzhAEAHAABAAAKCRtcAAsAtwB1gBAQ,2020-08-20 18:10:59,0.9000002,-10.000002,2.0,10.237677488571519,NORMAL,15.0
zRYzhAEAHAABAAAKCRtcAAsAtwB1gBAQ,2020-08-20 18:11:51,0.69999975,-8.6,4.0,9.510520472087743,NORMAL,52.0
zRYzhAEAHAABAAAKCRtcAAsAtwB1gBAQ,2020-08-20 18:16:33,0.90000004,-8.0,4.25,9.103433422176492,NORMAL,282.0
zRYzhAEAHAABAAAKCRtcAAsAtwB1gBAQ,2020-08-20 18:17:43,0.6,-8.6,3.75,9.401196732331474,NORMAL,70.0
zRYzhAEAHAABAAAKCRtcAAsAtwB1gBAQ,2020-08-20 18:17:48,0.5,-8.2,3.0,8.74585616163449,NORMAL,5.0
zRYzhAEAHAABAAAKCRtcAAsAtwB1gBAQ,2020-08-20 18:17:53,1.0,-8.400001,4.0,9.357350949921724,NORMAL,5.0
zRYzhAEAHAABAAAKCRtcAAsAtwB1gBAQ,2020-08-20 18:18:05,2.8,-8.8,2.25,9.50486717424289,NORMAL,12.0
zRYzhAEAHAABAAAKCRtcAAsAtwB1gBAQ,2020-08-20 18:18:15,1.5999999,-7.4,3.25,8.239083667496041,NORMAL,10.0
zRYzhAEAHAABAAAKCRtcAAsAtwB1gBAQ,2020-08-20 18:18:20,-0.50000006,-9.0,4.0,9.861541464700132,NORMAL,5.0
zRYzhAEAHAABAAAKCRtcAAsAtwB1gBAQ,2020-08-20 18:18:25,1.3999999,-6.6,2.25,7.112137493046658,NORMAL,5.0
zRYzhAEAHAABAAAKCRtcAAsAtwB1gBAQ,2020-08-20 18:18:30,0.9,-8.4,3.75,9.242970301802337,NORMAL,5.0
zRYzhAEAHAABAAAKCRtcAAsAtwB1gBAQ,2020-08-20 18:18:35,1.2999998,-8.6,4.0,9.57340062255832,NORMAL,5.0
zRYzhAEAHAABAAAKCRtcAAsAtwB1gBAQ,2020-08-20 18:18:38,1.2999998,-8.6,4.0,9.57340062255832,NORMAL,3.0
zRYzhAEAHAABAAAKCRtcAAsAtwB1gBAQ,2020-08-20 18:18:42,-0.20000005,-9.799999,3.25,10.326784611872226,NORMAL,4.0
zRYzhAEAHAABAAAKCRtcAAsAtwB1gBAQ,2020-08-20 18:18:47,-0.40000018,-11.0,5.25,12.195183481358534,NORMAL,5.0
zRYzhAEAHAABAAAKCRtcAAsAtwB1gBAQ,2020-08-20 18:18:52,1.1999999,-8.4,4.25,9.490126435406433,NORMAL,5.0
zRYzhAEAHAABAAAKCRtcAAsAtwB1gBAQ,2020-08-20 18:18:57,2.1999998,-7.8,3.25,8.73169508858389,NORMAL,5.0
zRYzhAEAHAABAAAKCRtcAAsAtwB1gBAQ,2020-08-20 18:19:02,3.3,-12.799999,2.5,13.452879780924267,NORMAL,5.0
zRYzhAEAHAABAAAKCRtcAAsAtwB1gBAQ,2020-08-20 18:19:07,0.4999998,-8.6,3.75,9.395344581227452,NORMAL,5.0
zRYzhAEAHAABAAAKCRtcAAsAtwB1gBAQ,2020-08-20 18:19:12,1.0999999,-8.599999,3.25,9.259183688641293,NORMAL,5.0
zRYzhAEAHAABAAAKCRtcAAsAtwB1gBAQ,2020-08-20 18:19:38,-1.1000001,-8.0,4.0,9.011659126931068,NORMAL,26.0
zRYzhAEAHAABAAAKCRtcAAsAtwB1gBAQ,2020-08-20 18:19:43,0.09999981,-8.400001,4.0,9.304300981911593,NORMAL,5.0
zRYzhAEAHAABAAAKCRtcAAsAtwB1gBAQ,2020-08-20 18:20:24,0.9999999,-8.200001,4.25,9.289914757413063,NORMAL,41.0
zRYzhAEAHAABAAAKCRtcAAsAtwB1gBAQ,2020-08-20 18:20:34,0.69999987,-8.6,3.0,9.135097143325845,NORMAL,10.0
zRYzhAEAHAABAAAKCRtcAAsAtwB1gBAQ,2020-08-20 18:20:38,0.69999987,-8.6,3.0,9.135097143325845,NORMAL,4.0
zRYzhAEAHAABAAAKCRtcAAsAtwB1gBAQ,2020-08-20 18:20:40,0.6999998,-8.6,3.75,9.408108190279279,NORMAL,2.0
zRYzhAEAHAABAAAKCRtcAAsAtwB1gBAQ,2020-08-20 18:26:42,0.8,-8.6,5.0,9.979979959899719,NORMAL,362.0
zRYzhAEAHAABAAAKCRtcAAsAtwB1gBAQ,2020-08-20 18:26:47,-0.6,-7.8,4.75,9.152185531336217,NORMAL,5.0
zRYzhAEAHAABAAAKCRtcAAsAtwB1gBAQ,2020-08-20 18:26:55,0.7,-9.400001,3.5,10.054850511071807,NORMAL,8.0
zRYzhAEAHAABAAAKCRtcAAsAtwB1gBAQ,2020-08-20 18:27:29,1.0,-8.8,4.0,9.718024490605075,NORMAL,34.0
zRYzhAEAHAABAAAKCRtcAAsAtwB1gBAQ,2020-08-20 18:27:59,1.1,-8.200001,3.75,9.083640041305083,NORMAL,30.0
zRYzhAEAHAABAAAKCRtcAAsAtwB1gBAQ,2020-08-20 18:33:35,0.4,-9.0,4.25,9.961049141531227,NORMAL,336.0
zRYzhAEAHAABAAAKCRtcAAsAtwB1gBAQ,2020-08-20 18:34:56,2.0,-7.6,3.5,8.602906485601247,NORMAL,81.0
zRYzhAEAHAABAAAKCRtcAAsAtwB1gBAQ,2020-08-20 18:35:24,2.4,-7.4,2.0,8.032434251209281,NORMAL,28.0
zRYzhAEAHAABAAAKCRtcAAsAtwB1gBAQ,2020-08-20 18:35:29,0.59999996,-6.6,5.5,8.612200645131301,NORMAL,5.0
zRYzhAEAHAABAAAKCRtcAAsAtwB1gBAQ,2020-08-20 18:35:34,-0.49999994,-9.8,6.75,11.91018471477248,NORMAL,5.0
zRYzhAEAHAABAAAKCRtcAAsAtwB1gBAQ,2020-08-20 18:35:39,-1.9000001,-7.2,5.25,9.111119600795503,NORMAL,5.0
zRYzhAEAHAABAAAKCRtcAAsAtwB1gBAQ,2020-08-20 18:35:44,0.10000007,-9.400001,3.5,10.03095303617762,NORMAL,5.0
zRYzhAEAHAABAAAKCRtcAAsAtwB1gBAQ,2020-08-20 18:35:51,2.1,-8.2,1.5,8.596510920134982,NORMAL,7.0
zRYzhAEAHAABAAAKCRtcAAsAtwB1gBAQ,2020-08-20 18:35:53,2.1,-8.2,1.5,8.596510920134982,NORMAL,2.0
zRYzhAEAHAABAAAKCRtcAAsAtwB1gBAQ,2020-08-20 18:35:56,-3.5,-11.6,7.5,14.249912280431765,ABNORMAL,3.0
zRYzhAEAHAABAAAKCRtcAAsAtwB1gBAQ,2020-08-20 18:36:01,1.8,-6.7999997,3.75,7.97135471046171,NORMAL,5.0
zRYzhAEAHAABAAAKCRtcAAsAtwB1gBAQ,2020-08-20 18:36:06,3.1000001,-10.8,4.75,12.198872924168038,NORMAL,5.0
zRYzhAEAHAABAAAKCRtcAAsAtwB1gBAQ,2020-08-20 18:36:11,1.4,-6.6,0.5,6.765352910233139,NORMAL,5.0
zRYzhAEAHAABAAAKCRtcAAsAtwB1gBAQ,2020-08-20 18:36:16,-0.99999994,-10.0,7.0,12.247448709016911,NORMAL,5.0
zRYzhAEAHAABAAAKCRtcAAsAtwB1gBAQ,2020-08-20 18:37:58,0.49999997,-8.0,4.25,9.072623654158702,NORMAL,102.0
zRYzhAEAHAABAAAKCRtcAAsAtwB1gBAQ,2020-08-20 18:38:36,-0.099999934,-10.400001,4.75,11.43383228785524,NORMAL,38.0
zRYzhAEAHAABAAAKCRtcAAsAtwB1gBAQ,2020-08-20 18:38:46,-0.29999995,-11.000001,4.0,11.708544827176475,NORMAL,10.0
zRYzhAEAHAABAAAKCRtcAAsAtwB1gBAQ,2020-08-20 18:38:51,-0.20000003,-8.8,4.25,9.774584390755447,NORMAL,5.0
zRYzhAEAHAABAAAKCRtcAAsAtwB1gBAQ,2020-08-20 18:38:55,-0.20000003,-8.8,4.25,9.774584390755447,NORMAL,4.0
zRYzhAEAHAABAAAKCRtcAAsAtwB1gBAQ,2020-08-20 18:39:03,0.20000005,-8.2,3.75,9.019007707059574,NORMAL,8.0
zRYzhAEAHAABAAAKCRtcAAsAtwB1gBAQ,2020-08-20 18:39:08,0.49999997,-10.400002,5.0,11.550326470277973,NORMAL,5.0
zRYzhAEAHAABAAAKCRtcAAsAtwB1gBAQ,2020-08-20 18:39:13,0.70000005,-6.7999997,3.0,7.465252573757977,NORMAL,5.0
zRYzhAEAHAABAAAKCRtcAAsAtwB1gBAQ,2020-08-20 18:39:23,1.3,-9.2,2.5,9.621850133939937,NORMAL,10.0
zRYzhAEAHAABAAAKCRtcAAsAtwB1gBAQ,2020-08-20 18:39:28,1.7,-8.400002,2.25,8.86072985707182,NORMAL,5.0
zRYzhAEAHAABAAAKCRtcAAsAtwB1gBAQ,2020-08-20 18:39:33,1.9,-7.0,3.0,7.849203781276162,NORMAL,5.0
zRYzhAEAHAABAAAKCRtcAAsAtwB1gBAQ,2020-08-20 18:39:39,2.2,-8.800001,2.5,9.409039143291997,NORMAL,6.0
zRYzhAEAHAABAAAKCRtcAAsAtwB1gBAQ,2020-08-20 18:39:44,0.19999996,-9.0,4.75,10.178531327455843,NORMAL,5.0
zRYzhAEAHAABAAAKCRtcAAsAtwB1gBAQ,2020-08-20 18:39:49,1.0,-8.000001,3.25,8.692670245672556,NORMAL,5.0
zRYzhAEAHAABAAAKCRtcAAsAtwB1gBAQ,2020-08-20 18:39:54,0.7,-9.2,4.0,10.056341282991543,NORMAL,5.0
zRYzhAEAHAABAAAKCRtcAAsAtwB1gBAQ,2020-08-20 18:39:55,0.7,-9.2,4.0,10.056341282991543,NORMAL,1.0
zRYzhAEAHAABAAAKCRtcAAsAtwB1gBAQ,2020-08-20 18:40:04,2.3,-5.7999997,2.75,6.818540644448787,NORMAL,9.0
zRYzhAEAHAABAAAKCRtcAAsAtwB1gBAQ,2020-08-20 18:40:09,1.5,-8.800001,4.25,9.886987286327468,NORMAL,5.0
zRYzhAEAHAABAAAKCRtcAAsAtwB1gBAQ,2020-08-20 18:40:14,0.29999992,-7.9999995,5.0,9.438749490901868,NORMAL,5.0
zRYzhAEAHAABAAAKCRtcAAsAtwB1gBAQ,2020-08-20 18:40:24,0.99999994,-7.2000012,4.75,8.683462279528912,NORMAL,10.0
zRYzhAEAHAABAAAKCRtcAAsAtwB1gBAQ,2020-08-20 18:40:29,2.0,-7.5999994,2.75,8.326012904145678,NORMAL,5.0
zRYzhAEAHAABAAAKCRtcAAsAtwB1gBAQ,2020-08-20 18:40:34,-7.4505806e-08,-9.800001,4.25,10.681878093294316,NORMAL,5.0
zRYzhAEAHAABAAAKCRtcAAsAtwB1gBAQ,2020-08-20 18:40:39,0.19999997,-8.2,3.75,9.019007705285544,NORMAL,5.0
zRYzhAEAHAABAAAKCRtcAAsAtwB1gBAQ,2020-08-20 18:40:44,1.5,-6.800001,1.25,7.07478010965719,NORMAL,5.0
zRYzhAEAHAABAAAKCRtcAAsAtwB1gBAQ,2020-08-20 18:40:49,0.59999996,-8.0,3.5,8.752713862111568,NORMAL,5.0
zRYzhAEAHAABAAAKCRtcAAsAtwB1gBAQ,2020-08-20 18:40:54,1.0,-9.600001,3.5,10.266938160912483,NORMAL,5.0
zRYzhAEAHAABAAAKCRtcAAsAtwB1gBAQ,2020-08-20 18:40:55,1.0,-9.600001,3.5,10.266938160912483,NORMAL,1.0
zRYzhAEAHAABAAAKCRtcAAsAtwB1gBAQ,2020-08-20 18:40:59,-0.20000005,-10.0,4.25,10.867497412928149,NORMAL,4.0
zRYzhAEAHAABAAAKCRtcAAsAtwB1gBAQ,2020-08-20 18:41:04,-1.1,-8.200002,7.25,11.000569657976989,NORMAL,5.0
zRYzhAEAHAABAAAKCRtcAAsAtwB1gBAQ,2020-08-20 18:41:09,0.39999998,-8.4,2.5,8.77325481130008,NORMAL,5.0
zRYzhAEAHAABAAAKCRtcAAsAtwB1gBAQ,2020-08-20 18:41:14,-0.5,-8.000002,5.0,9.44722350746525,NORMAL,5.0
zRYzhAEAHAABAAAKCRtcAAsAtwB1gBAQ,2020-08-20 18:41:19,-0.20000003,-8.2,5.25,9.738711414350464,NORMAL,5.0
zRYzhAEAHAABAAAKCRtcAAsAtwB1gBAQ,2020-08-20 18:41:24,1.1,-7.600002,2.75,8.156747538081829,NORMAL,5.0
zRYzhAEAHAABAAAKCRtcAAsAtwB1gBAQ,2020-08-20 18:41:29,0.29999998,-8.8,4.5,9.888377014859415,NORMAL,5.0
zRYzhAEAHAABAAAKCRtcAAsAtwB1gBAQ,2020-08-20 18:41:34,0.3,-8.600002,3.5,9.28978118149206,NORMAL,5.0
zRYzhAEAHAABAAAKCRtcAAsAtwB1gBAQ,2020-08-20 18:41:55,0.9000001,-9.6,4.5,10.640488719039178,NORMAL,21.0
zRYzhAEAHAABAAAKCRtcAAsAtwB1gBAQ,2020-08-20 18:42:00,-0.20000006,-9.600002,5.5,11.06571454647209,NORMAL,5.0
zRYzhAEAHAABAAAKCRtcAAsAtwB1gBAQ,2020-08-20 18:42:10,0.09999994,-9.000002,4.25,9.953518774182525,NORMAL,10.0
zRYzhAEAHAABAAAKCRtcAAsAtwB1gBAQ,2020-08-20 18:42:15,1.5000001,-8.6,3.5,9.405317660770422,NORMAL,5.0
zRYzhAEAHAABAAAKCRtcAAsAtwB1gBAQ,2020-08-20 18:42:25,0.79999995,-8.600002,2.0,8.865666039277817,NORMAL,10.0
zRYzhAEAHAABAAAKCRtcAAsAtwB1gBAQ,2020-08-20 18:42:30,1.2000002,-7.0000005,2.25,7.450000502013425,NORMAL,5.0
zRYzhAEAHAABAAAKCRtcAAsAtwB1gBAQ,2020-08-20 18:42:35,1.5,-9.600002,4.5,10.707942771606692,NORMAL,5.0
zRYzhAEAHAABAAAKCRtcAAsAtwB1gBAQ,2020-08-20 18:42:40,0.8000002,-9.400001,4.75,10.562315992243416,NORMAL,5.0
zRYzhAEAHAABAAAKCRtcAAsAtwB1gBAQ,2020-08-20 18:42:55,1.6,-8.400001,3.25,9.147814864764207,NORMAL,15.0
zRYzhAEAHAABAAAKCRtcAAsAtwB1gBAQ,2020-08-20 18:43:10,2.9,-8.000003,2.75,8.942737164873458,NORMAL,15.0
zRYzhAEAHAABAAAKCRtcAAsAtwB1gBAQ,2020-08-20 18:43:20,1.4000002,-8.800003,3.0,9.40213025649023,NORMAL,10.0
zRYzhAEAHAABAAAKCRtcAAsAtwB1gBAQ,2020-08-20 18:43:25,1.8000001,-8.4,3.25,9.184906116014469,NORMAL,5.0
zRYzhAEAHAABAAAKCRtcAAsAtwB1gBAQ,2020-08-20 18:43:30,-0.49999982,-9.000003,4.5,10.074723510846788,NORMAL,5.0
zRYzhAEAHAABAAAKCRtcAAsAtwB1gBAQ,2020-08-20 18:43:35,4.4703484e-08,-8.799999,3.5,9.470479523234344,NORMAL,5.0
zRYzhAEAHAABAAAKCRtcAAsAtwB1gBAQ,2020-08-20 18:43:40,0.9000002,-7.600003,3.25,8.31459836432338,NORMAL,5.0
zRYzhAEAHAABAAAKCRtcAAsAtwB1gBAQ,2020-08-20 18:43:50,0.1000002,-7.2000027,4.0,8.237113506563286,NORMAL,10.0
zRYzhAEAHAABAAAKCRtcAAsAtwB1gBAQ,2020-08-20 18:43:55,0.20000002,-9.599999,3.5,10.220077338650672,NORMAL,5.0
zRYzhAEAHAABAAAKCRtcAAsAtwB1gBAQ,2020-08-20 18:43:56,0.20000002,-9.599999,3.5,10.220077338650672,NORMAL,1.0
zRYzhAEAHAABAAAKCRtcAAsAtwB1gBAQ,2020-08-20 18:44:05,-0.29999998,-8.599999,3.5,9.289778403600433,NORMAL,9.0
zRYzhAEAHAABAAAKCRtcAAsAtwB1gBAQ,2020-08-20 18:44:21,-0.8,-8.4,3.25,9.042261885170104,NORMAL,16.0
zRYzhAEAHAABAAAKCRtcAAsAtwB1gBAQ,2020-08-20 18:44:26,-0.5999998,-8.4000025,3.5,9.119761058273745,NORMAL,5.0
zRYzhAEAHAABAAAKCRtcAAsAtwB1gBAQ,2020-08-20 18:44:36,1.3000002,-7.9999995,2.5,8.481744662509023,NORMAL,10.0
zRYzhAEAHAABAAAKCRtcAAsAtwB1gBAQ,2020-08-20 18:44:41,0.100000024,-9.000003,3.5,9.657124520518982,NORMAL,5.0
zRYzhAEAHAABAAAKCRtcAAsAtwB1gBAQ,2020-08-20 18:44:46,-2.1,-9.2,7.75,12.211162925782293,NORMAL,5.0
zRYzhAEAHAABAAAKCRtcAAsAtwB1gBAQ,2020-08-20 18:44:51,-1.4,-9.800003,5.75,11.448255709932802,NORMAL,5.0
zRYzhAEAHAABAAAKCRtcAAsAtwB1gBAQ,2020-08-20 18:44:56,-1.4,-9.800003,5.75,11.448255709932802,NORMAL,5.0
zRYzhAEAHAABAAAKCRtcAAsAtwB1gBAQ,2020-08-20 18:44:58,1.2000002,-9.4,3.0,9.939818935976653,NORMAL,2.0
zRYzhAEAHAABAAAKCRtcAAsAtwB1gBAQ,2020-08-20 18:45:05,-1.6,-9.000003,5.5,10.668179507301561,NORMAL,7.0
zRYzhAEAHAABAAAKCRtcAAsAtwB1gBAQ,2020-08-20 18:45:15,0.1,-6.800003,2.75,7.335703156481252,NORMAL,10.0
zRYzhAEAHAABAAAKCRtcAAsAtwB1gBAQ,2020-08-20 18:45:20,0.40000015,-8.0,3.5,8.741281377464063,NORMAL,5.0
zRYzhAEAHAABAAAKCRtcAAsAtwB1gBAQ,2020-08-20 18:45:25,0.5,-8.200003,3.0,8.745858974395198,NORMAL,5.0
zRYzhAEAHAABAAAKCRtcAAsAtwB1gBAQ,2020-08-20 18:45:30,-1.2999998,-8.4,4.25,9.503288877015159,NORMAL,5.0
zRYzhAEAHAABAAAKCRtcAAsAtwB1gBAQ,2020-08-20 18:45:35,-0.8,-8.800003,3.75,9.599091248655208,NORMAL,5.0
zRYzhAEAHAABAAAKCRtcAAsAtwB1gBAQ,2020-08-20 18:45:55,-0.1,-10.400003,4.0,11.14316213648572,NORMAL,20.0
zRYzhAEAHAABAAAKCRtcAAsAtwB1gBAQ,2020-08-20 18:45:56,-0.1,-10.400003,4.0,11.14316213648572,NORMAL,1.0
zRYzhAEAHAABAAAKCRtcAAsAtwB1gBAQ,2020-08-20 18:46:00,0.5000002,-7.3999996,4.0,8.426742803717234,NORMAL,4.0
zRYzhAEAHAABAAAKCRtcAAsAtwB1gBAQ,2020-08-20 18:46:05,1.1,-8.400003,2.25,8.765417867963226,NORMAL,5.0
zRYzhAEAHAABAAAKCRtcAAsAtwB1gBAQ,2020-08-20 18:46:10,-2.6999998,-12.599999,4.5,13.649174836597304,NORMAL,5.0
zRYzhAEAHAABAAAKCRtcAAsAtwB1gBAQ,2020-08-20 18:46:20,1.0000002,-9.2,4.75,10.402043087778479,NORMAL,10.0
zRYzhAEAHAABAAAKCRtcAAsAtwB1gBAQ,2020-08-20 18:46:25,-4.4703484e-08,-8.400003,3.0,8.919644073616896,NORMAL,5.0
zRYzhAEAHAABAAAKCRtcAAsAtwB1gBAQ,2020-08-20 18:46:35,0.9,-7.7999997,3.25,8.497793555976756,NORMAL,10.0
zRYzhAEAHAABAAAKCRtcAAsAtwB1gBAQ,2020-08-20 18:46:40,0.60000026,-8.800003,3.25,9.40013580284929,NORMAL,5.0
zRYzhAEAHAABAAAKCRtcAAsAtwB1gBAQ,2020-08-20 18:46:56,0.40000027,-8.599999,3.25,9.202308569918804,NORMAL,16.0
zRYzhAEAHAABAAAKCRtcAAsAtwB1gBAQ,2020-08-20 20:05:44,0.6,-8.6,3.5,9.304300081145277,NORMAL,4728.0
zRYzhAEAHAABAAAKCRtcAAsAtwB1gBAQ,2020-08-20 20:05:49,0.5,-8.6,3.75,9.395344591871018,NORMAL,5.0
zRYzhAEAHAABAAAKCRtcAAsAtwB1gBAQ,2020-08-20 20:06:04,0.8,-8.200001,3.5,8.951537097057745,NORMAL,15.0
zRYzhAEAHAABAAAKCRtcAAsAtwB1gBAQ,2020-08-20 20:06:22,0.29999998,-8.400001,2.75,8.843784076287763,NORMAL,18.0
zRYzhAEAHAABAAAKCRtcAAsAtwB1gBAQ,2020-08-20 20:06:55,0.9,-7.600001,4.0,8.635393169972112,NORMAL,33.0
zRYzhAEAHAABAAAKCRtcAAsAtwB1gBAQ,2020-08-20 20:07:00,-2.2351742e-08,-7.6000004,4.0,8.588364575400846,NORMAL,5.0
zRYzhAEAHAABAAAKCRtcAAsAtwB1gBAQ,2020-08-20 20:07:13,0.39999998,-7.2000003,0.0,7.211102849356685,NORMAL,13.0
zRYzhAEAHAABAAAKCRtcAAsAtwB1gBAQ,2020-08-20 20:07:18,-1.0000001,-13.8,2.75,14.106824596626984,ABNORMAL,5.0
zRYzhAEAHAABAAAKCRtcAAsAtwB1gBAQ,2020-08-20 20:07:23,3.3,-8.8,2.0,9.608850087289323,NORMAL,5.0
zRYzhAEAHAABAAAKCRtcAAsAtwB1gBAQ,2020-08-20 20:07:28,-1.4000001,-11.2,5.75,12.66737937696665,NORMAL,5.0
zRYzhAEAHAABAAAKCRtcAAsAtwB1gBAQ,2020-08-20 20:07:33,0.99999994,-11.2,2.5,11.519114544095826,NORMAL,5.0
zRYzhAEAHAABAAAKCRtcAAsAtwB1gBAQ,2020-08-20 20:07:38,-0.9000001,0.20000036,4.25,4.348850460064146,NORMAL,5.0
zRYzhAEAHAABAAAKCRtcAAsAtwB1gBAQ,2020-08-20 20:07:48,2.3999999,-5.9999995,0.0,6.462197267183993,NORMAL,10.0
zRYzhAEAHAABAAAKCRtcAAsAtwB1gBAQ,2020-08-20 20:07:50,2.3999999,-5.9999995,0.0,6.462197267183993,NORMAL,2.0
zRYzhAEAHAABAAAKCRtcAAsAtwB1gBAQ,2020-08-20 20:07:55,0.2999999,-7.2,5.75,9.219137700457674,NORMAL,5.0
zRYzhAEAHAABAAAKCRtcAAsAtwB1gBAQ,2020-08-20 20:08:00,1.8999999,-3.1999996,3.0,4.780167053566243,NORMAL,5.0
zRYzhAEAHAABAAAKCRtcAAsAtwB1gBAQ,2020-08-20 20:08:05,-2.1000001,-8.8,8.75,12.586202780028614,NORMAL,5.0
zRYzhAEAHAABAAAKCRtcAAsAtwB1gBAQ,2020-08-20 20:08:10,0.79999983,-7.5999994,3.5,8.40535487698172,NORMAL,5.0
zRYzhAEAHAABAAAKCRtcAAsAtwB1gBAQ,2020-08-20 20:08:25,0.19999996,-10.999999,3.0,11.403507266801782,NORMAL,15.0
zRYzhAEAHAABAAAKCRtcAAsAtwB1gBAQ,2020-08-20 20:08:30,-1.6000003,-7.0,8.0,10.749883764953,NORMAL,5.0
zRYzhAEAHAABAAAKCRtcAAsAtwB1gBAQ,2020-08-20 20:08:35,0.79999995,-8.799999,3.25,9.415013665417645,NORMAL,5.0
zRYzhAEAHAABAAAKCRtcAAsAtwB1gBAQ,2020-08-20 20:08:41,0.5999998,-9.6,3.75,10.323880072918323,NORMAL,6.0
zRYzhAEAHAABAAAKCRtcAAsAtwB1gBAQ,2020-08-20 20:08:46,0.99999994,-8.199999,4.25,9.289912996363368,NORMAL,5.0
zRYzhAEAHAABAAAKCRtcAAsAtwB1gBAQ,2020-08-20 20:08:50,0.99999994,-8.199999,4.25,9.289912996363368,NORMAL,4.0
zRYzhAEAHAABAAAKCRtcAAsAtwB1gBAQ,2020-08-20 20:08:53,-1.9000002,-9.0,6.0,10.98225845443459,NORMAL,3.0
zRYzhAEAHAABAAAKCRtcAAsAtwB1gBAQ,2020-08-20 20:08:58,1.0999999,-6.7999988,2.5,7.328027255680853,NORMAL,5.0
zRYzhAEAHAABAAAKCRtcAAsAtwB1gBAQ,2020-08-20 20:09:22,3.6,-4.8000007,0.75,6.046693866899538,NORMAL,24.0
zRYzhAEAHAABAAAKCRtcAAsAtwB1gBAQ,2020-08-20 20:09:50,3.6,-4.8000007,0.75,6.046693866899538,NORMAL,28.0
zRYzhAEAHAABAAAKCRtcAAsAtwB1gBAQ,2020-08-20 20:09:53,-2.1000001,-5.599999,7.75,9.78940699021146,NORMAL,3.0
zRYzhAEAHAABAAAKCRtcAAsAtwB1gBAQ,2020-08-20 20:09:58,-1.7000002,-9.400001,2.5,9.874209815473895,NORMAL,5.0
zRYzhAEAHAABAAAKCRtcAAsAtwB1gBAQ,2020-08-20 20:10:03,-0.30000013,-6.199999,6.0,8.633075215588072,NORMAL,5.0
zRYzhAEAHAABAAAKCRtcAAsAtwB1gBAQ,2020-08-20 20:10:08,5.2999997,-7.200001,-1.75,9.110022569675724,NORMAL,5.0
zRYzhAEAHAABAAAKCRtcAAsAtwB1gBAQ,2020-08-20 20:10:13,-3.7000003,-8.399999,3.5,9.823440610091817,NORMAL,5.0
zRYzhAEAHAABAAAKCRtcAAsAtwB1gBAQ,2020-08-20 20:10:19,0.39999965,-3.6000006,5.25,6.378283784843732,NORMAL,6.0
zRYzhAEAHAABAAAKCRtcAAsAtwB1gBAQ,2020-08-20 20:10:24,3.1999998,-13.799998,3.25,14.534181900609475,ABNORMAL,5.0
zRYzhAEAHAABAAAKCRtcAAsAtwB1gBAQ,2020-08-20 20:10:29,4.1,-9.400001,1.0,10.303883675585677,NORMAL,5.0
zRYzhAEAHAABAAAKCRtcAAsAtwB1gBAQ,2020-08-20 20:10:34,2.2999997,-3.5999982,3.75,5.684407239106232,NORMAL,5.0
zRYzhAEAHAABAAAKCRtcAAsAtwB1gBAQ,2020-08-20 20:10:39,1.3999999,-10.6,7.5,13.060245009952915,NORMAL,5.0
zRYzhAEAHAABAAAKCRtcAAsAtwB1gBAQ,2020-08-20 20:10:44,-1.9000003,-9.599998,8.25,12.799705572395174,NORMAL,5.0
zRYzhAEAHAABAAAKCRtcAAsAtwB1gBAQ,2020-08-20 20:10:49,-0.40000015,-8.400001,6.0,10.330538075047254,NORMAL,5.0
zRYzhAEAHAABAAAKCRtcAAsAtwB1gBAQ,2020-08-20 20:10:50,-0.40000015,-8.400001,6.0,10.330538075047254,NORMAL,1.0
zRYzhAEAHAABAAAKCRtcAAsAtwB1gBAQ,2020-08-20 20:10:55,0.099999696,-14.599998,10.25,17.83907064673505,ABNORMAL,5.0
zRYzhAEAHAABAAAKCRtcAAsAtwB1gBAQ,2020-08-20 20:11:00,-2.0000002,-9.200001,4.75,10.545260508873218,NORMAL,5.0
zRYzhAEAHAABAAAKCRtcAAsAtwB1gBAQ,2020-08-20 20:11:05,1.2999997,-6.399998,3.0,7.1867916082215775,NORMAL,5.0
zRYzhAEAHAABAAAKCRtcAAsAtwB1gBAQ,2020-08-20 20:11:10,0.79999983,-8.6,4.25,9.626136282434404,NORMAL,5.0
zRYzhAEAHAABAAAKCRtcAAsAtwB1gBAQ,2020-08-20 20:11:15,-3.054738e-07,-8.599998,4.25,9.59283407549636,NORMAL,5.0
zRYzhAEAHAABAAAKCRtcAAsAtwB1gBAQ,2020-08-20 20:11:50,1.5999999,-8.599998,2.5,9.09780002418189,NORMAL,35.0
zRYzhAEAHAABAAAKCRtcAAsAtwB1gBAQ,2020-08-20 20:11:51,1.5999999,-8.599998,2.5,9.09780002418189,NORMAL,1.0
zRYzhAEAHAABAAAKCRtcAAsAtwB1gBAQ,2020-08-20 20:12:00,0.9999999,-8.6,3.25,9.247837574265674,NORMAL,9.0
zRYzhAEAHAABAAAKCRtcAAsAtwB1gBAQ,2020-08-20 20:12:51,0.19999978,-8.999998,3.5,9.658672989184593,NORMAL,51.0
zRYzhAEAHAABAAAKCRtcAAsAtwB1gBAQ,2020-08-20 20:13:11,1.1999999,-8.2,3.0,8.813625800997,NORMAL,20.0
zRYzhAEAHAABAAAKCRtcAAsAtwB1gBAQ,2020-08-20 20:13:16,0.6999998,-9.399998,3.5,10.054847692531402,NORMAL,5.0
zRYzhAEAHAABAAAKCRtcAAsAtwB1gBAQ,2020-08-20 20:33:30,0.1,-9.0,3.25,9.569352120180342,NORMAL,1214.0
zRYzhAEAHAABAAAKCRtcAAsAtwB1gBAQ,2020-08-20 20:33:35,0.5,-8.2,3.75,9.03064228059112,NORMAL,5.0
zRYzhAEAHAABAAAKCRtcAAsAtwB1gBAQ,2020-08-20 20:33:42,-0.4,-9.4,5.25,10.77415889988634,NORMAL,7.0
zRYzhAEAHAABAAAKCRtcAAsAtwB1gBAQ,2020-08-20 20:33:47,-7.4505806e-09,-8.0,4.25,9.058835465996719,NORMAL,5.0
zRYzhAEAHAABAAAKCRtcAAsAtwB1gBAQ,2020-08-20 20:33:57,0.19999999,-8.4,3.5,9.10219753663916,NORMAL,10.0
zRYzhAEAHAABAAAKCRtcAAsAtwB1gBAQ,2020-08-20 20:34:16,-0.20000002,-7.9999995,3.25,8.637273412831172,NORMAL,19.0
zRYzhAEAHAABAAAKCRtcAAsAtwB1gBAQ,2020-08-20 20:34:45,0.3,-7.799999,2.25,8.12357583826242,NORMAL,29.0
zRYzhAEAHAABAAAKCRtcAAsAtwB1gBAQ,2020-08-20 20:34:50,0.19999999,-8.2,3.75,9.01900770572905,NORMAL,5.0
zRYzhAEAHAABAAAKCRtcAAsAtwB1gBAQ,2020-08-20 20:34:55,0.70000005,-8.4,3.75,9.22564361277846,NORMAL,5.0
zRYzhAEAHAABAAAKCRtcAAsAtwB1gBAQ,2020-08-20 20:35:07,0.90000004,-8.599999,2.75,9.073724862039901,NORMAL,12.0
zRYzhAEAHAABAAAKCRtcAAsAtwB1gBAQ,2020-08-20 20:35:12,1.7,-8.599999,2.75,9.187626614093599,NORMAL,5.0
zRYzhAEAHAABAAAKCRtcAAsAtwB1gBAQ,2020-08-20 20:35:40,0.8,-8.599999,3.75,9.416075764351145,NORMAL,28.0
zRYzhAEAHAABAAAKCRtcAAsAGAB0gBAQ,2020-08-21 14:27:19,0.1,-9.0,3.25,9.569352120180342,NORMAL,64299.0
zRYzhAEAHAABAAAKCRtcAAsAGAB0gBAQ,2020-08-21 14:37:20,-0.4,-9.5,5.0,10.742904635153382,NORMAL,601.0
zRYzhAEAHAABAAAKCRtcAAsAGAB0gBAQ,2020-08-21 14:37:25,1.6,-9.25,1.75,9.549083725677558,NORMAL,5.0
zRYzhAEAHAABAAAKCRtcAAsAGAB0gBAQ,2020-08-21 14:37:32,1.3000001,-9.25,0.0,9.34090468102528,NORMAL,7.0
zRYzhAEAHAABAAAKCRtcAAsAGAB0gBAQ,2020-08-21 14:37:37,2.1000001,-8.0,2.0,8.509406584480496,NORMAL,5.0
zRYzhAEAHAABAAAKCRtcAAsAGAB0gBAQ,2020-08-21 14:37:46,1.6000001,-8.75,3.0,9.387358537948788,NORMAL,9.0
zRYzhAEAHAABAAAKCRtcAAsAGAB0gBAQ,2020-08-21 14:38:20,-0.29999995,-8.75,4.75,9.960672666542155,NORMAL,34.0
zRYzhAEAHAABAAAKCRtcAAsAGAB0gBAQ,2020-08-21 14:38:26,-0.8999999,-9.5,4.25,10.446171538894047,NORMAL,6.0
zRYzhAEAHAABAAAKCRtcAAsAGAB0gBAQ,2020-08-21 14:38:31,-1.0999999,-9.5,5.0,10.791663438969916,NORMAL,5.0
zRYzhAEAHAABAAAKCRtcAAsAGAB0gBAQ,2020-08-21 14:38:46,9.685755e-08,-8.5,1.75,8.678277478854891,NORMAL,15.0
zRYzhAEAHAABAAAKCRtcAAsAGAB0gBAQ,2020-08-21 14:38:51,0.40000013,-8.5,3.5,9.201086897970262,NORMAL,5.0
zRYzhAEAHAABAAAKCRtcAAsAGAB0gBAQ,2020-08-21 14:39:02,-1.1999999,-8.0,8.0,11.377170112114875,NORMAL,11.0
zRYzhAEAHAABAAAKCRtcAAsAGAB0gBAQ,2020-08-21 14:39:17,-1.9,-10.25,5.25,11.671974982838167,NORMAL,15.0
zRYzhAEAHAABAAAKCRtcAAsAGAB0gBAQ,2020-08-21 14:39:20,-1.9,-10.25,5.25,11.671974982838167,NORMAL,3.0
zRYzhAEAHAABAAAKCRtcAAsAGAB0gBAQ,2020-08-21 14:39:42,0.20000005,-10.0,0.25,10.005123688390864,NORMAL,22.0
zRYzhAEAHAABAAAKCRtcAAsAGAB0gBAQ,2020-08-21 14:39:49,0.6,-9.75,3.0,10.21873279815066,NORMAL,7.0
zRYzhAEAHAABAAAKCRtcAAsAGAB0gBAQ,2020-08-21 14:39:55,-2.2,-10.0,3.25,10.742555561876326,NORMAL,6.0
zRYzhAEAHAABAAAKCRtcAAsAGAB0gBAQ,2020-08-21 14:40:31,-0.40000004,-9.75,4.0,10.546207850786935,NORMAL,36.0
zRYzhAEAHAABAAAKCRtcAAsAGAB0gBAQ,2020-08-21 14:40:36,1.7,-9.0,0.75,9.189804132842005,NORMAL,5.0
zRYzhAEAHAABAAAKCRtcAAsAGAB0gBAQ,2020-08-21 14:40:41,-2.9802322e-08,-8.25,3.25,8.8670739254841,NORMAL,5.0
zRYzhAEAHAABAAAKCRtcAAsAGAB0gBAQ,2020-08-21 14:40:46,-2.0,-10.5,5.5,12.020815280171307,NORMAL,5.0
zRYzhAEAHAABAAAKCRtcAAsAGAB0gBAQ,2020-08-21 14:40:53,-0.20000003,-9.75,4.5,10.74022811731669,NORMAL,7.0
zRYzhAEAHAABAAAKCRtcAAsAGAB0gBAQ,2020-08-21 14:40:58,-1.2,-7.25,5.0,8.888335052190596,NORMAL,5.0
zRYzhAEAHAABAAAKCRtcAAsAGAB0gBAQ,2020-08-21 14:41:09,-1.1,-9.5,7.5,12.153600289626114,NORMAL,11.0
zRYzhAEAHAABAAAKCRtcAAsAGAB0gBAQ,2020-08-21 14:41:14,0.09999997,-10.0,4.0,10.770793842331214,NORMAL,5.0
zRYzhAEAHAABAAAKCRtcAAsAGAB0gBAQ,2020-08-21 14:41:19,1.4,-9.25,3.75,10.078938436164792,NORMAL,5.0
zRYzhAEAHAABAAAKCRtcAAsAGAB0gBAQ,2020-08-21 14:41:21,1.4,-9.25,3.75,10.078938436164792,NORMAL,2.0
zRYzhAEAHAABAAAKCRtcAAsAGAB0gBAQ,2020-08-21 14:41:25,-1.7,-9.25,3.25,9.950628120877596,NORMAL,4.0
zRYzhAEAHAABAAAKCRtcAAsAGAB0gBAQ,2020-08-21 14:41:35,-0.8,-9.75,5.0,10.986468950486321,NORMAL,10.0
zRYzhAEAHAABAAAKCRtcAAsAGAB0gBAQ,2020-08-21 14:41:40,1.4000001,-8.75,3.5,9.527460326865707,NORMAL,5.0
zRYzhAEAHAABAAAKCRtcAAsAGAB0gBAQ,2020-08-21 14:41:51,0.3,-9.25,4.5,10.290894033076038,NORMAL,11.0
zRYzhAEAHAABAAAKCRtcAAsAGAB0gBAQ,2020-08-21 14:42:01,1.4,-8.0,1.5,8.258934555982387,NORMAL,10.0
zRYzhAEAHAABAAAKCRtcAAsAGAB0gBAQ,2020-08-21 14:42:06,1.8000001,-8.5,3.0,9.19184423062097,NORMAL,5.0
zRYzhAEAHAABAAAKCRtcAAsAGAB0gBAQ,2020-08-21 14:42:11,-0.8000001,-7.5,2.25,7.870991053228304,NORMAL,5.0
zRYzhAEAHAABAAAKCRtcAAsAGAB0gBAQ,2020-08-21 14:42:16,1.2,-11.0,1.25,11.135640978408023,NORMAL,5.0
zRYzhAEAHAABAAAKCRtcAAsAGAB0gBAQ,2020-08-21 14:42:21,1.2,-11.0,1.25,11.135640978408023,NORMAL,5.0
zRYzhAEAHAABAAAKCRtcAAsAGAB0gBAQ,2020-08-21 14:42:23,-1.8000001,-9.5,0.5,9.681941972559018,NORMAL,2.0
zRYzhAEAHAABAAAKCRtcAAsAGAB0gBAQ,2020-08-21 14:42:28,0.8000001,-12.0,-0.5,12.037026217467503,NORMAL,5.0
zRYzhAEAHAABAAAKCRtcAAsAGAB0gBAQ,2020-08-21 14:42:33,-1.1,-9.75,3.0,10.260238788644248,NORMAL,5.0
zRYzhAEAHAABAAAKCRtcAAsAGAB0gBAQ,2020-08-21 14:42:38,-0.29999995,-8.75,2.75,9.17687310416789,NORMAL,5.0
zRYzhAEAHAABAAAKCRtcAAsAGAB0gBAQ,2020-08-21 14:42:43,-0.20000002,-9.25,3.25,9.80637547761659,NORMAL,5.0
zRYzhAEAHAABAAAKCRtcAAsAGAB0gBAQ,2020-08-21 14:42:48,-1.1999999,-7.5,3.25,8.261507111901556,NORMAL,5.0
zRYzhAEAHAABAAAKCRtcAAsAGAB0gBAQ,2020-08-21 14:42:53,2.0,-8.25,-0.25,8.492643875731515,NORMAL,5.0
zRYzhAEAHAABAAAKCRtcAAsAGAB0gBAQ,2020-08-21 14:42:58,0.5000001,-9.5,6.5,11.521718626142544,NORMAL,5.0
zRYzhAEAHAABAAAKCRtcAAsAGAB0gBAQ,2020-08-21 14:43:03,-0.50000006,-8.75,5.5,10.347101046186802,NORMAL,5.0
zRYzhAEAHAABAAAKCRtcAAsAGAB0gBAQ,2020-08-21 14:43:08,-1.0999999,-7.0,4.75,8.530679913113609,NORMAL,5.0
zRYzhAEAHAABAAAKCRtcAAsAGAB0gBAQ,2020-08-21 14:43:18,0.7000001,-10.0,1.5,10.136074197636875,NORMAL,10.0
zRYzhAEAHAABAAAKCRtcAAsAGAB0gBAQ,2020-08-21 14:43:21,0.7000001,-10.0,1.5,10.136074197636875,NORMAL,3.0
zRYzhAEAHAABAAAKCRtcAAsAGAB0gBAQ,2020-08-21 14:43:23,2.6,-8.5,-1.75,9.059387396507558,NORMAL,2.0
zRYzhAEAHAABAAAKCRtcAAsAGAB0gBAQ,2020-08-21 14:43:28,-0.5999999,-9.75,5.25,11.089860228154366,NORMAL,5.0
zRYzhAEAHAABAAAKCRtcAAsAGAB0gBAQ,2020-08-21 14:43:33,-0.100000136,-7.0,4.0,8.06287789980724,NORMAL,5.0
zRYzhAEAHAABAAAKCRtcAAsAGAB0gBAQ,2020-08-21 14:43:44,-1.1999999,-10.25,7.0,12.470064144181457,NORMAL,11.0
zRYzhAEAHAABAAAKCRtcAAsAGAB0gBAQ,2020-08-21 14:43:49,1.4999999,-10.5,2.0,10.79351655856422,NORMAL,5.0
zRYzhAEAHAABAAAKCRtcAAsAGAB0gBAQ,2020-08-21 14:43:54,1.4000001,-9.0,1.5,9.230926295881687,NORMAL,5.0
zRYzhAEAHAABAAAKCRtcAAsAGAB0gBAQ,2020-08-21 14:44:13,-0.100000136,-9.25,3.75,9.981733317776028,NORMAL,19.0
zRYzhAEAHAABAAAKCRtcAAsAGAB0gBAQ,2020-08-21 14:44:41,-0.09999991,-8.75,3.75,9.520241592627784,NORMAL,28.0
zRYzhAEAHAABAAAKCRtcAAsAGAB0gBAQ,2020-08-21 14:44:58,0.20000009,-8.5,4.5,9.619771308924138,NORMAL,17.0
zRYzhAEAHAABAAAKCRtcAAsAGAB0gBAQ,2020-08-21 14:45:03,-0.100000136,-9.75,5.25,11.074068810839131,NORMAL,5.0
zRYzhAEAHAABAAAKCRtcAAsAGAB0gBAQ,2020-08-21 14:45:13,-1.4000001,-8.75,7.5,11.609155881458394,NORMAL,10.0
zRYzhAEAHAABAAAKCRtcAAsAGAB0gBAQ,2020-08-21 14:45:23,-7.4505806e-08,-9.0,5.25,10.419332992087353,NORMAL,10.0
zRYzhAEAHAABAAAKCRtcAAsAGAB0gBAQ,2020-08-21 14:45:34,-0.79999995,-8.5,5.0,9.893937533661713,NORMAL,11.0
zRYzhAEAHAABAAAKCRtcAAsAGAB0gBAQ,2020-08-21 14:45:36,-0.79999995,-8.5,5.0,9.893937533661713,NORMAL,2.0
zRYzhAEAHAABAAAKCRtcAAsAGAB0gBAQ,2020-08-21 14:45:46,-1.2,-8.75,5.25,10.274482955360819,NORMAL,10.0
zRYzhAEAHAABAAAKCRtcAAsAGAB0gBAQ,2020-08-21 14:45:51,-0.39999995,-9.0,4.0,9.856977222252267,NORMAL,5.0
zRYzhAEAHAABAAAKCRtcAAsAGAB0gBAQ,2020-08-21 14:46:01,-0.59999996,-9.75,4.25,10.652933865935712,NORMAL,10.0
zRYzhAEAHAABAAAKCRtcAAsAGAB0gBAQ,2020-08-21 14:46:06,0.099999964,-8.25,2.75,8.696838505618004,NORMAL,5.0
zRYzhAEAHAABAAAKCRtcAAsAGAB0gBAQ,2020-08-21 14:46:16,2.0,-9.5,3.0,10.161200716450788,NORMAL,10.0
zRYzhAEAHAABAAAKCRtcAAsAGAB0gBAQ,2020-08-21 14:46:21,-1.3,-9.25,5.5,10.839857010127025,NORMAL,5.0
zRYzhAEAHAABAAAKCRtcAAsAGAB0gBAQ,2020-08-21 14:46:36,0.29999998,-8.75,3.75,9.524442240257432,NORMAL,15.0
zRYzhAEAHAABAAAKCRtcAAsAGAB0gBAQ,2020-08-21 15:06:49,0.0,-8.75,3.5,9.424038412485382,NORMAL,1213.0
zRYzhAEAHAABAAAKCRtcAAsAGAB0gBAQ,2020-08-21 15:12:20,0.2,-8.75,4.25,9.729594030585243,NORMAL,331.0
zRYzhAEAHAABAAAKCRtcAAsAGAB0gBAQ,2020-08-21 15:12:25,-0.90000004,-8.25,5.25,9.820132385665685,NORMAL,5.0
zRYzhAEAHAABAAAKCRtcAAsAGAB0gBAQ,2020-08-21 15:13:05,-0.49999997,-9.25,3.0,9.737171045534735,NORMAL,40.0
zRYzhAEAHAABAAAKCRtcAAsAGAB0gBAQ,2020-08-21 15:13:34,-0.20000002,-8.75,5.75,10.472105805806205,NORMAL,29.0
zRYzhAEAHAABAAAKCRtcAAsAGAB0gBAQ,2020-08-21 15:13:41,0.50000006,-9.75,3.25,10.289557816543915,NORMAL,7.0
zRYzhAEAHAABAAAKCRtcAAsAGAB0gBAQ,2020-08-21 15:13:46,1.3,-10.75,3.25,11.305529620499874,NORMAL,5.0
zRYzhAEAHAABAAAKCRtcAAsAGAB0gBAQ,2020-08-21 15:13:51,5.2154064e-08,-9.25,4.25,10.179636535751166,NORMAL,5.0
zRYzhAEAHAABAAAKCRtcAAsAGAB0gBAQ,2020-08-21 15:13:56,-3.1000001,-14.75,14.5,20.914647991778395,ABNORMAL,5.0
zRYzhAEAHAABAAAKCRtcAAsAGAB0gBAQ,2020-08-21 15:14:06,-0.1000001,-8.75,3.75,9.520241594623531,NORMAL,10.0
zRYzhAEAHAABAAAKCRtcAAsAGAB0gBAQ,2020-08-21 15:14:11,5.2154064e-08,-8.75,3.5,9.424038412485382,NORMAL,5.0
zRYzhAEAHAABAAAKCRtcAAsAGAB0gBAQ,2020-08-21 15:14:16,-0.9000001,-9.25,4.75,10.437193117883755,NORMAL,5.0
zRYzhAEAHAABAAAKCRtcAAsAGAB0gBAQ,2020-08-21 15:14:26,0.5999999,-10.25,5.0,11.420267066929739,NORMAL,10.0
zRYzhAEAHAABAAAKCRtcAAsAGAB0gBAQ,2020-08-21 15:14:29,0.5999999,-10.25,5.0,11.420267066929739,NORMAL,3.0
zRYzhAEAHAABAAAKCRtcAAsAGAB0gBAQ,2020-08-21 15:14:44,0.10000004,-8.75,3.25,9.334613007939858,NORMAL,15.0
zRYzhAEAHAABAAAKCRtcAAsAGAB0gBAQ,2020-08-21 15:14:59,0.4999999,-7.75,2.5,8.158584429911846,NORMAL,15.0
zRYzhAEAHAABAAAKCRtcAAsAGAB0gBAQ,2020-08-21 15:15:04,-0.29999995,-9.75,0.5,9.767420333435027,NORMAL,5.0
zRYzhAEAHAABAAAKCRtcAAsAGAB0gBAQ,2020-08-21 15:15:14,-0.19999996,-9.0,4.25,9.95502385652591,NORMAL,10.0
zRYzhAEAHAABAAAKCRtcAAsAGAB0gBAQ,2020-08-21 15:15:19,2.6,-9.75,1.75,10.241337803236451,NORMAL,5.0
zRYzhAEAHAABAAAKCRtcAAsAGAB0gBAQ,2020-08-21 15:15:29,-0.29999995,-9.75,4.5,10.742555560480012,NORMAL,10.0
zRYzhAEAHAABAAAKCRtcAAsAGAB0gBAQ,2020-08-21 15:15:31,-1.3411045e-07,-8.0,2.0,8.246211251235321,NORMAL,2.0
zRYzhAEAHAABAAAKCRtcAAsAGAB0gBAQ,2020-08-21 15:15:36,-0.39999995,-8.0,5.0,9.442457305172208,NORMAL,5.0
zRYzhAEAHAABAAAKCRtcAAsAGAB0gBAQ,2020-08-21 15:15:46,0.39999986,-8.5,3.0,9.02274902055909,NORMAL,10.0
zRYzhAEAHAABAAAKCRtcAAsAGAB0gBAQ,2020-08-21 15:16:35,-1.5,-10.0,4.25,10.968705484240152,NORMAL,49.0
zRYzhAEAHAABAAAKCRtcAAsAGAB0gBAQ,2020-08-21 15:16:40,0.2,-9.0,3.75,9.752051066314204,NORMAL,5.0
zRYzhAEAHAABAAAKCRtcAAsAGAB0gBAQ,2020-08-21 15:16:44,0.2,-9.0,3.75,9.752051066314204,NORMAL,4.0
zRYzhAEAHAABAAAKCRtcAAsAGAB0gBAQ,2020-08-21 15:16:46,0.20000002,-9.0,3.75,9.752051066724375,NORMAL,2.0
zRYzhAEAHAABAAAKCRtcAAsAGAB0gBAQ,2020-08-21 15:17:02,0.4,-7.75,4.5,8.970646576473738,NORMAL,16.0
zRYzhAEAHAABAAAKCRtcAAsAGAB0gBAQ,2020-08-21 15:17:07,-1.7,-9.25,6.75,11.57648478597886,NORMAL,5.0
zRYzhAEAHAABAAAKCRtcAAsAGAB0gBAQ,2020-08-21 15:17:12,0.1,-9.25,4.75,10.39879800746221,NORMAL,5.0
zRYzhAEAHAABAAAKCRtcAAsAGAB0gBAQ,2020-08-21 15:17:17,0.5,-8.25,2.5,8.634958019585271,NORMAL,5.0
zRYzhAEAHAABAAAKCRtcAAsAGAB0gBAQ,2020-08-21 15:17:27,-0.5,-9.5,2.75,9.90265116016918,NORMAL,10.0
zRYzhAEAHAABAAAKCRtcAAsAGAB0gBAQ,2020-08-21 15:17:32,0.10000001,-6.5,2.75,7.05850550768362,NORMAL,5.0
zRYzhAEAHAABAAAKCRtcAAsAGAB0gBAQ,2020-08-21 15:17:37,-0.4,-7.25,3.5,8.060552090272726,NORMAL,5.0
zRYzhAEAHAABAAAKCRtcAAsAGAB0gBAQ,2020-08-21 15:17:42,0.8,-9.25,3.75,10.013241233486788,NORMAL,5.0
zRYzhAEAHAABAAAKCRtcAAsAGAB0gBAQ,2020-08-21 15:17:45,0.8,-9.25,3.75,10.013241233486788,NORMAL,3.0
zRYzhAEAHAABAAAKCRtcAAsAGAB0gBAQ,2020-08-21 15:17:47,1.6,-8.0,3.0,8.692525524840292,NORMAL,2.0
zRYzhAEAHAABAAAKCRtcAAsAGAB0gBAQ,2020-08-21 15:18:07,0.90000004,-8.75,3.25,9.37736637185516,NORMAL,20.0
zRYzhAEAHAABAAAKCRtcAAsAGAB0gBAQ,2020-08-21 15:18:12,1.0,-9.0,2.5,9.394147114027968,NORMAL,5.0
zRYzhAEAHAABAAAKCRtcAAsAGAB0gBAQ,2020-08-21 15:18:17,2.2351742e-08,-9.0,3.0,9.486832980505138,NORMAL,5.0
zRYzhAEAHAABAAAKCRtcAAsAGAB0gBAQ,2020-08-21 15:18:32,0.09999999,-9.25,3.5,9.890525769543295,NORMAL,15.0
zRYzhAEAHAABAAAKCRtcAAsAGAB0gBAQ,2020-08-21 15:18:43,0.30000004,-8.75,3.25,9.338897152447927,NORMAL,11.0
zRYzhAEAHAABAAAKCRtcAAsAGAB0gBAQ,2020-08-21 15:18:45,0.30000004,-8.75,3.25,9.338897152447927,NORMAL,2.0
zRYzhAEAHAABAAAKCRtcAAsAGAB0gBAQ,2020-08-21 15:18:48,0.19999999,-9.0,2.25,9.279143279204174,NORMAL,3.0
zRYzhAEAHAABAAAKCRtcAAsAGAB0gBAQ,2020-08-21 15:18:58,0.09999999,-9.0,3.5,9.657121724302744,NORMAL,10.0
zRYzhAEAHAABAAAKCRtcAAsAGAB0gBAQ,2020-08-21 15:19:38,0.19999999,-9.25,3.0,9.726381649719489,NORMAL,40.0
zRYzhAEAHAABAAAKCRtcAAsAGAB0gBAQ,2020-08-21 15:19:45,0.10000003,-9.25,3.0,9.724839330600789,NORMAL,7.0
zRYzhAEAHAABAAAKCRtcAAsAGAB0gBAQ,2020-08-21 15:29:26,0.1,-8.25,3.5,8.962282075453773,NORMAL,581.0
zRYzhAEAHAABAAAKCRtcAAsAGAB0gBAQ,2020-08-21 15:29:31,0.8,-8.75,2.5,9.135233987151068,NORMAL,5.0
zRYzhAEAHAABAAAKCRtcAAsAGAB0gBAQ,2020-08-21 15:29:38,0.2,-8.5,4.0,9.396275858019495,NORMAL,7.0
zRYzhAEAHAABAAAKCRtcAAsAGAB0gBAQ,2020-08-21 15:29:48,1.4,-8.0,2.0,8.364209466530593,NORMAL,10.0
zRYzhAEAHAABAAAKCRtcAAsAGAB0gBAQ,2020-08-21 15:29:53,-0.8,-8.25,4.75,9.553271690892078,NORMAL,5.0
zRYzhAEAHAABAAAKCRtcAAsAGAB0gBAQ,2020-08-21 15:30:03,-1.4,-9.0,6.25,11.046379497373788,NORMAL,10.0
zRYzhAEAHAABAAAKCRtcAAsAGAB0gBAQ,2020-08-21 15:30:12,-0.49999997,-8.5,5.0,9.87420882754664,NORMAL,9.0
zRYzhAEAHAABAAAKCRtcAAsAGAB0gBAQ,2020-08-21 15:30:44,1.3,-9.5,2.25,9.848984719248984,NORMAL,32.0
zRYzhAEAHAABAAAKCRtcAAsAGAB0gBAQ,2020-08-21 15:30:54,0.49999994,-9.75,3.0,10.213349104970417,NORMAL,10.0
zRYzhAEAHAABAAAKCRtcAAsAGAB0gBAQ,2020-08-21 15:31:01,-1.1999999,-8.25,4.75,9.595050795071385,NORMAL,7.0
zRYzhAEAHAABAAAKCRtcAAsAGAB0gBAQ,2020-08-21 15:31:06,0.099999934,-9.0,4.5,10.062802789819544,NORMAL,5.0
zRYzhAEAHAABAAAKCRtcAAsAGAB0gBAQ,2020-08-21 15:31:11,-0.39999992,-10.75,3.75,11.392321972978117,NORMAL,5.0
zRYzhAEAHAABAAAKCRtcAAsAGAB0gBAQ,2020-08-21 15:31:21,-1.1999999,-8.5,4.0,9.470480439766506,NORMAL,10.0
zRYzhAEAHAABAAAKCRtcAAsAGAB0gBAQ,2020-08-21 15:31:31,1.6000001,-9.0,3.25,9.701675129584581,NORMAL,10.0
zRYzhAEAHAABAAAKCRtcAAsAGAB0gBAQ,2020-08-21 15:31:36,1.1999999,-9.25,3.75,10.053108959918818,NORMAL,5.0
zRYzhAEAHAABAAAKCRtcAAsAGAB0gBAQ,2020-08-21 15:31:39,1.1999999,-9.25,3.75,10.053108959918818,NORMAL,3.0
zRYzhAEAHAABAAAKCRtcAAsAGAB0gBAQ,2020-08-21 15:31:43,1.1000001,-8.0,2.0,8.319254787539567,NORMAL,4.0
zRYzhAEAHAABAAAKCRtcAAsAGAB0gBAQ,2020-08-21 15:32:39,0.90000004,-8.5,3.5,9.236341270871275,NORMAL,56.0
zRYzhAEAHAABAAAKCRtcAAsAGAB0gBAQ,2020-08-21 15:32:46,-0.4,-8.5,4.5,9.626006440887103,NORMAL,7.0
zRYzhAEAHAABAAAKCRtcAAsAGAB0gBAQ,2020-08-21 15:32:51,0.20000002,-9.5,3.25,10.042534541040922,NORMAL,5.0
zRYzhAEAHAABAAAKCRtcAAsAGAB0gBAQ,2020-08-21 15:32:56,-2.0,-9.25,5.75,11.073617295175051,NORMAL,5.0
zRYzhAEAHAABAAAKCRtcAAsAGAB0gBAQ,2020-08-21 15:33:07,-0.19999999,-9.5,4.5,10.513800454450331,NORMAL,11.0
zRYzhAEAHAABAAAKCRtcAAsAGAB0gBAQ,2020-08-21 15:33:12,0.20000002,-8.75,4.25,9.72959403099636,NORMAL,5.0
zRYzhAEAHAABAAAKCRtcAAsAGAB0gBAQ,2020-08-21 15:33:48,0.6,-8.25,3.0,8.799005625637479,NORMAL,36.0
zRYzhAEAHAABAAAKCRtcAAsAGAB0gBAQ,2020-08-21 15:35:09,-1.1,-8.25,4.0,9.234311019236898,NORMAL,81.0
zRYzhAEAHAABAAAKCRtcAAsAGAB0gBAQ,2020-08-21 15:35:16,1.1,-9.25,2.0,9.527460312171339,NORMAL,7.0
zRYzhAEAHAABAAAKCRtcAAsAGAB0gBAQ,2020-08-21 15:35:17,1.1,-9.25,2.0,9.527460312171339,NORMAL,1.0
zRYzhAEAHAABAAAKCRtcAAsAGAB0gBAQ,2020-08-21 15:35:22,0.3,-8.5,3.25,9.105080999090562,NORMAL,5.0
zRYzhAEAHAABAAAKCRtcAAsAGAB0gBAQ,2020-08-21 15:36:39,0.2,-8.75,3.5,9.426160406018985,NORMAL,77.0
zRYzhAEAHAABAAAKCRtcAAsAGAB0gBAQ,2020-08-21 15:36:47,0.1,-8.75,3.5,9.424568955660519,NORMAL,8.0
zRYzhAEAHAABAAAKCRtcAAsAGAB0gBAQ,2020-08-21 15:37:59,-0.7,-8.5,3.0,9.041017641836564,NORMAL,72.0
zRYzhAEAHAABAAAKCRtcAAsAGAB0gBAQ,2020-08-21 15:38:04,-0.099999994,-8.25,4.25,9.280894353390734,NORMAL,5.0
zRYzhAEAHAABAAAKCRtcAAsAGAB0gBAQ,2020-08-21 15:38:19,1.2,-8.75,2.75,9.25013513414804,NORMAL,15.0
zRYzhAEAHAABAAAKCRtcAAsAGAB0gBAQ,2020-08-21 15:39:36,-0.3,-8.75,3.25,9.338897151162978,NORMAL,77.0
zRYzhAEAHAABAAAKCRtcAAsAGAB0gBAQ,2020-08-21 15:45:51,0.4,-8.75,3.0,9.258644609228718,NORMAL,375.0
zRYzhAEAHAABAAAKCRtcAAsAGAB0gBAQ,2020-08-21 15:46:25,0.8,-9.0,3.5,9.689685237405806,NORMAL,34.0
zRYzhAEAHAABAAAKCRtcAAsAGAB0gBAQ,2020-08-21 15:52:43,-0.5,-9.0,4.75,10.188841936157417,NORMAL,378.0
zRYzhAEAHAABAAAKCRtcAAsAGAB0gBAQ,2020-08-21 15:52:48,-0.2,-8.75,5.5,10.336948292412032,NORMAL,5.0
zRYzhAEAHAABAAAKCRtcAAsAGAB0gBAQ,2020-08-21 15:52:55,0.4,-8.25,3.25,8.876091482178403,NORMAL,7.0
zRYzhAEAHAABAAAKCRtcAAsAGAB0gBAQ,2020-08-21 15:53:10,0.7,-8.75,2.5,9.12702032428985,NORMAL,15.0
zRYzhAEAHAABAAAKCRtcAAsAGAB0gBAQ,2020-08-21 15:53:37,-1.3000001,-9.75,4.75,10.923140585930403,NORMAL,27.0
zRYzhAEAHAABAAAKCRtcAAsAGAB0gBAQ,2020-08-21 15:53:44,-1.8000001,-9.75,8.0,12.73979985557073,NORMAL,7.0
zRYzhAEAHAABAAAKCRtcAAsAGAB0gBAQ,2020-08-21 15:53:55,-1.6,-8.5,5.0,9.990495483208027,NORMAL,11.0
zRYzhAEAHAABAAAKCRtcAAsAGAB0gBAQ,2020-08-21 15:54:05,-0.3,-9.25,3.0,9.728951639308319,NORMAL,10.0
zRYzhAEAHAABAAAKCRtcAAsAGAB0gBAQ,2020-08-21 15:54:20,0.7,-10.0,2.75,10.394830445947639,NORMAL,15.0
zRYzhAEAHAABAAAKCRtcAAsAGAB0gBAQ,2020-08-21 15:54:25,1.4,-10.0,3.0,10.533755265810953,NORMAL,5.0
zRYzhAEAHAABAAAKCRtcAAsAGAB0gBAQ,2020-08-21 15:54:30,0.29999998,-10.25,5.0,11.408439857754432,NORMAL,5.0
zRYzhAEAHAABAAAKCRtcAAsAGAB0gBAQ,2020-08-21 15:54:44,0.39999998,-9.0,2.5,9.349331526050404,NORMAL,14.0
zRYzhAEAHAABAAAKCRtcAAsAGAB0gBAQ,2020-08-21 15:54:47,0.39999998,-9.0,3.5,9.664884892434053,NORMAL,3.0
zRYzhAEAHAABAAAKCRtcAAsAGAB0gBAQ,2020-08-21 15:54:57,2.0,-7.25,1.0,7.586995452746759,NORMAL,10.0
zRYzhAEAHAABAAAKCRtcAAsAGAB0gBAQ,2020-08-21 15:55:02,1.1,-8.0,3.0,8.614522621712709,NORMAL,5.0
zRYzhAEAHAABAAAKCRtcAAsAGAB0gBAQ,2020-08-21 15:55:07,-1.5,-8.0,5.75,9.965565713997375,NORMAL,5.0
zRYzhAEAHAABAAAKCRtcAAsAGAB0gBAQ,2020-08-21 15:55:17,0.5,-8.75,3.25,9.347459547919959,NORMAL,10.0
zRYzhAEAHAABAAAKCRtcAAsAGAB0gBAQ,2020-08-21 15:55:22,0.5,-8.75,2.5,9.113863066779093,NORMAL,5.0
zRYzhAEAHAABAAAKCRtcAAsAGAB0gBAQ,2020-08-21 15:55:32,0.099999994,-9.5,3.0,9.962931295497324,NORMAL,10.0
zRYzhAEAHAABAAAKCRtcAAsAGAB0gBAQ,2020-08-21 15:55:37,-1.1,-9.5,4.5,10.56929515152264,NORMAL,5.0
zRYzhAEAHAABAAAKCRtcAAsAGAB0gBAQ,2020-08-21 15:55:42,0.5,-8.5,2.5,8.874119674649425,NORMAL,5.0
zRYzhAEAHAABAAAKCRtcAAsAGAB0gBAQ,2020-08-21 15:55:45,0.5,-8.5,2.5,8.874119674649425,NORMAL,3.0
zRYzhAEAHAABAAAKCRtcAAsAGAB0gBAQ,2020-08-21 15:55:47,-7.4505806e-09,-9.0,4.0,9.848857801796104,NORMAL,2.0
zRYzhAEAHAABAAAKCRtcAAsAGAB0gBAQ,2020-08-21 15:55:52,-7.4505806e-09,-9.0,4.0,9.848857801796104,NORMAL,5.0
zRYzhAEAHAABAAAKCRtcAAsAGAB0gBAQ,2020-08-21 15:56:02,-0.90000004,-9.5,4.25,10.446171550955881,NORMAL,10.0
zRYzhAEAHAABAAAKCRtcAAsAGAB0gBAQ,2020-08-21 15:56:07,2.0,-8.75,1.75,9.144670579085941,NORMAL,5.0
zRYzhAEAHAABAAAKCRtcAAsAGAB0gBAQ,2020-08-21 15:56:12,-0.3,-9.25,3.5,9.894569217505126,NORMAL,5.0
zRYzhAEAHAABAAAKCRtcAAsAGAB0gBAQ,2020-08-21 15:56:32,0.90000004,-9.0,3.0,9.529428108338927,NORMAL,20.0
zRYzhAEAHAABAAAKCRtcAAsAGAB0gBAQ,2020-08-21 15:56:38,1.1,-9.5,3.5,10.183810681665287,NORMAL,6.0
zRYzhAEAHAABAAAKCRtcAAsAGAB0gBAQ,2020-08-21 15:56:43,-0.59999996,-10.25,8.5,13.329384830216284,NORMAL,5.0
zRYzhAEAHAABAAAKCRtcAAsAGAB0gBAQ,2020-08-21 15:56:46,-0.59999996,-10.25,8.5,13.329384830216284,NORMAL,3.0
zRYzhAEAHAABAAAKCRtcAAsAGAB0gBAQ,2020-08-21 15:57:27,-1.1,-8.75,5.5,10.393387320792003,NORMAL,41.0
zRYzhAEAHAABAAAKCRtcAAsAGAB0gBAQ,2020-08-21 15:57:32,0.20000006,-7.25,3.75,8.16486374803646,NORMAL,5.0
zRYzhAEAHAABAAAKCRtcAAsAGAB0gBAQ,2020-08-21 15:57:37,-0.20000002,-8.5,3.0,9.016096716872552,NORMAL,5.0
zRYzhAEAHAABAAAKCRtcAAsAGAB0gBAQ,2020-08-21 15:57:44,1.6000001,-9.0,0.75,9.171831895537554,NORMAL,7.0
zRYzhAEAHAABAAAKCRtcAAsAGAB0gBAQ,2020-08-21 15:57:46,1.6000001,-9.0,0.75,9.171831895537554,NORMAL,2.0
zRYzhAEAHAABAAAKCRtcAAsAGAB0gBAQ,2020-08-21 15:57:49,-0.6,-8.0,4.0,8.964373932405989,NORMAL,3.0
zRYzhAEAHAABAAAKCRtcAAsAGAB0gBAQ,2020-08-21 15:57:54,-0.69999987,-8.75,2.25,9.061732716097955,NORMAL,5.0
zRYzhAEAHAABAAAKCRtcAAsAGAB0gBAQ,2020-08-21 15:57:59,-0.10000002,-7.75,2.25,8.070625750460742,NORMAL,5.0
zRYzhAEAHAABAAAKCRtcAAsAGAB0gBAQ,2020-08-21 15:59:00,0.7,-8.5,2.25,8.820572543775148,NORMAL,61.0
zRYzhAEAHAABAAAKCRtcAAsAGAB0gBAQ,2020-08-21 15:59:07,0.8000001,-8.25,2.5,8.657511198953197,NORMAL,7.0
zRYzhAEAHAABAAAKCRtcAAsAGAB0gBAQ,2020-08-21 15:59:21,0.30000007,-9.25,-0.25,9.258239575750888,NORMAL,14.0
zRYzhAEAHAABAAAKCRtcAAsAGAB0gBAQ,2020-08-21 15:59:35,0.5,-8.0,3.25,8.649421946003097,NORMAL,14.0
zRYzhAEAHAABAAAKCRtcAAsAGAB0gBAQ,2020-08-21 16:00:07,0.20000017,-10.0,3.25,10.516772321772494,NORMAL,32.0
zRYzhAEAHAABAAAKCRtcAAsAGAB0gBAQ,2020-08-21 16:00:09,-1.0,-9.0,4.0,9.899494936611665,NORMAL,2.0
zRYzhAEAHAABAAAKCRtcAAsAGAB0gBAQ,2020-08-21 16:00:32,-0.5,-9.5,4.75,10.633085159068369,NORMAL,23.0
zRYzhAEAHAABAAAKCRtcAAsAGAB0gBAQ,2020-08-21 16:00:37,0.30000016,-8.75,4.0,9.625616868336285,NORMAL,5.0
zRYzhAEAHAABAAAKCRtcAAsAGAB0gBAQ,2020-08-21 16:00:42,0.3,-9.75,3.25,10.2817800015367,NORMAL,5.0
zRYzhAEAHAABAAAKCRtcAAsAGAB0gBAQ,2020-08-21 16:00:47,1.0000001,-9.0,-1.5,9.178779886237605,NORMAL,5.0
zRYzhAEAHAABAAAKCRtcAAsAGAB0gBAQ,2020-08-21 16:01:08,0.80000013,-8.75,4.25,9.760379101653788,NORMAL,21.0
zRYzhAEAHAABAAAKCRtcAAsAGAB0gBAQ,2020-08-21 16:02:17,-1.1,-8.5,4.0,9.458329662260667,NORMAL,69.0
zRYzhAEAHAABAAAKCRtcAAsAGAB0gBAQ,2020-08-21 16:02:27,-0.2,-8.5,2.5,8.86227961644181,NORMAL,10.0
zRYzhAEAHAABAAAKCRtcAAsAGAB0gBAQ,2020-08-21 16:02:29,-1.4,-10.0,2.75,10.465299804592318,NORMAL,2.0
zRYzhAEAHAABAAAKCRtcAAsAGAB0gBAQ,2020-08-21 16:02:39,2.2,-10.25,3.25,10.97565487795603,NORMAL,10.0
zRYzhAEAHAABAAAKCRtcAAsAGAB0gBAQ,2020-08-21 16:02:44,0.9,-10.25,2.0,10.482008395341039,NORMAL,5.0
zRYzhAEAHAABAAAKCRtcAAsAGAB0gBAQ,2020-08-21 16:02:49,-2.4,-9.75,6.5,11.96129173626327,NORMAL,5.0
zRYzhAEAHAABAAAKCRtcAAsAGAB0gBAQ,2020-08-21 16:02:54,-0.10000004,-8.0,3.5,8.732697178306369,NORMAL,5.0
zRYzhAEAHAABAAAKCRtcAAsAGAB0gBAQ,2020-08-21 16:02:59,-0.6000001,-8.75,5.75,10.48737336610078,NORMAL,5.0
zRYzhAEAHAABAAAKCRtcAAsAGAB0gBAQ,2020-08-21 16:03:10,-7.4505806e-08,-7.5,3.25,8.173891362135908,NORMAL,11.0
zRYzhAEAHAABAAAKCRtcAAsAGAB0gBAQ,2020-08-21 16:03:15,-0.20000005,-8.0,5.0,9.436100890728119,NORMAL,5.0
zRYzhAEAHAABAAAKCRtcAAsAGAB0gBAQ,2020-08-21 16:03:20,2.3,-8.5,2.75,9.22510162545649,NORMAL,5.0
zRYzhAEAHAABAAAKCRtcAAsAGAB0gBAQ,2020-08-21 16:03:25,-1.0,-10.75,4.5,11.696687565289585,NORMAL,5.0
zRYzhAEAHAABAAAKCRtcAAsAGAB0gBAQ,2020-08-21 16:03:27,-1.0,-10.75,4.5,11.696687565289585,NORMAL,2.0
zRYzhAEAHAABAAAKCRtcAAsAGAB0gBAQ,2020-08-21 16:03:30,2.8999999,-7.5,2.5,8.42080752778497,NORMAL,3.0
zRYzhAEAHAABAAAKCRtcAAsAGAB0gBAQ,2020-08-21 16:03:40,-0.2000002,-9.0,2.0,9.221713511056393,NORMAL,10.0
zRYzhAEAHAABAAAKCRtcAAsAGAB0gBAQ,2020-08-21 16:03:45,-0.9,-8.75,3.5,9.466916076526717,NORMAL,5.0
zRYzhAEAHAABAAAKCRtcAAsAGAB0gBAQ,2020-08-21 16:04:28,-1.0999999,-8.75,4.0,9.68362017945768,NORMAL,43.0
zRYzhAEAHAABAAAKCRtcAAsAGAB0gBAQ,2020-08-21 16:06:15,1.0,-8.25,2.5,8.678277478854891,NORMAL,107.0
zRYzhAEAHAABAAAKCRtcAAsAGAB0gBAQ,2020-08-21 16:06:25,0.6,-8.25,2.5,8.641325129862896,NORMAL,10.0
zRYzhAEAHAABAAAKCRtcAAsAGAB0gBAQ,2020-08-21 16:06:32,0.40000004,-9.0,2.0,9.228217597781274,NORMAL,7.0
zRYzhAEAHAABAAAKCRtcAAsAGAB0gBAQ,2020-08-21 16:06:37,-0.8,-9.0,5.0,10.326664514740468,NORMAL,5.0
zRYzhAEAHAABAAAKCRtcAAsAGAB0gBAQ,2020-08-21 16:06:47,0.7,-7.5,4.25,8.648843853371385,NORMAL,10.0
zRYzhAEAHAABAAAKCRtcAAsAGAB0gBAQ,2020-08-21 16:06:57,-0.09999997,-8.75,4.0,9.621460387799765,NORMAL,10.0
zRYzhAEAHAABAAAKCRtcAAsAGAB0gBAQ,2020-08-21 16:07:07,0.10000003,-9.0,3.75,9.750512807334802,NORMAL,10.0
zRYzhAEAHAABAAAKCRtcAAsAGAB0gBAQ,2020-08-21 16:07:12,-0.29999998,-9.25,4.5,10.290894032492998,NORMAL,5.0
zRYzhAEAHAABAAAKCRtcAAsAGAB0gBAQ,2020-08-21 16:07:17,-0.59999996,-8.5,4.0,9.413288477041378,NORMAL,5.0
zRYzhAEAHAABAAAKCRtcAAsAGAB0gBAQ,2020-08-21 16:07:22,0.20000002,-9.0,3.5,9.658674857763875,NORMAL,5.0
zRYzhAEAHAABAAAKCRtcAAsAGAB0gBAQ,2020-08-21 16:07:25,0.20000002,-9.0,3.5,9.658674857763875,NORMAL,3.0
zRYzhAEAHAABAAAKCRtcAAsAGAB0gBAQ,2020-08-21 16:07:38,-1.0,-8.0,4.25,9.113863066779093,NORMAL,13.0
zRYzhAEAHAABAAAKCRtcAAsAGAB0gBAQ,2020-08-21 16:07:43,-0.59999996,-9.25,2.75,9.668764137778933,NORMAL,5.0
zRYzhAEAHAABAAAKCRtcAAsAGAB0gBAQ,2020-08-21 16:07:48,0.40000004,-8.25,3.5,8.970646578257334,NORMAL,5.0
zRYzhAEAHAABAAAKCRtcAAsAGAB0gBAQ,2020-08-21 16:07:53,-0.39999998,-8.75,3.75,9.528116287283652,NORMAL,5.0
zRYzhAEAHAABAAAKCRtcAAsAGAB0gBAQ,2020-08-21 16:08:03,-1.1,-8.0,4.25,9.125376704553078,NORMAL,10.0
zRYzhAEAHAABAAAKCRtcAAsAGAB0gBAQ,2020-08-21 16:08:23,0.3,-9.0,3.75,9.754614292733466,NORMAL,20.0
zRYzhAEAHAABAAAKCRtcAAsAGAB0gBAQ,2020-08-21 16:08:26,0.3,-9.0,3.75,9.754614292733466,NORMAL,3.0
zRYzhAEAHAABAAAKCRtcAAsAGAB0gBAQ,2020-08-21 16:08:28,-0.09999999,-8.75,3.75,9.520241593468098,NORMAL,2.0
zRYzhAEAHAABAAAKCRtcAAsAGAB0gBAQ,2020-08-21 16:09:26,-0.6,-8.75,3.25,9.35334164884401,NORMAL,58.0
zRYzhAEAHAABAAAKCRtcAAsAGAB0gBAQ,2020-08-21 16:10:04,-0.2,-8.25,4.0,9.170741518546906,NORMAL,38.0
zRYzhAEAHAABAAAKCRtcAAsAGAB0gBAQ,2020-08-21 16:10:09,-0.10000002,-8.75,3.75,9.520241593783217,NORMAL,5.0
zRYzhAEAHAABAAAKCRtcAAsAGAB0gBAQ,2020-08-21 16:10:19,0.2,-8.5,4.5,9.619771307052991,NORMAL,10.0
zRYzhAEAHAABAAAKCRtcAAsAGAB0gBAQ,2020-08-21 16:10:26,0.2,-8.5,4.5,9.619771307052991,NORMAL,7.0
zRYzhAEAHAABAAAKCRtcAAsAGAB0gBAQ,2020-08-21 16:10:34,-0.8,-9.0,4.25,9.985113920231456,NORMAL,8.0
zRYzhAEAHAABAAAKCRtcAAsAGAB0gBAQ,2020-08-21 16:10:49,-1.9,-10.75,7.0,12.968134021515972,NORMAL,15.0
zRYzhAEAHAABAAAKCRtcAAsAGAB0gBAQ,2020-08-21 16:10:54,0.5,-8.5,4.0,9.40744386111339,NORMAL,5.0
zRYzhAEAHAABAAAKCRtcAAsAGAB0gBAQ,2020-08-21 16:10:59,1.3000001,-7.75,2.25,8.174044302546935,NORMAL,5.0
zRYzhAEAHAABAAAKCRtcAAsAGAB0gBAQ,2020-08-21 16:11:04,-7.4505806e-09,-9.0,3.5,9.656603957913983,NORMAL,5.0
zRYzhAEAHAABAAAKCRtcAAsAGAB0gBAQ,2020-08-21 16:11:09,0.9000001,-9.0,1.25,9.130854296285753,NORMAL,5.0
zRYzhAEAHAABAAAKCRtcAAsAGAB0gBAQ,2020-08-21 16:11:14,0.19999999,-8.25,3.25,8.869329173956732,NORMAL,5.0
zRYzhAEAHAABAAAKCRtcAAsAGAB0gBAQ,2020-08-21 16:11:19,-0.8999999,-9.75,5.0,10.994203009768375,NORMAL,5.0
zRYzhAEAHAABAAAKCRtcAAsAGAB0gBAQ,2020-08-21 16:11:27,-0.8999999,-8.0,3.5,8.778382528689441,NORMAL,8.0
zRYzhAEAHAABAAAKCRtcAAsAGAB0gBAQ,2020-08-21 16:11:34,0.9,-7.25,2.5,7.72156072306629,NORMAL,7.0
zRYzhAEAHAABAAAKCRtcAAsAGAB0gBAQ,2020-08-21 16:11:44,-0.6,-8.75,4.25,9.746024830668143,NORMAL,10.0
zRYzhAEAHAABAAAKCRtcAAsAGAB0gBAQ,2020-08-21 16:12:00,0.20000008,-9.25,3.75,9.983235949931265,NORMAL,16.0
zRYzhAEAHAABAAAKCRtcAAsAGAB0gBAQ,2020-08-21 16:12:15,0.4000001,-8.75,3.75,9.528116292321373,NORMAL,15.0
zRYzhAEAHAABAAAKCRtcAAsAGAB0gBAQ,2020-08-21 16:12:20,0.29999998,-8.75,4.75,9.960672667445708,NORMAL,5.0
zRYzhAEAHAABAAAKCRtcAAsAGAB0gBAQ,2020-08-21 16:12:25,-0.39999992,-9.0,4.75,10.184424379217512,NORMAL,5.0
zRYzhAEAHAABAAAKCRtcAAsAGAB0gBAQ,2020-08-21 16:12:27,-0.39999992,-9.0,4.75,10.184424379217512,NORMAL,2.0
zRYzhAEAHAABAAAKCRtcAAsAGAB0gBAQ,2020-08-21 16:12:31,0.09999998,-8.25,3.25,8.8676377912046,NORMAL,4.0
zRYzhAEAHAABAAAKCRtcAAsAGAB0gBAQ,2020-08-21 16:14:25,-0.3,-8.0,3.5,8.737276463521113,NORMAL,114.0
zRYzhAEAHAABAAAKCRtcAAsAGAB0gBAQ,2020-08-21 16:14:30,0.39999998,-10.0,4.0,10.777754867503713,NORMAL,5.0
zRYzhAEAHAABAAAKCRtcAAsAGAB0gBAQ,2020-08-21 16:14:35,0.39999998,-10.0,4.0,10.777754867503713,NORMAL,5.0
zRYzhAEAHAABAAAKCRtcAAsAGAB0gBAQ,2020-08-21 16:14:42,-2.9802322e-08,-8.25,3.25,8.8670739254841,NORMAL,7.0
zRYzhAEAHAABAAAKCRtcAAsAGAB0gBAQ,2020-08-21 16:14:47,0.0,-9.25,3.5,9.89002022242624,NORMAL,5.0
zRYzhAEAHAABAAAKCRtcAAsAGAB0gBAQ,2020-08-21 16:14:53,-1.4000001,-8.5,5.75,10.357243855389328,NORMAL,6.0
zRYzhAEAHAABAAAKCRtcAAsAGAB0gBAQ,2020-08-21 16:15:03,0.90000004,-8.0,1.5,8.189017039425428,NORMAL,10.0
zRYzhAEAHAABAAAKCRtcAAsAGAB0gBAQ,2020-08-21 16:15:08,-0.20000008,-9.25,4.0,10.079806547350003,NORMAL,5.0
zRYzhAEAHAABAAAKCRtcAAsAGAB0gBAQ,2020-08-21 16:15:13,0.5,-8.75,4.5,9.852030247619016,NORMAL,5.0
zRYzhAEAHAABAAAKCRtcAAsAGAB0gBAQ,2020-08-21 16:16:59,-0.3,-10.0,4.75,11.074858915579918,NORMAL,106.0
zRYzhAEAHAABAAAKCRtcAAsAGAB0gBAQ,2020-08-21 16:17:10,1.1,-8.25,2.75,8.765557597780075,NORMAL,11.0
zRYzhAEAHAABAAAKCRtcAAsAGAB0gBAQ,2020-08-21 16:17:15,0.8000001,-8.5,3.5,9.2271339082079,NORMAL,5.0
zRYzhAEAHAABAAAKCRtcAAsAGAB0gBAQ,2020-08-21 16:17:20,0.70000005,-8.75,2.5,9.127020328124617,NORMAL,5.0
zRYzhAEAHAABAAAKCRtcAAsAGAB0gBAQ,2020-08-21 16:17:58,-0.7,-9.0,4.75,10.20061272669441,NORMAL,38.0
zRYzhAEAHAABAAAKCRtcAAsAGAB0gBAQ,2020-08-21 16:17:59,-0.7,-9.0,4.75,10.20061272669441,NORMAL,1.0
zRYzhAEAHAABAAAKCRtcAAsAGAB0gBAQ,2020-08-21 16:18:03,0.50000006,-9.5,4.25,10.419332994966616,NORMAL,4.0
zRYzhAEAHAABAAAKCRtcAAsAGAB0gBAQ,2020-08-21 16:18:08,2.3,-7.5,2.0,8.095677859203638,NORMAL,5.0
zRYzhAEAHAABAAAKCRtcAAsAGAB0gBAQ,2020-08-21 16:18:20,0.5999999,-9.75,3.25,10.294901644989135,NORMAL,12.0
zRYzhAEAHAABAAAKCRtcAAsAGAB0gBAQ,2020-08-21 16:18:25,-1.1999999,-9.25,5.75,10.95741756802213,NORMAL,5.0
zRYzhAEAHAABAAAKCRtcAAsAGAB0gBAQ,2020-08-21 16:18:31,1.0999999,-8.5,4.25,9.566739244904714,NORMAL,6.0
zRYzhAEAHAABAAAKCRtcAAsAGAB0gBAQ,2020-08-21 16:22:16,1.3000001,-8.75,3.75,9.608069538674249,NORMAL,225.0
zRYzhAEAHAABAAAKCRtcAAsAGAB0gBAQ,2020-08-21 16:23:57,-0.5,-8.0,2.75,8.474225628339147,NORMAL,101.0
zRYzhAEAHAABAAAKCRtcAAsAGAB0gBAQ,2020-08-21 16:24:02,-0.2,-8.5,4.0,9.396275858019495,NORMAL,5.0
zRYzhAEAHAABAAAKCRtcAAsAGAB0gBAQ,2020-08-21 16:24:06,-0.2,-8.5,4.0,9.396275858019495,NORMAL,4.0
zRYzhAEAHAABAAAKCRtcAAsAGAB0gBAQ,2020-08-21 16:24:08,0.8,-9.25,3.5,9.922323316643133,NORMAL,2.0
zRYzhAEAHAABAAAKCRtcAAsAGAB0gBAQ,2020-08-21 16:24:13,0.5,-8.0,3.75,8.849435010213929,NORMAL,5.0
zRYzhAEAHAABAAAKCRtcAAsAGAB0gBAQ,2020-08-21 16:24:19,-0.1,-9.5,3.25,10.041040782707737,NORMAL,6.0
zRYzhAEAHAABAAAKCRtcAAsAGAB0gBAQ,2020-08-21 16:24:29,0.5,-8.5,2.25,8.806957476904268,NORMAL,10.0
zRYzhAEAHAABAAAKCRtcAAsAGAB0gBAQ,2020-08-21 16:24:34,-0.19999997,-9.0,4.5,10.064293317863903,NORMAL,5.0
zRYzhAEAHAABAAAKCRtcAAsAGAB0gBAQ,2020-08-21 16:24:39,0.4,-9.0,3.0,9.495261976375375,NORMAL,5.0
zRYzhAEAHAABAAAKCRtcAAsAGAB0gBAQ,2020-08-21 16:24:49,-0.7,-8.0,4.25,9.085840632544684,NORMAL,10.0
zRYzhAEAHAABAAAKCRtcAAsAGAB0gBAQ,2020-08-21 16:24:59,-1.0,-9.0,5.0,10.344080432788601,NORMAL,10.0
zRYzhAEAHAABAAAKCRtcAAsAGAB0gBAQ,2020-08-21 16:25:06,-1.0,-9.5,4.5,10.559356040971437,NORMAL,7.0
zRYzhAEAHAABAAAKCRtcAAsAGAB0gBAQ,2020-08-21 16:25:09,-1.1,-10.0,4.5,11.020889256316842,NORMAL,3.0
zRYzhAEAHAABAAAKCRtcAAsAGAB0gBAQ,2020-08-21 16:25:14,0.90000004,-8.75,2.25,9.079372228959446,NORMAL,5.0
zRYzhAEAHAABAAAKCRtcAAsAGAB0gBAQ,2020-08-21 16:25:19,0.8,-8.5,3.75,9.324832438172816,NORMAL,5.0
zRYzhAEAHAABAAAKCRtcAAsAGAB0gBAQ,2020-08-21 16:25:29,-1.0,-8.5,5.25,10.040542814011602,NORMAL,10.0
zRYzhAEAHAABAAAKCRtcAAsAGAB0gBAQ,2020-08-21 16:25:34,-1.2,-9.0,5.0,10.36532681587995,NORMAL,5.0
zRYzhAEAHAABAAAKCRtcAAsAGAB0gBAQ,2020-08-21 16:25:39,0.70000005,-9.0,3.0,9.512623196048501,NORMAL,5.0
zRYzhAEAHAABAAAKCRtcAAsAGAB0gBAQ,2020-08-21 16:25:44,-2.2,-8.0,4.25,9.322151039325634,NORMAL,5.0
zRYzhAEAHAABAAAKCRtcAAsAGAB0gBAQ,2020-08-21 16:25:59,0.20000005,-8.25,2.5,8.622789572986228,NORMAL,15.0
zRYzhAEAHAABAAAKCRtcAAsAGAB0gBAQ,2020-08-21 16:26:07,0.19999999,-8.5,2.5,8.862279616216135,NORMAL,8.0
zRYzhAEAHAABAAAKCRtcAAsAGAB0gBAQ,2020-08-21 16:26:22,0.9,-8.75,-0.25,8.7997159045051,NORMAL,15.0
zRYzhAEAHAABAAAKCRtcAAsAGAB0gBAQ,2020-08-21 16:26:27,0.90000004,-9.0,2.5,9.384028989298786,NORMAL,5.0
zRYzhAEAHAABAAAKCRtcAAsAGAB0gBAQ,2020-08-21 16:26:32,0.19999996,-7.75,4.5,8.963955599176069,NORMAL,5.0
zRYzhAEAHAABAAAKCRtcAAsAGAB0gBAQ,2020-08-21 16:26:37,1.1,-8.25,3.5,9.028981116382955,NORMAL,5.0
zRYzhAEAHAABAAAKCRtcAAsAGAB0gBAQ,2020-08-21 16:26:42,-0.100000046,-9.5,4.75,10.621793634278534,NORMAL,5.0
zRYzhAEAHAABAAAKCRtcAAsAGAB0gBAQ,2020-08-21 16:26:57,-0.8,-9.75,4.75,10.87497126432985,NORMAL,15.0
zRYzhAEAHAABAAAKCRtcAAsAGAB0gBAQ,2020-08-21 16:27:07,-3.7252903e-08,-9.75,3.25,10.277402395547233,NORMAL,10.0
zRYzhAEAHAABAAAKCRtcAAsAGAB0gBAQ,2020-08-21 16:27:17,-0.70000005,-9.25,5.0,10.538145001374767,NORMAL,10.0
zRYzhAEAHAABAAAKCRtcAAsAGAB0gBAQ,2020-08-21 16:27:32,0.6,-11.0,4.0,11.72006825918689,NORMAL,15.0
zRYzhAEAHAABAAAKCRtcAAsAGAB0gBAQ,2020-08-21 16:27:37,-0.10000004,-9.0,3.75,9.75051280743736,NORMAL,5.0
zRYzhAEAHAABAAAKCRtcAAsAGAB0gBAQ,2020-08-21 16:27:42,2.4,-8.25,2.25,8.881722805852478,NORMAL,5.0
zRYzhAEAHAABAAAKCRtcAAsAGAB0gBAQ,2020-08-21 16:27:47,0.59999996,-8.0,3.25,8.655778413984498,NORMAL,5.0
zRYzhAEAHAABAAAKCRtcAAsAGAB0gBAQ,2020-08-21 16:27:52,-0.59999996,-9.25,4.5,10.304004073756959,NORMAL,5.0
zRYzhAEAHAABAAAKCRtcAAsAGAB0gBAQ,2020-08-21 16:27:57,-4.4703484e-08,-8.75,4.0,9.620940702446928,NORMAL,5.0
zRYzhAEAHAABAAAKCRtcAAsAGAB0gBAQ,2020-08-21 16:28:03,0.6,-9.0,3.0,9.505787710652916,NORMAL,6.0
zRYzhAEAHAABAAAKCRtcAAsAGAB0gBAQ,2020-08-21 16:28:07,0.6,-9.0,3.0,9.505787710652916,NORMAL,4.0
zRYzhAEAHAABAAAKCRtcAAsAGAB0gBAQ,2020-08-21 16:28:20,1.6,-8.5,2.5,9.003332716277901,NORMAL,13.0
zRYzhAEAHAABAAAKCRtcAAsAGAB0gBAQ,2020-08-21 16:28:25,0.90000004,-7.75,2.0,8.05434665705419,NORMAL,5.0
zRYzhAEAHAABAAAKCRtcAAsAGAB0gBAQ,2020-08-21 16:28:30,-0.5,-7.75,4.75,9.103570728016562,NORMAL,5.0
zRYzhAEAHAABAAAKCRtcAAsAGAB0gBAQ,2020-08-21 16:28:40,-0.099999994,-8.75,3.0,9.250540524682869,NORMAL,10.0
zRYzhAEAHAABAAAKCRtcAAsAGAB0gBAQ,2020-08-21 16:29:52,1.0,-8.0,1.5,8.200609733428363,NORMAL,72.0
zRYzhAEAHAABAAAKCRtcAAsAGAB0gBAQ,2020-08-21 16:29:59,0.09999999,-10.25,3.5,10.831551135363762,NORMAL,7.0
zRYzhAEAHAABAAAKCRtcAAsAGAB0gBAQ,2020-08-21 16:30:04,0.8000001,-8.75,3.0,9.284530152894115,NORMAL,5.0
zRYzhAEAHAABAAAKCRtcAAsAGAB0gBAQ,2020-08-21 16:30:14,-0.49999994,-9.75,4.75,10.857025372541045,NORMAL,10.0
zRYzhAEAHAABAAAKCRtcAAsAGAB0gBAQ,2020-08-21 16:30:24,0.59999996,-6.5,2.0,6.8271516719639385,NORMAL,10.0
zRYzhAEAHAABAAAKCRtcAAsAGAB0gBAQ,2020-08-21 16:30:29,0.40000007,-9.25,3.5,9.898105882238278,NORMAL,5.0
zRYzhAEAHAABAAAKCRtcAAsAGAB0gBAQ,2020-08-21 16:30:34,0.39999998,-8.75,4.0,9.629252306591617,NORMAL,5.0
zRYzhAEAHAABAAAKCRtcAAsAGAB0gBAQ,2020-08-21 16:30:45,0.20000006,-9.0,3.25,9.57091949731059,NORMAL,11.0
zRYzhAEAHAABAAAKCRtcAAsAGAB0gBAQ,2020-08-21 16:30:50,-0.70000005,-8.75,4.75,9.980731439629063,NORMAL,5.0
zRYzhAEAHAABAAAKCRtcAAsAGAB0gBAQ,2020-08-21 16:30:53,-0.70000005,-8.75,4.75,9.980731439629063,NORMAL,3.0
zRYzhAEAHAABAAAKCRtcAAsAGAB0gBAQ,2020-08-21 16:30:55,0.30000007,-8.75,4.0,9.625616865531269,NORMAL,2.0
zRYzhAEAHAABAAAKCRtcAAsAGAB0gBAQ,2020-08-21 16:31:15,1.6,-8.5,1.25,8.739136112911847,NORMAL,20.0
zRYzhAEAHAABAAAKCRtcAAsAGAB0gBAQ,2020-08-21 16:31:20,-1.0999999,-7.75,5.75,9.71262064429575,NORMAL,5.0
zRYzhAEAHAABAAAKCRtcAAsAGAB0gBAQ,2020-08-21 16:31:25,-1.6,-9.5,5.0,10.854031509075327,NORMAL,5.0
zRYzhAEAHAABAAAKCRtcAAsAGAB0gBAQ,2020-08-21 16:31:30,-1.3,-9.0,4.75,10.25926410616278,NORMAL,5.0
zRYzhAEAHAABAAAKCRtcAAsAGAB0gBAQ,2020-08-21 16:31:35,0.1,-8.75,4.5,9.83984247841397,NORMAL,5.0
zRYzhAEAHAABAAAKCRtcAAsAGAB0gBAQ,2020-08-21 16:31:40,0.20000008,-9.5,3.0,9.964436764413731,NORMAL,5.0
zRYzhAEAHAABAAAKCRtcAAsAGAB0gBAQ,2020-08-21 16:31:50,0.100000076,-8.0,3.25,8.63553704266272,NORMAL,10.0
zRYzhAEAHAABAAAKCRtcAAsAGAB0gBAQ,2020-08-21 16:31:53,0.100000076,-8.0,3.25,8.63553704266272,NORMAL,3.0
zRYzhAEAHAABAAAKCRtcAAsAGAB0gBAQ,2020-08-21 16:31:56,0.4,-9.0,4.25,9.961049141531227,NORMAL,3.0
zRYzhAEAHAABAAAKCRtcAAsAGAB0gBAQ,2020-08-21 16:32:01,1.1000001,-9.25,3.75,10.041663219805772,NORMAL,5.0
zRYzhAEAHAABAAAKCRtcAAsAGAB0gBAQ,2020-08-21 16:32:06,-0.1,-9.25,3.25,9.804845740754926,NORMAL,5.0
zRYzhAEAHAABAAAKCRtcAAsAGAB0gBAQ,2020-08-21 16:32:11,1.0000001,-10.0,4.75,11.115867046704006,NORMAL,5.0
zRYzhAEAHAABAAAKCRtcAAsAGAB0gBAQ,2020-08-21 16:33:12,1.4,-7.25,3.5,8.171444180804272,NORMAL,61.0
zRYzhAEAHAABAAAKCRtcAAsAGAB0gBAQ,2020-08-21 16:34:39,-0.90000004,-7.75,5.0,9.266741610296469,NORMAL,87.0
zRYzhAEAHAABAAAKCRtcAAsAGAB0gBAQ,2020-08-21 16:34:46,0.90000004,-9.0,2.5,9.384028989298786,NORMAL,7.0
zRYzhAEAHAABAAAKCRtcAAsAGAB0gBAQ,2020-08-21 16:34:51,-0.20000002,-8.0,3.25,8.637273875940256,NORMAL,5.0
zRYzhAEAHAABAAAKCRtcAAsAGAB0gBAQ,2020-08-21 16:34:56,0.8,-8.5,3.0,9.04930936591296,NORMAL,5.0
zRYzhAEAHAABAAAKCRtcAAsAGAB0gBAQ,2020-08-21 16:35:01,0.39999998,-8.25,4.0,9.177281731754778,NORMAL,5.0
zRYzhAEAHAABAAAKCRtcAAsAGAB0gBAQ,2020-08-21 16:35:06,0.6,-9.25,4.5,10.30400407608615,NORMAL,5.0
zRYzhAEAHAABAAAKCRtcAAsAGAB0gBAQ,2020-08-21 16:35:11,0.49999997,-9.5,3.75,10.225580666641871,NORMAL,5.0
zRYzhAEAHAABAAAKCRtcAAsAGAB0gBAQ,2020-08-21 16:35:21,-3.7252903e-08,-9.25,4.25,10.179636535751166,NORMAL,10.0
zRYzhAEAHAABAAAKCRtcAAsAGAB0gBAQ,2020-08-21 16:35:34,0.49999997,-9.25,4.0,10.090218033818696,NORMAL,13.0
zRYzhAEAHAABAAAKCRtcAAsAGAB0gBAQ,2020-08-21 16:35:48,-0.10000004,-9.0,3.5,9.657121724820497,NORMAL,14.0
zRYzhAEAHAABAAAKCRtcAAsAGAB0gBAQ,2020-08-21 16:35:53,0.40000004,-9.75,3.5,10.366894425622363,NORMAL,5.0
zRYzhAEAHAABAAAKCRtcAAsAGAB0gBAQ,2020-08-21 16:36:03,0.50000006,-7.75,2.75,8.238628530283423,NORMAL,10.0
zRYzhAEAHAABAAAKCRtcAAsAGAB0gBAQ,2020-08-21 16:36:09,0.19999996,-8.25,2.5,8.622789570898735,NORMAL,6.0
zRYzhAEAHAABAAAKCRtcAAsAGAB0gBAQ,2020-08-21 16:36:24,-0.099999964,-8.75,2.75,9.172513286597082,NORMAL,15.0
zRYzhAEAHAABAAAKCRtcAAsAGAB0gBAQ,2020-08-21 16:36:34,1.0,-8.5,2.5,8.916277250063503,NORMAL,10.0
zRYzhAEAHAABAAAKCRtcAAsAGAB0gBAQ,2020-08-21 16:36:39,-0.79999995,-8.75,3.25,9.36829759988441,NORMAL,5.0
zRYzhAEAHAABAAAKCRtcAAsAGAB0gBAQ,2020-08-21 16:36:44,-0.5,-8.75,3.75,9.53283798246881,NORMAL,5.0
zRYzhAEAHAABAAAKCRtcAAsAGAB0gBAQ,2020-08-21 16:36:49,0.30000007,-8.25,3.75,9.067248758140476,NORMAL,5.0
zRYzhAEAHAABAAAKCRtcAAsAGAB0gBAQ,2020-08-21 16:36:54,7.4505806e-09,-8.25,3.25,8.8670739254841,NORMAL,5.0
zRYzhAEAHAABAAAKCRtcAAsAGAB0gBAQ,2020-08-21 16:37:49,-0.6,-9.25,3.25,9.822677842625197,NORMAL,55.0
zRYzhAEAHAABAAAKCRtcAAsAGAB0gBAQ,2020-08-21 16:37:56,-0.10000002,-9.0,3.75,9.750512807232244,NORMAL,7.0
zRYzhAEAHAABAAAKCRtcAAsAGAB0gBAQ,2020-08-21 16:37:58,-0.10000002,-9.0,3.75,9.750512807232244,NORMAL,2.0
zRYzhAEAHAABAAAKCRtcAAsAGAB0gBAQ,2020-08-21 16:38:54,0.6999999,-9.5,2.25,9.787875145300946,NORMAL,56.0
zRYzhAEAHAABAAAKCRtcAAsAGAB0gBAQ,2020-08-21 16:38:58,0.6999999,-9.5,2.25,9.787875145300946,NORMAL,4.0
zRYzhAEAHAABAAAKCRtcAAsAGAB0gBAQ,2020-08-21 16:39:00,-0.5,-9.0,3.75,9.762812094883317,NORMAL,2.0
zRYzhAEAHAABAAAKCRtcAAsAGAB0gBAQ,2020-08-21 16:39:05,0.49999994,-7.75,1.5,7.90964600598535,NORMAL,5.0
zRYzhAEAHAABAAAKCRtcAAsAGAB0gBAQ,2020-08-21 16:39:20,0.20000002,-9.0,3.25,9.570919496474724,NORMAL,15.0
zRYzhAEAHAABAAAKCRtcAAsAGAB0gBAQ,2020-08-21 16:39:25,0.099999934,-8.5,3.75,9.290990258675338,NORMAL,5.0
zRYzhAEAHAABAAAKCRtcAAsAGAB0gBAQ,2020-08-21 16:39:33,1.3000001,-8.5,2.25,8.888335066816508,NORMAL,8.0
zRYzhAEAHAABAAAKCRtcAAsAGAB0gBAQ,2020-08-21 16:39:48,0.39999995,-9.5,5.0,10.742904633291687,NORMAL,15.0
zRYzhAEAHAABAAAKCRtcAAsAGAB0gBAQ,2020-08-21 16:39:53,0.10000005,-8.75,3.5,9.424568956191047,NORMAL,5.0
zRYzhAEAHAABAAAKCRtcAAsAGAB0gBAQ,2020-08-21 16:39:58,-0.8000001,-9.0,4.25,9.985113928243383,NORMAL,5.0
zRYzhAEAHAABAAAKCRtcAAsAGAB0gBAQ,2020-08-21 16:40:08,0.99999994,-9.0,2.5,9.394147107641013,NORMAL,10.0
zRYzhAEAHAABAAAKCRtcAAsAGAB0gBAQ,2020-08-21 16:40:13,-0.29999995,-8.25,4.25,9.285203281027293,NORMAL,5.0
zRYzhAEAHAABAAAKCRtcAAsAGAB0gBAQ,2020-08-21 16:40:18,-0.100000076,-9.25,3.25,9.804845741530052,NORMAL,5.0
zRYzhAEAHAABAAAKCRtcAAsAGAB0gBAQ,2020-08-21 16:40:23,-0.9,-9.0,5.0,10.334892355511014,NORMAL,5.0
zRYzhAEAHAABAAAKCRtcAAsAGAB0gBAQ,2020-08-21 16:40:28,0.79999995,-8.25,3.0,8.814902150336101,NORMAL,5.0
zRYzhAEAHAABAAAKCRtcAAsAGAB0gBAQ,2020-08-21 16:40:48,0.09999994,-9.75,4.25,10.636493782633448,NORMAL,20.0
zRYzhAEAHAABAAAKCRtcAAsAGAB0gBAQ,2020-08-21 16:40:58,-0.20000006,-8.0,4.0,8.946507699879323,NORMAL,10.0
zRYzhAEAHAABAAAKCRtcAAsAGAB0gBAQ,2020-08-21 16:41:08,0.49999994,-9.25,2.25,9.532837979321792,NORMAL,10.0
zRYzhAEAHAABAAAKCRtcAAsAGAB0gBAQ,2020-08-21 16:41:14,1.6,-8.75,4.0,9.753076437719537,NORMAL,6.0
zRYzhAEAHAABAAAKCRtcAAsAGAB0gBAQ,2020-08-21 16:41:29,1.9,-9.5,1.75,9.844922549212868,NORMAL,15.0
zRYzhAEAHAABAAAKCRtcAAsAGAB0gBAQ,2020-08-21 16:41:34,0.5,-8.5,5.0,9.874208829065749,NORMAL,5.0
zRYzhAEAHAABAAAKCRtcAAsAGAB0gBAQ,2020-08-21 16:41:39,-0.40000007,-10.0,4.25,10.873017063170645,NORMAL,5.0
zRYzhAEAHAABAAAKCRtcAAsAGAB0gBAQ,2020-08-21 16:41:49,-2.5,-6.75,1.25,7.305819598101229,NORMAL,10.0
zRYzhAEAHAABAAAKCRtcAAsAGAB0gBAQ,2020-08-21 16:41:54,0.5,-8.75,2.75,9.185586535436919,NORMAL,5.0
zRYzhAEAHAABAAAKCRtcAAsAGAB0gBAQ,2020-08-21 16:41:58,0.5,-8.75,2.75,9.185586535436919,NORMAL,4.0
zRYzhAEAHAABAAAKCRtcAAsAGAB0gBAQ,2020-08-21 16:42:01,-0.49999997,-7.75,-1.5,7.9096460078817685,NORMAL,3.0
zRYzhAEAHAABAAAKCRtcAAsAGAB0gBAQ,2020-08-21 16:42:06,-0.5,-6.25,2.0,6.5812232905440915,NORMAL,5.0
zRYzhAEAHAABAAAKCRtcAAsAGAB0gBAQ,2020-08-21 16:42:11,-3.1,-9.5,6.0,11.655899793666725,NORMAL,5.0
zRYzhAEAHAABAAAKCRtcAAsAGAB0gBAQ,2020-08-21 16:42:16,-0.4,-9.0,2.5,9.34933152690608,NORMAL,5.0
zRYzhAEAHAABAAAKCRtcAAsAGAB0gBAQ,2020-08-21 16:42:21,-1.8999999,-9.0,6.25,11.120813802056036,NORMAL,5.0
zRYzhAEAHAABAAAKCRtcAAsAGAB0gBAQ,2020-08-21 16:42:31,2.3000002,-7.25,-2.5,8.006403744503523,NORMAL,10.0
zRYzhAEAHAABAAAKCRtcAAsAGAB0gBAQ,2020-08-21 16:42:41,1.0000001,-8.75,4.75,10.006248058088508,NORMAL,10.0
zRYzhAEAHAABAAAKCRtcAAsAGAB0gBAQ,2020-08-21 16:42:46,-1.3999999,-9.25,2.5,9.683620176359666,NORMAL,5.0
zRYzhAEAHAABAAAKCRtcAAsAGAB0gBAQ,2020-08-21 16:42:51,4.1000004,-7.25,-0.25,8.332766844212081,NORMAL,5.0
zRYzhAEAHAABAAAKCRtcAAsAGAB0gBAQ,2020-08-21 16:42:56,1.3000002,-8.5,3.75,9.380964796863916,NORMAL,5.0
zRYzhAEAHAABAAAKCRtcAAsAGAB0gBAQ,2020-08-21 16:42:58,1.3000002,-8.5,3.75,9.380964796863916,NORMAL,2.0
zRYzhAEAHAABAAAKCRtcAAsAGAB0gBAQ,2020-08-21 16:43:01,0.6000003,-8.5,2.75,8.953909780648903,NORMAL,3.0
zRYzhAEAHAABAAAKCRtcAAsAGAB0gBAQ,2020-08-21 16:43:11,-1.4999998,-10.25,5.5,11.728704080161629,NORMAL,10.0
zRYzhAEAHAABAAAKCRtcAAsAGAB0gBAQ,2020-08-21 16:43:16,-0.49999982,-10.0,4.5,10.9772491918513,NORMAL,5.0
zRYzhAEAHAABAAAKCRtcAAsAGAB0gBAQ,2020-08-21 16:43:26,0.30000025,-8.25,5.5,9.919803433032333,NORMAL,10.0
zRYzhAEAHAABAAAKCRtcAAsAGAB0gBAQ,2020-08-21 16:43:31,-0.19999981,-10.25,5.75,11.754360889644321,NORMAL,5.0
zRYzhAEAHAABAAAKCRtcAAsAGAB0gBAQ,2020-08-21 16:43:36,-1.5999998,-7.0,6.5,9.685556223573329,NORMAL,5.0
zRYzhAEAHAABAAAKCRtcAAsAGAB0gBAQ,2020-08-21 16:43:41,-0.6999998,-7.75,4.5,8.989021065722342,NORMAL,5.0
zRYzhAEAHAABAAAKCRtcAAsAGAB0gBAQ,2020-08-21 16:43:46,1.3000003,-7.5,4.75,8.972318584401698,NORMAL,5.0
zRYzhAEAHAABAAAKCRtcAAsAGAB0gBAQ,2020-08-21 16:43:51,0.3000002,-9.75,3.25,10.281780007372266,NORMAL,5.0
zRYzhAEAHAABAAAKCRtcAAsAGAB0gBAQ,2020-08-21 16:43:56,-0.7999997,-10.0,5.5,11.440716739785147,NORMAL,5.0
zRYzhAEAHAABAAAKCRtcAAsAGAB0gBAQ,2020-08-21 16:43:59,-0.7999997,-10.0,5.5,11.440716739785147,NORMAL,3.0
zRYzhAEAHAABAAAKCRtcAAsAGAB0gBAQ,2020-08-21 16:44:06,-0.39999983,-9.75,4.75,10.85287979588828,NORMAL,7.0
zRYzhAEAHAABAAAKCRtcAAsAGAB0gBAQ,2020-08-21 16:44:11,-1.4999998,-8.25,5.25,9.89317943838077,NORMAL,5.0
zRYzhAEAHAABAAAKCRtcAAsAGAB0gBAQ,2020-08-21 16:44:17,0.5000002,-9.5,2.75,9.902651170267488,NORMAL,6.0
zRYzhAEAHAABAAAKCRtcAAsAGAB0gBAQ,2020-08-21 16:44:32,0.40000024,-9.25,2.25,9.528116298198718,NORMAL,15.0
zRYzhAEAHAABAAAKCRtcAAsAGAB0gBAQ,2020-08-21 16:44:37,-0.49999985,-5.5,3.0,6.28490253305491,NORMAL,5.0
zRYzhAEAHAABAAAKCRtcAAsAGAB0gBAQ,2020-08-21 16:44:42,0.20000024,-10.25,3.5,10.83293589457632,NORMAL,5.0
zRYzhAEAHAABAAAKCRtcAAsAGAB0gBAQ,2020-08-21 16:44:47,-0.89999986,-8.75,3.5,9.466916063217209,NORMAL,5.0
zRYzhAEAHAABAAAKCRtcAAsAGAB0gBAQ,2020-08-21 16:44:59,0.20000017,-9.0,3.5,9.658674860869892,NORMAL,12.0
zRYzhAEAHAABAAAKCRtcAAsAGAB0gBAQ,2020-08-21 16:45:07,-0.39999977,-9.75,2.5,10.073355936131714,NORMAL,8.0
zRYzhAEAHAABAAAKCRtcAAsAGAB0gBAQ,2020-08-21 16:45:37,-0.29999983,-8.75,3.75,9.524442235532748,NORMAL,30.0
zRYzhAEAHAABAAAKCRtcAAsAGAB0gBAQ,2020-08-21 17:59:18,0.1,-8.75,3.75,9.520241593573138,NORMAL,4421.0
zRYzhAEAHAABAAAKCRtcAAsAtwB1gBAQ,2020-08-21 19:34:57,0.5,-8.400001,3.75,9.212628115798498,NORMAL,5739.0
zRYzhAEAHAABAAAKCRtcAAsAtwB1gBAQ,2020-08-21 19:35:04,0.5,-8.400001,3.75,9.212628115798498,NORMAL,7.0
zRYzhAEAHAABAAAKCRtcAAsAGAB0gBAQ,2020-08-24 11:09:31,-0.1,-8.75,3.5,9.424568955660519,NORMAL,228867.0
zRYzhAEAHAABAAAKCRtcAAsAGAB0gBAQ,2020-08-24 11:10:31,-0.1,-8.75,3.5,9.424568955660519,NORMAL,60.0
zRYzhAEAHAABAAAKCRtcAAsAGAB0gBAQ,2020-08-24 11:11:13,-0.5,-9.0,4.0,9.86154146165801,NORMAL,42.0
zRYzhAEAHAABAAAKCRtcAAsAGAB0gBAQ,2020-08-24 11:11:31,0.4,-9.0,3.75,9.75820167858812,NORMAL,18.0
zRYzhAEAHAABAAAKCRtcAAsAGAB0gBAQ,2020-08-24 11:12:31,-0.10000001,-8.75,4.0,9.621460388215501,NORMAL,60.0
zRYzhAEAHAABAAAKCRtcAAsAGAB0gBAQ,2020-08-24 11:13:31,0.29999998,-8.5,3.5,9.197282206608646,NORMAL,60.0
zRYzhAEAHAABAAAKCRtcAAsAGAB0gBAQ,2020-08-24 11:14:31,0.0,-8.5,3.5,9.192388155425117,NORMAL,60.0
zRYzhAEAHAABAAAKCRtcAAsAGAB0gBAQ,2020-08-24 11:15:41,0.20000005,-9.25,3.5,9.892042257289443,NORMAL,70.0
zRYzhAEAHAABAAAKCRtcAAsAGAB0gBAQ,2020-08-24 11:15:50,-1.4901161e-08,-9.0,3.5,9.656603957913983,NORMAL,9.0
zRYzhAEAHAABAAAKCRtcAAsAGAB0gBAQ,2020-08-24 11:16:51,-2.1000001,-7.25,6.75,10.125956765659234,NORMAL,61.0
zRYzhAEAHAABAAAKCRtcAAsAGAB0gBAQ,2020-08-24 11:16:53,-2.1000001,-7.25,6.75,10.125956765659234,NORMAL,2.0
zRYzhAEAHAABAAAKCRtcAAsAGAB0gBAQ,2020-08-24 11:16:58,0.1,-8.25,5.0,9.647408978580726,NORMAL,5.0
zRYzhAEAHAABAAAKCRtcAAsAGAB0gBAQ,2020-08-24 11:17:03,0.3999999,-10.25,2.75,10.620028244783533,NORMAL,5.0
zRYzhAEAHAABAAAKCRtcAAsAGAB0gBAQ,2020-08-24 11:17:23,1.3000001,-9.5,2.75,9.975093997552104,NORMAL,20.0
zRYzhAEAHAABAAAKCRtcAAsAGAB0gBAQ,2020-08-24 11:17:28,-0.90000015,-10.0,3.0,10.479026685241335,NORMAL,5.0
zRYzhAEAHAABAAAKCRtcAAsAGAB0gBAQ,2020-08-24 11:18:35,1.2,-7.25,2.25,7.685375722760729,NORMAL,67.0
zRYzhAEAHAABAAAKCRtcAAsAGAB0gBAQ,2020-08-24 11:18:36,1.2,-7.25,2.25,7.685375722760729,NORMAL,1.0
zRYzhAEAHAABAAAKCRtcAAsAGAB0gBAQ,2020-08-24 11:18:40,1.1,-11.0,2.75,11.391773347464387,NORMAL,4.0
zRYzhAEAHAABAAAKCRtcAAsAGAB0gBAQ,2020-08-24 11:18:45,-0.9,-9.5,4.75,10.65938553576143,NORMAL,5.0
zRYzhAEAHAABAAAKCRtcAAsAGAB0gBAQ,2020-08-24 11:18:50,-1.8000001,-12.5,6.5,14.203520702980653,ABNORMAL,5.0
zRYzhAEAHAABAAAKCRtcAAsAGAB0gBAQ,2020-08-24 11:18:55,-0.7,-7.5,3.25,8.203810090439687,NORMAL,5.0
zRYzhAEAHAABAAAKCRtcAAsAGAB0gBAQ,2020-08-24 11:19:02,0.19999996,-10.25,3.5,10.832935889406897,NORMAL,7.0
zRYzhAEAHAABAAAKCRtcAAsAGAB0gBAQ,2020-08-24 11:19:07,0.100000024,-9.25,0.5,9.264043393939819,NORMAL,5.0
zRYzhAEAHAABAAAKCRtcAAsAGAB0gBAQ,2020-08-24 11:19:12,0.39999998,-8.5,2.25,8.80184639629663,NORMAL,5.0
zRYzhAEAHAABAAAKCRtcAAsAGAB0gBAQ,2020-08-24 11:19:17,0.5,-8.75,3.25,9.347459547919959,NORMAL,5.0
zRYzhAEAHAABAAAKCRtcAAsAGAB0gBAQ,2020-08-24 11:19:28,0.3,-8.75,3.5,9.428812226362343,NORMAL,11.0
zRYzhAEAHAABAAAKCRtcAAsAGAB0gBAQ,2020-08-24 11:19:33,-1.1,-8.25,5.75,10.116076314461056,NORMAL,5.0
zRYzhAEAHAABAAAKCRtcAAsAGAB0gBAQ,2020-08-24 11:21:00,0.1,-8.75,3.5,9.424568955660519,NORMAL,87.0
zRYzhAEAHAABAAAKCRtcAAsAGAB0gBAQ,2020-08-24 11:21:05,0.1,-8.75,3.5,9.424568955660519,NORMAL,5.0
zRYzhAEAHAABAAAKCRtcAAsAGAB0gBAQ,2020-08-24 11:21:36,0.1,-8.75,3.5,9.424568955660519,NORMAL,31.0
zRYzhAEAHAABAAAKCRtcAAsAGAB0gBAQ,2020-08-24 11:23:09,0.1,-9.25,3.75,9.981733316413537,NORMAL,93.0
zRYzhAEAHAABAAAKCRtcAAsAGAB0gBAQ,2020-08-24 11:23:28,0.1,-9.0,3.75,9.750512807027127,NORMAL,19.0
zRYzhAEAHAABAAAKCRtcAAsAGAB0gBAQ,2020-08-24 11:24:28,0.2,-8.75,3.75,9.521817053483018,NORMAL,60.0
zRYzhAEAHAABAAAKCRtcAAsAGAB0gBAQ,2020-08-24 11:30:33,0.1,-8.75,3.5,9.424568955660519,NORMAL,365.0
zRYzhAEAHAABAAAKCRtcAAsAGAB0gBAQ,2020-08-24 11:30:38,0.1,-8.75,3.5,9.424568955660519,NORMAL,5.0
zRYzhAEAHAABAAAKCRtcAAsAGAB0gBAQ,2020-08-24 11:31:09,0.2,-8.75,3.5,9.426160406018985,NORMAL,31.0
zRYzhAEAHAABAAAKCRtcAAsAGAB0gBAQ,2020-08-24 11:31:44,-1.4,-10.0,5.5,11.49826073804208,NORMAL,35.0
zRYzhAEAHAABAAAKCRtcAAsAGAB0gBAQ,2020-08-24 11:32:46,-1.2,-8.75,5.0,10.149014730504632,NORMAL,62.0
zRYzhAEAHAABAAAKCRtcAAsAGAB0gBAQ,2020-08-24 11:32:51,-5.2154064e-08,-9.75,2.0,9.95301461869719,NORMAL,5.0
zRYzhAEAHAABAAAKCRtcAAsAGAB0gBAQ,2020-08-24 11:32:56,-0.8000001,-8.5,4.0,9.428149349686821,NORMAL,5.0
zRYzhAEAHAABAAAKCRtcAAsAGAB0gBAQ,2020-08-24 11:33:01,2.2,-9.5,1.75,9.907194355618547,NORMAL,5.0
zRYzhAEAHAABAAAKCRtcAAsAGAB0gBAQ,2020-08-24 11:33:06,-0.20000006,-9.5,0.75,9.531657779421165,NORMAL,5.0
zRYzhAEAHAABAAAKCRtcAAsAGAB0gBAQ,2020-08-24 11:33:16,-1.7,-6.0,2.25,6.629668166658117,NORMAL,10.0
zRYzhAEAHAABAAAKCRtcAAsAGAB0gBAQ,2020-08-24 11:33:21,2.2,-6.0,1.5,6.564297372910524,NORMAL,5.0
zRYzhAEAHAABAAAKCRtcAAsAGAB0gBAQ,2020-08-24 11:33:26,4.8,-8.5,-1.25,9.841366774996246,NORMAL,5.0
zRYzhAEAHAABAAAKCRtcAAsAGAB0gBAQ,2020-08-24 11:33:31,0.40000004,-8.5,0.75,8.542394279825768,NORMAL,5.0
zRYzhAEAHAABAAAKCRtcAAsAGAB0gBAQ,2020-08-24 11:33:36,3.2000003,-12.75,6.5,14.664668489945488,ABNORMAL,5.0
zRYzhAEAHAABAAAKCRtcAAsAGAB0gBAQ,2020-08-24 11:33:46,2.4000003,-6.5,-4.0,8.000625065580818,NORMAL,10.0
zRYzhAEAHAABAAAKCRtcAAsAGAB0gBAQ,2020-08-24 11:33:56,2.4000003,-9.0,-4.0,10.13706078900586,NORMAL,10.0
zRYzhAEAHAABAAAKCRtcAAsAGAB0gBAQ,2020-08-24 11:33:58,-5.6,-13.75,6.75,16.309046569312383,ABNORMAL,2.0
zRYzhAEAHAABAAAKCRtcAAsAGAB0gBAQ,2020-08-24 11:34:03,1.9000003,-0.25,3.5,3.99030088339214,NORMAL,5.0
zRYzhAEAHAABAAAKCRtcAAsAGAB0gBAQ,2020-08-24 11:34:08,2.9000003,-10.25,-1.75,10.795137874987985,NORMAL,5.0
zRYzhAEAHAABAAAKCRtcAAsAGAB0gBAQ,2020-08-24 11:34:13,-1.3999997,-15.0,13.0,19.898743657829257,ABNORMAL,5.0
zRYzhAEAHAABAAAKCRtcAAsAGAB0gBAQ,2020-08-24 11:34:18,1.2000003,-8.25,6.0,10.271441024510635,NORMAL,5.0
zRYzhAEAHAABAAAKCRtcAAsAGAB0gBAQ,2020-08-24 11:34:23,3.0000002,-7.75,2.0,8.547660568834027,NORMAL,5.0
zRYzhAEAHAABAAAKCRtcAAsAGAB0gBAQ,2020-08-24 11:34:28,4.3,2.0,6.25,7.845540134369334,NORMAL,5.0
zRYzhAEAHAABAAAKCRtcAAsAGAB0gBAQ,2020-08-24 11:34:33,-0.9999998,-7.5,7.75,10.831089492751873,NORMAL,5.0
zRYzhAEAHAABAAAKCRtcAAsAGAB0gBAQ,2020-08-24 11:34:38,-1.5999999,-4.25,4.75,6.571529477983037,NORMAL,5.0
zRYzhAEAHAABAAAKCRtcAAsAGAB0gBAQ,2020-08-24 11:34:43,0.8000002,-8.5,-0.75,8.57044341443312,NORMAL,5.0
zRYzhAEAHAABAAAKCRtcAAsAGAB0gBAQ,2020-08-24 11:34:48,-1.3999999,-7.5,2.25,7.9544012797947286,NORMAL,5.0
zRYzhAEAHAABAAAKCRtcAAsAGAB0gBAQ,2020-08-24 11:34:54,-0.19999982,-14.0,0.75,14.02150134357944,ABNORMAL,6.0
zRYzhAEAHAABAAAKCRtcAAsAGAB0gBAQ,2020-08-24 11:34:56,-0.19999982,-14.0,0.75,14.02150134357944,ABNORMAL,2.0
zRYzhAEAHAABAAAKCRtcAAsAGAB0gBAQ,2020-08-24 11:35:04,-0.29999983,-8.75,4.0,9.62561685805123,NORMAL,8.0
zRYzhAEAHAABAAAKCRtcAAsAGAB0gBAQ,2020-08-24 11:35:14,0.20000017,-9.75,2.75,10.132373861440369,NORMAL,10.0
zRYzhAEAHAABAAAKCRtcAAsAGAB0gBAQ,2020-08-24 11:35:19,-1.8999999,-10.0,6.25,11.94455941506425,NORMAL,5.0
zRYzhAEAHAABAAAKCRtcAAsAGAB0gBAQ,2020-08-24 11:35:24,1.1000001,-6.75,1.0,6.911765347579445,NORMAL,5.0
zRYzhAEAHAABAAAKCRtcAAsAGAB0gBAQ,2020-08-24 11:35:29,-1.0999999,-10.5,2.75,10.909743341618995,NORMAL,5.0
zRYzhAEAHAABAAAKCRtcAAsAGAB0gBAQ,2020-08-24 11:35:34,0.10000013,-13.5,5.75,14.673871337380604,ABNORMAL,5.0
zRYzhAEAHAABAAAKCRtcAAsAGAB0gBAQ,2020-08-24 11:35:39,-0.6999999,-8.0,4.25,9.08584062484039,NORMAL,5.0
zRYzhAEAHAABAAAKCRtcAAsAGAB0gBAQ,2020-08-24 11:35:44,1.2000002,-6.25,1.25,6.485753655512984,NORMAL,5.0
zRYzhAEAHAABAAAKCRtcAAsAGAB0gBAQ,2020-08-24 11:35:49,-2.3999999,-8.25,6.75,10.926344288919328,NORMAL,5.0
zRYzhAEAHAABAAAKCRtcAAsAGAB0gBAQ,2020-08-24 11:35:54,-0.9999999,-11.25,3.75,11.900630227008989,NORMAL,5.0
zRYzhAEAHAABAAAKCRtcAAsAGAB0gBAQ,2020-08-24 11:35:57,-0.9999999,-11.25,3.75,11.900630227008989,NORMAL,3.0
zRYzhAEAHAABAAAKCRtcAAsAGAB0gBAQ,2020-08-24 11:36:02,0.10000018,-7.75,2.75,8.224050099312384,NORMAL,5.0
zRYzhAEAHAABAAAKCRtcAAsAGAB0gBAQ,2020-08-24 11:36:07,-0.5999999,-8.75,2.0,8.995693407403346,NORMAL,5.0
zRYzhAEAHAABAAAKCRtcAAsAGAB0gBAQ,2020-08-24 11:36:12,2.3000002,-8.5,3.5,9.475758593379215,NORMAL,5.0
zRYzhAEAHAABAAAKCRtcAAsAGAB0gBAQ,2020-08-24 11:36:22,-2.3999999,-8.0,4.75,9.608459789164963,NORMAL,10.0
zRYzhAEAHAABAAAKCRtcAAsAGAB0gBAQ,2020-08-24 11:36:27,-0.29999992,-9.0,3.75,9.754614290273091,NORMAL,5.0
zRYzhAEAHAABAAAKCRtcAAsAGAB0gBAQ,2020-08-24 11:36:33,2.0000002,-10.25,1.0,10.491067667306318,NORMAL,6.0
zRYzhAEAHAABAAAKCRtcAAsAGAB0gBAQ,2020-08-24 11:36:38,0.10000008,-8.75,3.25,9.33461300836837,NORMAL,5.0
zRYzhAEAHAABAAAKCRtcAAsAGAB0gBAQ,2020-08-24 11:36:43,2.0861626e-07,-9.25,3.25,9.804335775563791,NORMAL,5.0
zRYzhAEAHAABAAAKCRtcAAsAGAB0gBAQ,2020-08-24 11:36:57,8.195639e-08,-9.25,3.5,9.89002022242624,NORMAL,14.0
zRYzhAEAHAABAAAKCRtcAAsAGAB0gBAQ,2020-08-24 12:12:41,0.0,-9.25,3.25,9.80433577556379,NORMAL,2144.0
zRYzhAEAHAABAAAKCRtcAAsAGAB0gBAQ,2020-08-24 12:12:58,-0.2,-8.5,3.5,9.194563611178076,NORMAL,17.0
zRYzhAEAHAABAAAKCRtcAAsAGAB0gBAQ,2020-08-24 12:13:18,-0.6,-10.5,3.0,10.936635680134911,NORMAL,20.0
zRYzhAEAHAABAAAKCRtcAAsAGAB0gBAQ,2020-08-24 12:13:27,-0.5,-10.25,2.5,10.562315087138805,NORMAL,9.0
zRYzhAEAHAABAAAKCRtcAAsAGAB0gBAQ,2020-08-24 12:13:55,-0.19999999,-8.75,3.5,9.42616040580681,NORMAL,28.0
zRYzhAEAHAABAAAKCRtcAAsAGAB0gBAQ,2020-08-24 12:14:00,-0.19999999,-9.0,3.75,9.75205106610912,NORMAL,5.0
zRYzhAEAHAABAAAKCRtcAAsAGAB0gBAQ,2020-08-24 12:14:50,-0.09999999,-9.0,3.75,9.750512806924567,NORMAL,50.0
zRYzhAEAHAABAAAKCRtcAAsAGAB0gBAQ,2020-08-24 12:15:51,-0.09999999,-9.0,3.75,9.750512806924567,NORMAL,61.0
zRYzhAEAHAABAAAKCRtcAAsAGAB0gBAQ,2020-08-24 12:16:51,-0.09999999,-9.0,3.75,9.750512806924567,NORMAL,60.0
zRYzhAEAHAABAAAKCRtcAAsAGAB0gBAQ,2020-08-24 12:18:20,-0.1,-8.5,3.75,9.290990259385703,NORMAL,89.0
zRYzhAEAHAABAAAKCRtcAAsAGAB0gBAQ,2020-08-24 12:19:20,-0.1,-8.75,3.75,9.520241593573138,NORMAL,60.0
zRYzhAEAHAABAAAKCRtcAAsAGAB0gBAQ,2020-08-24 12:20:20,-0.3,-9.0,3.25,9.573531218939019,NORMAL,60.0
zRYzhAEAHAABAAAKCRtcAAsAGAB0gBAQ,2020-08-24 12:20:50,-0.6,-8.5,3.25,9.119895832738441,NORMAL,30.0
zRYzhAEAHAABAAAKCRtcAAsAGAB0gBAQ,2020-08-24 12:20:55,0.6,-8.75,3.5,9.443119188064927,NORMAL,5.0
zRYzhAEAHAABAAAKCRtcAAsAGAB0gBAQ,2020-08-24 12:21:00,0.5,-10.0,4.0,10.781929326423912,NORMAL,5.0
zRYzhAEAHAABAAAKCRtcAAsAGAB0gBAQ,2020-08-24 12:21:05,-0.19999999,-12.25,2.5,12.50409932766051,NORMAL,5.0
zRYzhAEAHAABAAAKCRtcAAsAGAB0gBAQ,2020-08-24 12:21:10,2.7,-7.5,0.0,7.971198153351853,NORMAL,5.0
zRYzhAEAHAABAAAKCRtcAAsAGAB0gBAQ,2020-08-24 12:21:15,-1.1,-9.75,3.0,10.260238788644248,NORMAL,5.0
zRYzhAEAHAABAAAKCRtcAAsAGAB0gBAQ,2020-08-24 12:21:20,-1.1,-9.75,3.0,10.260238788644248,NORMAL,5.0
zRYzhAEAHAABAAAKCRtcAAsAGAB0gBAQ,2020-08-24 12:21:22,7.4505806e-09,-6.0,6.25,8.663861725581729,NORMAL,2.0
zRYzhAEAHAABAAAKCRtcAAsAGAB0gBAQ,2020-08-24 12:21:27,-1.7,-8.75,3.5,9.576142229520194,NORMAL,5.0
zRYzhAEAHAABAAAKCRtcAAsAGAB0gBAQ,2020-08-24 12:21:32,-1.2,-8.5,3.25,9.178916058010335,NORMAL,5.0
zRYzhAEAHAABAAAKCRtcAAsAGAB0gBAQ,2020-08-24 12:21:37,-3.1000001,-9.25,2.75,10.135827574500269,NORMAL,5.0
zRYzhAEAHAABAAAKCRtcAAsAGAB0gBAQ,2020-08-24 12:21:42,-0.10000003,-8.75,2.0,8.976218580560525,NORMAL,5.0
zRYzhAEAHAABAAAKCRtcAAsAGAB0gBAQ,2020-08-24 12:22:10,-0.2000001,-9.75,3.5,10.361105155339366,NORMAL,28.0
